agency_name,year_month,incidents_total
Aberdeen Twp PD,2020-10,1
Aberdeen Twp PD,2020-11,1
Aberdeen Twp PD,2021-02,1
Aberdeen Twp PD,2021-05,3
Aberdeen Twp PD,2021-06,1
Aberdeen Twp PD,2021-07,1
Aberdeen Twp PD,2021-08,3
Aberdeen Twp PD,2021-09,1
Aberdeen Twp PD,2021-10,2
Aberdeen Twp PD,2021-12,1
Aberdeen Twp PD,2022-01,2
Aberdeen Twp PD,2022-02,2
Aberdeen Twp PD,2022-04,2
Aberdeen Twp PD,2022-05,1
Aberdeen Twp PD,2022-06,5
Aberdeen Twp PD,2022-09,1
Aberdeen Twp PD,2022-10,3
Aberdeen Twp PD,2022-12,1
Aberdeen Twp PD,2023-01,3
Aberdeen Twp PD,2023-07,1
Aberdeen Twp PD,2023-08,2
Aberdeen Twp PD,2023-10,1
Aberdeen Twp PD,2023-11,4
Aberdeen Twp PD,2023-12,2
Aberdeen Twp PD,2024-01,1
Aberdeen Twp PD,2024-02,2
Aberdeen Twp PD,2024-04,1
Aberdeen Twp PD,2024-05,2
Aberdeen Twp PD,2024-06,2
Aberdeen Twp PD,2024-08,2
Aberdeen Twp PD,2024-09,1
Aberdeen Twp PD,2024-10,3
Aberdeen Twp PD,2024-12,1
Aberdeen Twp PD,2025-01,1
Aberdeen Twp PD,2025-03,3
Aberdeen Twp PD,2025-08,3
Aberdeen Twp PD,2025-09,2
Aberdeen Twp PD,2025-10,1
Aberdeen Twp PD,2025-11,3
Aberdeen Twp PD,2025-12,1
Aberdeen Twp PD,2026-01,1
Aberdeen Twp PD,2026-02,1
Aberdeen Twp PD,2026-03,1
Aberdeen Twp PD,2026-05,5
Aberdeen Twp PD,2026-06,1
Aberdeen Twp PD,2026-07,2
Aberdeen Twp PD,2026-08,2
Absecon City PD,2020-10,3
Absecon City PD,2020-11,2
Absecon City PD,2021-07,2
Absecon City PD,2021-08,2
Absecon City PD,2021-09,1
Absecon City PD,2021-10,1
Absecon City PD,2021-11,1
Absecon City PD,2021-12,1
Absecon City PD,2022-03,3
Absecon City PD,2022-05,2
Absecon City PD,2022-06,4
Absecon City PD,2022-07,1
Absecon City PD,2022-09,3
Absecon City PD,2022-12,3
Absecon City PD,2023-01,2
Absecon City PD,2023-02,1
Absecon City PD,2023-03,4
Absecon City PD,2023-05,2
Absecon City PD,2023-06,1
Absecon City PD,2023-09,3
Absecon City PD,2023-10,3
Absecon City PD,2023-11,4
Absecon City PD,2024-01,2
Absecon City PD,2024-02,1
Absecon City PD,2024-03,2
Absecon City PD,2024-06,1
Absecon City PD,2024-07,6
Absecon City PD,2024-08,1
Absecon City PD,2024-09,6
Absecon City PD,2024-11,2
Absecon City PD,2025-01,3
Absecon City PD,2025-02,2
Absecon City PD,2025-05,4
Absecon City PD,2025-06,3
Absecon City PD,2025-07,2
Absecon City PD,2025-08,2
Absecon City PD,2025-10,1
Absecon City PD,2025-11,2
Absecon City PD,2026-01,1
Absecon City PD,2026-05,1
Absecon City PD,2026-07,3
Absecon City PD,2026-08,1
Allendale PD,2021-04,2
Allendale PD,2021-08,1
Allendale PD,2022-01,1
Allendale PD,2022-02,2
Allendale PD,2023-02,1
Allendale PD,2023-04,1
Allendale PD,2023-11,2
Allendale PD,2024-01,1
Allendale PD,2024-04,1
Allendale PD,2024-08,1
Allendale PD,2025-03,1
Allendale PD,2025-05,1
Allenhurst PD,2021-04,1
Allenhurst PD,2021-05,1
Allenhurst PD,2021-07,1
Allenhurst PD,2021-08,1
Allenhurst PD,2021-10,1
Allenhurst PD,2022-01,1
Allenhurst PD,2022-07,2
Allenhurst PD,2023-05,2
Allenhurst PD,2024-09,1
Allentown Boro PD,2022-05,1
Allentown Boro PD,2023-10,1
Allentown Boro PD,2024-04,1
Allentown Boro PD,2024-11,1
Alpine PD,2023-08,2
Alpine PD,2024-03,1
Alpine PD,2024-11,1
Andover Twp PD,2021-06,1
Andover Twp PD,2021-10,1
Andover Twp PD,2022-04,1
Andover Twp PD,2023-04,1
Andover Twp PD,2026-05,1
Asbury Park PD,2020-10,5
Asbury Park PD,2020-11,7
Asbury Park PD,2020-12,3
Asbury Park PD,2021-01,3
Asbury Park PD,2021-02,6
Asbury Park PD,2021-03,4
Asbury Park PD,2021-04,11
Asbury Park PD,2021-05,4
Asbury Park PD,2021-06,6
Asbury Park PD,2021-07,7
Asbury Park PD,2021-08,8
Asbury Park PD,2021-09,11
Asbury Park PD,2021-10,4
Asbury Park PD,2021-11,2
Asbury Park PD,2021-12,3
Asbury Park PD,2022-01,5
Asbury Park PD,2022-02,3
Asbury Park PD,2022-03,7
Asbury Park PD,2022-04,4
Asbury Park PD,2022-05,3
Asbury Park PD,2022-06,5
Asbury Park PD,2022-07,3
Asbury Park PD,2022-08,3
Asbury Park PD,2022-09,10
Asbury Park PD,2022-10,3
Asbury Park PD,2022-11,5
Asbury Park PD,2022-12,4
Asbury Park PD,2023-01,5
Asbury Park PD,2023-02,10
Asbury Park PD,2023-03,5
Asbury Park PD,2023-04,4
Asbury Park PD,2023-05,10
Asbury Park PD,2023-06,10
Asbury Park PD,2023-07,11
Asbury Park PD,2023-08,6
Asbury Park PD,2023-09,5
Asbury Park PD,2023-10,8
Asbury Park PD,2023-11,5
Asbury Park PD,2023-12,4
Asbury Park PD,2024-01,7
Asbury Park PD,2024-02,10
Asbury Park PD,2024-03,9
Asbury Park PD,2024-04,8
Asbury Park PD,2024-05,9
Asbury Park PD,2024-06,6
Asbury Park PD,2024-07,4
Asbury Park PD,2024-08,4
Asbury Park PD,2024-09,9
Asbury Park PD,2024-10,3
Asbury Park PD,2024-11,9
Asbury Park PD,2024-12,6
Asbury Park PD,2025-01,3
Asbury Park PD,2025-02,7
Asbury Park PD,2025-03,6
Asbury Park PD,2025-04,8
Asbury Park PD,2025-05,5
Asbury Park PD,2025-06,6
Asbury Park PD,2025-07,8
Asbury Park PD,2025-08,10
Asbury Park PD,2025-09,8
Asbury Park PD,2025-10,3
Asbury Park PD,2025-11,7
Asbury Park PD,2025-12,6
Asbury Park PD,2026-01,5
Asbury Park PD,2026-02,3
Asbury Park PD,2026-03,14
Asbury Park PD,2026-04,9
Asbury Park PD,2026-05,3
Asbury Park PD,2026-06,2
Asbury Park PD,2026-07,1
Asbury Park PD,2026-08,4
Atlantic City PD,2020-10,10
Atlantic City PD,2020-11,7
Atlantic City PD,2020-12,5
Atlantic City PD,2021-01,3
Atlantic City PD,2021-02,3
Atlantic City PD,2021-03,11
Atlantic City PD,2021-04,1
Atlantic City PD,2021-05,7
Atlantic City PD,2021-06,6
Atlantic City PD,2021-07,9
Atlantic City PD,2021-08,6
Atlantic City PD,2021-09,5
Atlantic City PD,2021-10,6
Atlantic City PD,2021-11,10
Atlantic City PD,2021-12,6
Atlantic City PD,2022-01,5
Atlantic City PD,2022-02,4
Atlantic City PD,2022-03,5
Atlantic City PD,2022-04,6
Atlantic City PD,2022-05,5
Atlantic City PD,2022-06,6
Atlantic City PD,2022-07,10
Atlantic City PD,2022-08,11
Atlantic City PD,2022-09,4
Atlantic City PD,2022-10,6
Atlantic City PD,2022-11,8
Atlantic City PD,2022-12,7
Atlantic City PD,2023-01,6
Atlantic City PD,2023-02,11
Atlantic City PD,2023-03,4
Atlantic City PD,2023-04,14
Atlantic City PD,2023-05,14
Atlantic City PD,2023-06,14
Atlantic City PD,2023-07,7
Atlantic City PD,2023-08,19
Atlantic City PD,2023-09,19
Atlantic City PD,2023-10,9
Atlantic City PD,2023-11,11
Atlantic City PD,2023-12,14
Atlantic City PD,2024-01,11
Atlantic City PD,2024-02,15
Atlantic City PD,2024-03,11
Atlantic City PD,2024-04,9
Atlantic City PD,2024-05,10
Atlantic City PD,2024-06,11
Atlantic City PD,2024-07,17
Atlantic City PD,2024-08,18
Atlantic City PD,2024-09,15
Atlantic City PD,2024-10,11
Atlantic City PD,2024-11,8
Atlantic City PD,2024-12,7
Atlantic City PD,2025-01,14
Atlantic City PD,2025-02,4
Atlantic City PD,2025-03,13
Atlantic City PD,2025-04,12
Atlantic City PD,2025-05,15
Atlantic City PD,2025-06,21
Atlantic City PD,2025-07,17
Atlantic City PD,2025-08,26
Atlantic City PD,2025-09,12
Atlantic City PD,2025-10,18
Atlantic City PD,2025-11,16
Atlantic City PD,2025-12,11
Atlantic City PD,2026-01,13
Atlantic City PD,2026-02,11
Atlantic City PD,2026-03,10
Atlantic City PD,2026-04,13
Atlantic City PD,2026-05,14
Atlantic City PD,2026-06,6
Atlantic City PD,2026-07,15
Atlantic City PD,2026-08,11
Atlantic Co Corrections,2020-12,1
Atlantic Co Corrections,2023-04,1
Atlantic Co Corrections,2023-05,1
Atlantic Co Corrections,2024-08,1
Atlantic Co Corrections,2025-07,1
Atlantic Co Corrections,2025-09,1
Atlantic Co Sheriffs Office,2020-11,1
Atlantic Co Sheriffs Office,2021-01,1
Atlantic Co Sheriffs Office,2021-02,1
Atlantic Co Sheriffs Office,2021-03,1
Atlantic Co Sheriffs Office,2021-06,1
Atlantic Co Sheriffs Office,2021-07,2
Atlantic Co Sheriffs Office,2021-08,3
Atlantic Co Sheriffs Office,2021-09,1
Atlantic Co Sheriffs Office,2021-10,1
Atlantic Co Sheriffs Office,2021-12,5
Atlantic Co Sheriffs Office,2022-02,1
Atlantic Co Sheriffs Office,2022-09,1
Atlantic Co Sheriffs Office,2022-10,1
Atlantic Co Sheriffs Office,2023-01,2
Atlantic Co Sheriffs Office,2023-03,3
Atlantic Co Sheriffs Office,2023-04,3
Atlantic Co Sheriffs Office,2023-05,1
Atlantic Co Sheriffs Office,2023-06,4
Atlantic Co Sheriffs Office,2023-07,1
Atlantic Co Sheriffs Office,2023-09,1
Atlantic Co Sheriffs Office,2023-10,2
Atlantic Co Sheriffs Office,2024-01,2
Atlantic Co Sheriffs Office,2024-02,1
Atlantic Co Sheriffs Office,2024-03,3
Atlantic Co Sheriffs Office,2024-04,2
Atlantic Co Sheriffs Office,2024-06,3
Atlantic Co Sheriffs Office,2024-07,5
Atlantic Co Sheriffs Office,2024-09,2
Atlantic Co Sheriffs Office,2024-10,2
Atlantic Co Sheriffs Office,2025-02,2
Atlantic Co Sheriffs Office,2025-03,2
Atlantic Co Sheriffs Office,2025-04,5
Atlantic Co Sheriffs Office,2025-05,1
Atlantic Co Sheriffs Office,2025-06,5
Atlantic Co Sheriffs Office,2025-07,4
Atlantic Co Sheriffs Office,2025-09,8
Atlantic Co Sheriffs Office,2025-10,1
Atlantic Co Sheriffs Office,2025-11,2
Atlantic Co Sheriffs Office,2025-12,2
Atlantic Co Sheriffs Office,2026-01,1
Atlantic Co Sheriffs Office,2026-03,2
Atlantic Co Sheriffs Office,2026-04,2
Atlantic Co Sheriffs Office,2026-05,6
Atlantic Co Sheriffs Office,2026-06,2
Atlantic Co Sheriffs Office,2026-07,5
Atlantic Co Sheriffs Office,2026-08,1
Atlantic County Prosecutors Office,2020-10,1
Atlantic County Prosecutors Office,2020-11,1
Atlantic County Prosecutors Office,2021-09,1
Atlantic County Prosecutors Office,2022-06,1
Atlantic County Prosecutors Office,2022-08,1
Atlantic County Prosecutors Office,2023-02,1
Atlantic County Prosecutors Office,2023-11,2
Atlantic County Prosecutors Office,2023-12,2
Atlantic County Prosecutors Office,2024-01,1
Atlantic County Prosecutors Office,2024-04,1
Atlantic County Prosecutors Office,2024-05,1
Atlantic County Prosecutors Office,2024-08,1
Atlantic County Prosecutors Office,2025-01,1
Atlantic County Prosecutors Office,2025-08,1
Atlantic County Prosecutors Office,2025-10,1
Atlantic County Prosecutors Office,2026-01,1
Atlantic County Prosecutors Office,2026-07,1
Atlantic Highlands PD,2021-08,1
Atlantic Highlands PD,2021-12,1
Atlantic Highlands PD,2022-04,1
Atlantic Highlands PD,2022-06,1
Atlantic Highlands PD,2022-10,1
Atlantic Highlands PD,2023-03,1
Atlantic Highlands PD,2023-05,2
Atlantic Highlands PD,2023-06,1
Atlantic Highlands PD,2023-07,1
Atlantic Highlands PD,2023-10,2
Atlantic Highlands PD,2023-12,1
Atlantic Highlands PD,2024-02,1
Atlantic Highlands PD,2024-06,1
Atlantic Highlands PD,2024-07,1
Atlantic Highlands PD,2024-08,2
Atlantic Highlands PD,2025-01,1
Atlantic Highlands PD,2025-02,1
Atlantic Highlands PD,2025-06,1
Atlantic Highlands PD,2025-09,1
Atlantic Highlands PD,2025-10,1
Atlantic Highlands PD,2026-08,1
Audubon PD,2020-10,1
Audubon PD,2020-11,2
Audubon PD,2021-03,1
Audubon PD,2021-05,1
Audubon PD,2021-08,2
Audubon PD,2021-10,1
Audubon PD,2021-11,1
Audubon PD,2022-01,1
Audubon PD,2022-02,1
Audubon PD,2022-06,1
Audubon PD,2022-12,2
Audubon PD,2023-01,1
Audubon PD,2023-02,1
Audubon PD,2023-03,1
Audubon PD,2023-04,1
Audubon PD,2023-05,1
Audubon PD,2023-06,2
Audubon PD,2023-07,2
Audubon PD,2023-08,3
Audubon PD,2023-09,1
Audubon PD,2023-10,1
Audubon PD,2024-02,1
Audubon PD,2024-06,1
Audubon PD,2024-07,2
Audubon PD,2024-08,1
Audubon PD,2025-01,2
Audubon PD,2025-02,1
Audubon PD,2025-03,1
Audubon PD,2025-08,2
Audubon PD,2025-11,1
Audubon PD,2025-12,1
Avalon Boro PD,2020-12,2
Avalon Boro PD,2022-05,1
Avalon Boro PD,2023-08,1
Avalon Boro PD,2025-08,1
Avon-By-The-Sea PD,2021-06,1
Avon-By-The-Sea PD,2021-07,2
Avon-By-The-Sea PD,2021-08,2
Avon-By-The-Sea PD,2021-09,1
Avon-By-The-Sea PD,2021-10,1
Avon-By-The-Sea PD,2021-11,1
Avon-By-The-Sea PD,2022-06,1
Avon-By-The-Sea PD,2022-08,1
Avon-By-The-Sea PD,2022-09,1
Avon-By-The-Sea PD,2023-01,1
Avon-By-The-Sea PD,2023-03,1
Avon-By-The-Sea PD,2023-05,1
Avon-By-The-Sea PD,2023-11,1
Avon-By-The-Sea PD,2024-04,1
Avon-By-The-Sea PD,2024-07,2
Avon-By-The-Sea PD,2025-02,1
Avon-By-The-Sea PD,2025-03,1
Avon-By-The-Sea PD,2025-04,1
Avon-By-The-Sea PD,2025-07,2
Avon-By-The-Sea PD,2026-04,1
Avon-By-The-Sea PD,2026-05,1
Avon-By-The-Sea PD,2026-06,1
Avon-By-The-Sea PD,2026-08,1
Barnegat Twp PD,2020-10,4
Barnegat Twp PD,2020-11,3
Barnegat Twp PD,2020-12,3
Barnegat Twp PD,2021-01,4
Barnegat Twp PD,2021-02,1
Barnegat Twp PD,2021-03,2
Barnegat Twp PD,2021-04,2
Barnegat Twp PD,2021-05,6
Barnegat Twp PD,2021-06,1
Barnegat Twp PD,2021-07,1
Barnegat Twp PD,2021-08,4
Barnegat Twp PD,2021-09,2
Barnegat Twp PD,2021-10,1
Barnegat Twp PD,2021-11,1
Barnegat Twp PD,2021-12,5
Barnegat Twp PD,2022-01,5
Barnegat Twp PD,2022-02,4
Barnegat Twp PD,2022-03,1
Barnegat Twp PD,2022-04,1
Barnegat Twp PD,2022-05,4
Barnegat Twp PD,2022-06,4
Barnegat Twp PD,2022-08,2
Barnegat Twp PD,2022-09,3
Barnegat Twp PD,2022-10,4
Barnegat Twp PD,2022-11,5
Barnegat Twp PD,2022-12,5
Barnegat Twp PD,2023-01,2
Barnegat Twp PD,2023-02,4
Barnegat Twp PD,2023-03,5
Barnegat Twp PD,2023-04,1
Barnegat Twp PD,2023-05,5
Barnegat Twp PD,2023-06,3
Barnegat Twp PD,2023-07,1
Barnegat Twp PD,2023-08,3
Barnegat Twp PD,2023-09,3
Barnegat Twp PD,2023-10,1
Barnegat Twp PD,2023-11,1
Barnegat Twp PD,2023-12,1
Barnegat Twp PD,2024-01,1
Barnegat Twp PD,2024-02,2
Barnegat Twp PD,2024-03,1
Barnegat Twp PD,2024-04,3
Barnegat Twp PD,2024-05,1
Barnegat Twp PD,2024-06,1
Barnegat Twp PD,2024-07,6
Barnegat Twp PD,2024-08,1
Barnegat Twp PD,2024-09,4
Barnegat Twp PD,2024-10,2
Barnegat Twp PD,2024-11,2
Barnegat Twp PD,2024-12,2
Barnegat Twp PD,2025-02,1
Barnegat Twp PD,2025-03,5
Barnegat Twp PD,2025-05,2
Barnegat Twp PD,2025-06,2
Barnegat Twp PD,2025-07,3
Barnegat Twp PD,2025-08,2
Barnegat Twp PD,2025-09,1
Barnegat Twp PD,2025-10,1
Barnegat Twp PD,2025-11,5
Barnegat Twp PD,2025-12,4
Barnegat Twp PD,2026-01,3
Barnegat Twp PD,2026-02,1
Barnegat Twp PD,2026-03,1
Barnegat Twp PD,2026-04,3
Barnegat Twp PD,2026-05,3
Barnegat Twp PD,2026-06,1
Barnegat Twp PD,2026-07,3
Barnegat Twp PD,2026-08,3
Barrington PD,2021-05,1
Barrington PD,2021-06,1
Barrington PD,2021-08,1
Barrington PD,2021-09,2
Barrington PD,2021-10,1
Barrington PD,2021-11,1
Barrington PD,2021-12,1
Barrington PD,2022-04,1
Barrington PD,2022-08,2
Barrington PD,2022-09,1
Barrington PD,2022-11,2
Barrington PD,2023-04,1
Barrington PD,2023-09,2
Barrington PD,2023-10,2
Barrington PD,2024-01,1
Barrington PD,2024-03,1
Barrington PD,2024-06,2
Barrington PD,2024-07,1
Barrington PD,2024-10,2
Barrington PD,2024-12,1
Barrington PD,2025-01,1
Barrington PD,2025-03,1
Barrington PD,2025-05,2
Barrington PD,2025-06,2
Barrington PD,2025-11,1
Barrington PD,2025-12,1
Barrington PD,2026-01,1
Barrington PD,2026-03,1
Barrington PD,2026-04,3
Barrington PD,2026-05,1
Bayhead Boro PD,2021-10,1
Bayhead Boro PD,2022-07,1
Bayhead Boro PD,2023-11,1
Bayhead Boro PD,2026-07,1
Bayonne PD,2020-10,6
Bayonne PD,2020-11,13
Bayonne PD,2020-12,7
Bayonne PD,2021-01,7
Bayonne PD,2021-02,9
Bayonne PD,2021-03,8
Bayonne PD,2021-04,14
Bayonne PD,2021-05,8
Bayonne PD,2021-06,11
Bayonne PD,2021-07,1
Bayonne PD,2021-08,3
Bayonne PD,2021-09,1
Bayonne PD,2021-10,4
Bayonne PD,2021-11,9
Bayonne PD,2021-12,4
Bayonne PD,2022-01,8
Bayonne PD,2022-02,7
Bayonne PD,2022-03,10
Bayonne PD,2022-04,10
Bayonne PD,2022-05,9
Bayonne PD,2022-06,5
Bayonne PD,2022-07,6
Bayonne PD,2022-08,2
Bayonne PD,2022-09,6
Bayonne PD,2022-10,6
Bayonne PD,2022-11,5
Bayonne PD,2022-12,8
Bayonne PD,2023-01,4
Bayonne PD,2023-02,4
Bayonne PD,2023-04,4
Bayonne PD,2023-05,6
Bayonne PD,2023-06,9
Bayonne PD,2023-07,8
Bayonne PD,2023-08,3
Bayonne PD,2023-09,3
Bayonne PD,2023-10,11
Bayonne PD,2023-11,10
Bayonne PD,2023-12,5
Bayonne PD,2024-01,2
Bayonne PD,2024-02,5
Bayonne PD,2024-03,1
Bayonne PD,2024-04,5
Bayonne PD,2024-05,2
Bayonne PD,2024-06,4
Bayonne PD,2024-07,9
Bayonne PD,2024-08,7
Bayonne PD,2024-09,9
Bayonne PD,2024-10,11
Bayonne PD,2024-11,4
Bayonne PD,2024-12,3
Bayonne PD,2025-01,11
Bayonne PD,2025-02,10
Bayonne PD,2025-03,2
Bayonne PD,2025-04,1
Bayonne PD,2025-05,11
Bayonne PD,2025-06,8
Bayonne PD,2025-07,10
Bayonne PD,2025-08,7
Bayonne PD,2025-09,3
Bayonne PD,2025-10,4
Bayonne PD,2025-11,8
Bayonne PD,2025-12,4
Bayonne PD,2026-01,8
Bayonne PD,2026-02,5
Bayonne PD,2026-03,6
Bayonne PD,2026-04,8
Bayonne PD,2026-05,7
Bayonne PD,2026-06,7
Bayonne PD,2026-07,4
Bayonne PD,2026-08,4
Beach Haven PD,2021-07,1
Beach Haven PD,2021-09,1
Beach Haven PD,2022-06,1
Beach Haven PD,2024-03,1
Beach Haven PD,2024-07,1
Beach Haven PD,2024-10,1
Beach Haven PD,2026-07,2
Beachwood Boro PD,2020-10,2
Beachwood Boro PD,2020-12,1
Beachwood Boro PD,2021-05,1
Beachwood Boro PD,2021-06,2
Beachwood Boro PD,2021-07,1
Beachwood Boro PD,2021-08,2
Beachwood Boro PD,2021-11,1
Beachwood Boro PD,2021-12,1
Beachwood Boro PD,2022-07,1
Beachwood Boro PD,2022-10,1
Beachwood Boro PD,2022-12,1
Beachwood Boro PD,2023-01,1
Beachwood Boro PD,2023-05,2
Beachwood Boro PD,2023-06,1
Beachwood Boro PD,2023-09,3
Beachwood Boro PD,2023-10,1
Beachwood Boro PD,2023-11,2
Beachwood Boro PD,2024-03,1
Beachwood Boro PD,2024-08,1
Beachwood Boro PD,2024-09,1
Beachwood Boro PD,2024-11,1
Beachwood Boro PD,2025-10,1
Beachwood Boro PD,2026-02,1
Bedminster Twp PD,2023-01,1
Bedminster Twp PD,2023-10,1
Bedminster Twp PD,2023-11,1
Bedminster Twp PD,2024-02,1
Bedminster Twp PD,2024-05,1
Bedminster Twp PD,2025-04,1
Bedminster Twp PD,2025-11,1
Bedminster Twp PD,2026-02,1
Belleville PD,2020-10,2
Belleville PD,2020-11,3
Belleville PD,2020-12,1
Belleville PD,2021-02,4
Belleville PD,2021-03,1
Belleville PD,2021-04,1
Belleville PD,2021-06,1
Belleville PD,2021-07,1
Belleville PD,2021-08,1
Belleville PD,2021-10,3
Belleville PD,2021-11,2
Belleville PD,2021-12,1
Belleville PD,2022-01,6
Belleville PD,2022-02,2
Belleville PD,2022-03,2
Belleville PD,2022-04,5
Belleville PD,2022-05,2
Belleville PD,2022-06,5
Belleville PD,2022-07,3
Belleville PD,2022-08,3
Belleville PD,2022-09,4
Belleville PD,2022-11,3
Belleville PD,2022-12,2
Belleville PD,2023-01,5
Belleville PD,2023-03,5
Belleville PD,2023-04,2
Belleville PD,2023-05,4
Belleville PD,2023-06,4
Belleville PD,2023-07,3
Belleville PD,2023-08,5
Belleville PD,2023-09,2
Belleville PD,2023-10,6
Belleville PD,2023-11,4
Belleville PD,2023-12,1
Belleville PD,2024-01,5
Belleville PD,2024-02,5
Belleville PD,2024-03,2
Belleville PD,2024-04,5
Belleville PD,2024-05,4
Belleville PD,2024-06,1
Belleville PD,2024-07,7
Belleville PD,2024-08,4
Belleville PD,2024-09,8
Belleville PD,2024-10,2
Belleville PD,2024-11,4
Belleville PD,2024-12,3
Belleville PD,2025-01,1
Belleville PD,2025-02,3
Belleville PD,2025-03,4
Belleville PD,2025-04,2
Belleville PD,2025-05,2
Belleville PD,2025-06,8
Belleville PD,2025-07,5
Belleville PD,2025-08,1
Belleville PD,2025-09,4
Belleville PD,2025-10,2
Belleville PD,2025-11,3
Belleville PD,2025-12,3
Belleville PD,2026-01,6
Belleville PD,2026-02,4
Belleville PD,2026-03,8
Belleville PD,2026-04,3
Belleville PD,2026-05,6
Belleville PD,2026-06,3
Belleville PD,2026-07,6
Belleville PD,2026-08,2
Bellmawr PD,2020-11,2
Bellmawr PD,2020-12,1
Bellmawr PD,2021-01,1
Bellmawr PD,2021-02,1
Bellmawr PD,2021-04,2
Bellmawr PD,2021-05,3
Bellmawr PD,2021-06,1
Bellmawr PD,2021-07,1
Bellmawr PD,2021-08,7
Bellmawr PD,2021-09,3
Bellmawr PD,2021-11,1
Bellmawr PD,2022-01,2
Bellmawr PD,2022-02,1
Bellmawr PD,2022-03,1
Bellmawr PD,2022-04,3
Bellmawr PD,2022-05,4
Bellmawr PD,2022-07,4
Bellmawr PD,2022-08,1
Bellmawr PD,2022-09,4
Bellmawr PD,2022-10,1
Bellmawr PD,2022-12,1
Bellmawr PD,2023-01,3
Bellmawr PD,2023-02,1
Bellmawr PD,2023-05,2
Bellmawr PD,2023-06,1
Bellmawr PD,2023-07,1
Bellmawr PD,2023-10,1
Bellmawr PD,2023-11,6
Bellmawr PD,2023-12,1
Bellmawr PD,2024-03,4
Bellmawr PD,2024-07,1
Bellmawr PD,2024-08,1
Bellmawr PD,2024-10,1
Bellmawr PD,2024-11,2
Bellmawr PD,2024-12,1
Bellmawr PD,2025-03,1
Bellmawr PD,2025-05,1
Bellmawr PD,2025-07,1
Bellmawr PD,2025-08,3
Bellmawr PD,2025-09,2
Bellmawr PD,2025-10,1
Bellmawr PD,2025-11,1
Bellmawr PD,2026-01,1
Bellmawr PD,2026-04,2
Belmar PD,2021-01,3
Belmar PD,2021-03,1
Belmar PD,2021-05,4
Belmar PD,2021-06,4
Belmar PD,2021-07,5
Belmar PD,2021-08,5
Belmar PD,2021-09,4
Belmar PD,2021-11,1
Belmar PD,2022-02,1
Belmar PD,2022-03,2
Belmar PD,2022-04,1
Belmar PD,2022-05,1
Belmar PD,2022-06,1
Belmar PD,2022-07,4
Belmar PD,2022-08,1
Belmar PD,2023-03,1
Belmar PD,2023-04,2
Belmar PD,2023-05,3
Belmar PD,2023-06,3
Belmar PD,2023-07,3
Belmar PD,2023-08,3
Belmar PD,2023-11,1
Belmar PD,2024-01,3
Belmar PD,2024-04,3
Belmar PD,2024-05,6
Belmar PD,2024-06,3
Belmar PD,2024-07,5
Belmar PD,2024-08,4
Belmar PD,2024-10,1
Belmar PD,2024-12,1
Belmar PD,2025-01,1
Belmar PD,2025-03,2
Belmar PD,2025-05,2
Belmar PD,2025-06,3
Belmar PD,2025-08,3
Belmar PD,2025-09,1
Belmar PD,2025-11,1
Belmar PD,2026-03,1
Belmar PD,2026-04,3
Belmar PD,2026-06,1
Belmar PD,2026-07,7
Belmar PD,2026-08,3
Belvidere PD,2020-10,1
Belvidere PD,2021-05,2
Belvidere PD,2021-07,1
Belvidere PD,2021-12,2
Belvidere PD,2022-02,1
Belvidere PD,2022-04,1
Belvidere PD,2022-06,1
Belvidere PD,2023-05,1
Belvidere PD,2023-06,2
Belvidere PD,2023-09,1
Belvidere PD,2023-11,2
Belvidere PD,2023-12,2
Belvidere PD,2024-02,1
Belvidere PD,2024-06,1
Belvidere PD,2024-10,1
Belvidere PD,2024-12,1
Belvidere PD,2025-04,1
Belvidere PD,2026-01,1
Belvidere PD,2026-03,1
Bergen Co Prosecutors Office,2021-09,1
Bergen Co Prosecutors Office,2021-10,1
Bergen Co Prosecutors Office,2022-06,1
Bergen Co Prosecutors Office,2023-04,1
Bergen Co Prosecutors Office,2023-05,1
Bergen Co Prosecutors Office,2024-02,1
Bergen Co Prosecutors Office,2024-03,1
Bergen Co Prosecutors Office,2024-11,2
Bergen Co Prosecutors Office,2025-01,1
Bergen Co Prosecutors Office,2025-09,1
Bergen Co Prosecutors Office,2025-11,5
Bergen Co Prosecutors Office,2026-02,1
Bergen Co Prosecutors Office,2026-08,1
Bergen Co Sheriffs Dept,2020-10,12
Bergen Co Sheriffs Dept,2020-11,7
Bergen Co Sheriffs Dept,2020-12,12
Bergen Co Sheriffs Dept,2021-01,9
Bergen Co Sheriffs Dept,2021-02,12
Bergen Co Sheriffs Dept,2021-03,6
Bergen Co Sheriffs Dept,2021-04,2
Bergen Co Sheriffs Dept,2021-05,9
Bergen Co Sheriffs Dept,2021-06,14
Bergen Co Sheriffs Dept,2021-07,8
Bergen Co Sheriffs Dept,2021-08,5
Bergen Co Sheriffs Dept,2021-09,5
Bergen Co Sheriffs Dept,2021-10,8
Bergen Co Sheriffs Dept,2021-11,5
Bergen Co Sheriffs Dept,2021-12,11
Bergen Co Sheriffs Dept,2022-01,7
Bergen Co Sheriffs Dept,2022-02,11
Bergen Co Sheriffs Dept,2022-03,5
Bergen Co Sheriffs Dept,2022-06,1
Bergen Co Sheriffs Dept,2022-07,1
Bergen Co Sheriffs Dept,2022-08,1
Bergen Co Sheriffs Dept,2022-11,2
Bergen Co Sheriffs Dept,2022-12,1
Bergen Co Sheriffs Dept,2023-02,2
Bergen Co Sheriffs Dept,2023-03,3
Bergen Co Sheriffs Dept,2023-04,1
Bergen Co Sheriffs Dept,2023-05,1
Bergen Co Sheriffs Dept,2023-07,1
Bergen Co Sheriffs Dept,2023-08,2
Bergen Co Sheriffs Dept,2023-10,1
Bergen Co Sheriffs Dept,2024-01,1
Bergen Co Sheriffs Dept,2024-03,4
Bergen Co Sheriffs Dept,2024-04,1
Bergen Co Sheriffs Dept,2024-05,1
Bergen Co Sheriffs Dept,2024-07,2
Bergen Co Sheriffs Dept,2024-09,1
Bergen Co Sheriffs Dept,2024-11,3
Bergen Co Sheriffs Dept,2025-01,1
Bergen Co Sheriffs Dept,2025-04,1
Bergen Co Sheriffs Dept,2025-06,1
Bergen Co Sheriffs Dept,2025-07,1
Bergen Co Sheriffs Dept,2025-08,1
Bergen Co Sheriffs Dept,2026-03,2
Bergen Co Sheriffs Dept,2026-05,1
Bergen Co Sheriffs Dept,2026-06,2
Bergen Co Sheriffs Dept,2026-07,2
Bergen Co Sheriffs Dept,2026-08,1
Bergenfield PD,2020-10,1
Bergenfield PD,2020-11,2
Bergenfield PD,2020-12,3
Bergenfield PD,2021-02,1
Bergenfield PD,2021-06,1
Bergenfield PD,2021-08,1
Bergenfield PD,2021-10,3
Bergenfield PD,2022-06,1
Bergenfield PD,2022-08,1
Bergenfield PD,2022-09,1
Bergenfield PD,2022-11,1
Bergenfield PD,2022-12,1
Bergenfield PD,2023-01,3
Bergenfield PD,2023-04,2
Bergenfield PD,2023-07,2
Bergenfield PD,2023-10,1
Bergenfield PD,2024-08,1
Bergenfield PD,2024-11,1
Bergenfield PD,2024-12,2
Bergenfield PD,2025-01,1
Bergenfield PD,2025-02,2
Bergenfield PD,2025-03,1
Bergenfield PD,2025-04,1
Bergenfield PD,2025-07,1
Bergenfield PD,2025-09,2
Bergenfield PD,2025-11,1
Bergenfield PD,2026-01,1
Bergenfield PD,2026-03,1
Berkeley Heights PD,2020-12,1
Berkeley Heights PD,2021-04,1
Berkeley Heights PD,2021-05,1
Berkeley Heights PD,2021-12,1
Berkeley Heights PD,2022-02,1
Berkeley Heights PD,2022-06,1
Berkeley Heights PD,2022-09,2
Berkeley Heights PD,2022-10,1
Berkeley Heights PD,2023-03,2
Berkeley Heights PD,2023-05,2
Berkeley Heights PD,2023-08,1
Berkeley Heights PD,2023-09,1
Berkeley Heights PD,2023-12,1
Berkeley Heights PD,2024-01,1
Berkeley Heights PD,2024-06,1
Berkeley Heights PD,2024-12,1
Berkeley Heights PD,2025-01,1
Berkeley Heights PD,2025-03,2
Berkeley Heights PD,2025-06,1
Berkeley Heights PD,2025-12,2
Berkeley Heights PD,2026-03,1
Berkeley Heights PD,2026-05,2
Berkeley Heights PD,2026-06,1
Berkeley Twp PD,2020-11,2
Berkeley Twp PD,2020-12,4
Berkeley Twp PD,2021-01,1
Berkeley Twp PD,2021-02,6
Berkeley Twp PD,2021-03,2
Berkeley Twp PD,2021-04,1
Berkeley Twp PD,2021-05,1
Berkeley Twp PD,2021-06,2
Berkeley Twp PD,2021-07,4
Berkeley Twp PD,2021-08,6
Berkeley Twp PD,2021-09,5
Berkeley Twp PD,2021-10,7
Berkeley Twp PD,2021-11,2
Berkeley Twp PD,2021-12,2
Berkeley Twp PD,2022-01,6
Berkeley Twp PD,2022-02,2
Berkeley Twp PD,2022-04,1
Berkeley Twp PD,2022-05,1
Berkeley Twp PD,2022-06,2
Berkeley Twp PD,2022-08,1
Berkeley Twp PD,2022-09,2
Berkeley Twp PD,2022-10,6
Berkeley Twp PD,2022-11,3
Berkeley Twp PD,2022-12,6
Berkeley Twp PD,2023-01,4
Berkeley Twp PD,2023-02,2
Berkeley Twp PD,2023-03,1
Berkeley Twp PD,2023-04,4
Berkeley Twp PD,2023-05,1
Berkeley Twp PD,2023-06,2
Berkeley Twp PD,2023-08,2
Berkeley Twp PD,2023-09,6
Berkeley Twp PD,2023-10,7
Berkeley Twp PD,2023-11,10
Berkeley Twp PD,2023-12,5
Berkeley Twp PD,2024-03,4
Berkeley Twp PD,2024-04,3
Berkeley Twp PD,2024-05,2
Berkeley Twp PD,2024-06,3
Berkeley Twp PD,2024-07,4
Berkeley Twp PD,2024-08,1
Berkeley Twp PD,2024-09,2
Berkeley Twp PD,2024-10,3
Berkeley Twp PD,2024-12,1
Berkeley Twp PD,2025-01,3
Berkeley Twp PD,2025-02,1
Berkeley Twp PD,2025-03,4
Berkeley Twp PD,2025-04,3
Berkeley Twp PD,2025-05,3
Berkeley Twp PD,2025-07,2
Berkeley Twp PD,2025-08,1
Berkeley Twp PD,2025-09,3
Berkeley Twp PD,2025-10,2
Berkeley Twp PD,2026-01,4
Berkeley Twp PD,2026-02,1
Berkeley Twp PD,2026-03,6
Berkeley Twp PD,2026-04,1
Berkeley Twp PD,2026-05,2
Berkeley Twp PD,2026-06,2
Berkeley Twp PD,2026-07,1
Berlin Boro PD,2020-12,2
Berlin Boro PD,2021-02,1
Berlin Boro PD,2021-11,2
Berlin Boro PD,2022-01,3
Berlin Boro PD,2022-03,1
Berlin Boro PD,2022-04,1
Berlin Boro PD,2022-05,6
Berlin Boro PD,2022-06,1
Berlin Boro PD,2022-07,2
Berlin Boro PD,2022-09,1
Berlin Boro PD,2022-11,3
Berlin Boro PD,2022-12,1
Berlin Boro PD,2023-01,2
Berlin Boro PD,2023-02,2
Berlin Boro PD,2023-03,1
Berlin Boro PD,2023-04,2
Berlin Boro PD,2023-05,2
Berlin Boro PD,2023-06,1
Berlin Boro PD,2023-07,2
Berlin Boro PD,2023-09,1
Berlin Boro PD,2023-10,1
Berlin Boro PD,2023-12,1
Berlin Boro PD,2024-01,7
Berlin Boro PD,2024-03,1
Berlin Boro PD,2024-04,1
Berlin Boro PD,2024-05,2
Berlin Boro PD,2024-06,1
Berlin Boro PD,2024-07,1
Berlin Boro PD,2024-09,1
Berlin Boro PD,2024-10,2
Berlin Boro PD,2024-11,1
Berlin Boro PD,2024-12,1
Berlin Boro PD,2025-01,1
Berlin Boro PD,2025-05,3
Berlin Boro PD,2025-06,1
Berlin Boro PD,2025-07,1
Berlin Boro PD,2025-08,1
Berlin Boro PD,2025-09,3
Berlin Boro PD,2025-10,1
Berlin Boro PD,2025-12,2
Berlin Boro PD,2026-01,2
Berlin Boro PD,2026-02,1
Berlin Boro PD,2026-03,2
Berlin Boro PD,2026-06,2
Berlin Boro PD,2026-08,1
Berlin Twp PD,2020-10,2
Berlin Twp PD,2020-11,1
Berlin Twp PD,2020-12,1
Berlin Twp PD,2021-01,1
Berlin Twp PD,2021-03,2
Berlin Twp PD,2021-06,1
Berlin Twp PD,2021-07,3
Berlin Twp PD,2021-08,1
Berlin Twp PD,2021-09,1
Berlin Twp PD,2021-10,1
Berlin Twp PD,2021-11,2
Berlin Twp PD,2021-12,2
Berlin Twp PD,2022-01,3
Berlin Twp PD,2022-03,2
Berlin Twp PD,2022-04,1
Berlin Twp PD,2022-05,4
Berlin Twp PD,2022-06,2
Berlin Twp PD,2022-07,1
Berlin Twp PD,2022-09,3
Berlin Twp PD,2022-11,2
Berlin Twp PD,2023-02,1
Berlin Twp PD,2023-04,1
Berlin Twp PD,2023-05,2
Berlin Twp PD,2023-06,1
Berlin Twp PD,2023-07,3
Berlin Twp PD,2023-08,1
Berlin Twp PD,2023-11,4
Berlin Twp PD,2024-01,1
Berlin Twp PD,2024-04,1
Berlin Twp PD,2024-05,1
Berlin Twp PD,2024-06,1
Berlin Twp PD,2024-07,1
Berlin Twp PD,2024-08,2
Berlin Twp PD,2024-09,2
Berlin Twp PD,2024-10,1
Berlin Twp PD,2024-11,1
Berlin Twp PD,2025-09,2
Berlin Twp PD,2025-10,3
Berlin Twp PD,2025-12,2
Berlin Twp PD,2026-02,2
Berlin Twp PD,2026-04,2
Berlin Twp PD,2026-07,1
Bernards Twp PD,2021-01,2
Bernards Twp PD,2021-02,3
Bernards Twp PD,2021-03,1
Bernards Twp PD,2021-04,2
Bernards Twp PD,2021-05,2
Bernards Twp PD,2021-06,3
Bernards Twp PD,2021-11,1
Bernards Twp PD,2021-12,1
Bernards Twp PD,2022-01,1
Bernards Twp PD,2022-06,2
Bernards Twp PD,2022-09,1
Bernards Twp PD,2022-10,4
Bernards Twp PD,2023-06,1
Bernards Twp PD,2023-07,1
Bernards Twp PD,2024-09,1
Bernards Twp PD,2024-10,1
Bernards Twp PD,2024-12,2
Bernards Twp PD,2025-08,1
Bernards Twp PD,2025-11,1
Bernards Twp PD,2026-03,1
Bernards Twp PD,2026-04,1
Bernards Twp PD,2026-06,1
Bernards Twp PD,2026-08,2
Bernardsville PD,2020-11,1
Bernardsville PD,2020-12,1
Bernardsville PD,2021-02,1
Bernardsville PD,2021-04,1
Bernardsville PD,2021-09,1
Bernardsville PD,2022-06,1
Bernardsville PD,2022-11,1
Bernardsville PD,2023-02,1
Bernardsville PD,2023-12,2
Bernardsville PD,2025-06,1
Bernardsville PD,2025-09,1
Bernardsville PD,2026-07,1
Beverly City PD,2021-01,1
Beverly City PD,2021-04,1
Beverly City PD,2021-08,1
Beverly City PD,2022-01,1
Beverly City PD,2022-05,2
Beverly City PD,2022-08,1
Beverly City PD,2022-10,1
Beverly City PD,2023-01,1
Beverly City PD,2023-05,3
Beverly City PD,2024-07,1
Beverly City PD,2025-07,3
Beverly City PD,2026-05,2
Beverly City PD,2026-06,1
Beverly City PD,2026-08,3
Blairstown Twp PD,2020-10,2
Blairstown Twp PD,2020-11,2
Blairstown Twp PD,2021-01,2
Blairstown Twp PD,2021-05,1
Blairstown Twp PD,2021-08,1
Blairstown Twp PD,2023-04,1
Blairstown Twp PD,2023-05,1
Blairstown Twp PD,2023-06,1
Blairstown Twp PD,2023-09,1
Blairstown Twp PD,2024-11,1
Bloomfield PD,2020-10,2
Bloomfield PD,2020-11,2
Bloomfield PD,2021-01,3
Bloomfield PD,2021-02,3
Bloomfield PD,2021-03,2
Bloomfield PD,2021-04,1
Bloomfield PD,2021-05,1
Bloomfield PD,2021-06,4
Bloomfield PD,2021-08,1
Bloomfield PD,2021-09,1
Bloomfield PD,2021-10,2
Bloomfield PD,2021-11,1
Bloomfield PD,2021-12,3
Bloomfield PD,2022-01,3
Bloomfield PD,2022-02,1
Bloomfield PD,2022-05,3
Bloomfield PD,2022-06,1
Bloomfield PD,2022-07,6
Bloomfield PD,2022-08,4
Bloomfield PD,2022-09,7
Bloomfield PD,2022-10,2
Bloomfield PD,2022-11,4
Bloomfield PD,2022-12,4
Bloomfield PD,2023-01,1
Bloomfield PD,2023-02,2
Bloomfield PD,2023-04,3
Bloomfield PD,2023-05,3
Bloomfield PD,2023-06,6
Bloomfield PD,2023-07,4
Bloomfield PD,2023-08,5
Bloomfield PD,2023-09,2
Bloomfield PD,2023-11,4
Bloomfield PD,2024-01,2
Bloomfield PD,2024-02,5
Bloomfield PD,2024-03,3
Bloomfield PD,2024-04,3
Bloomfield PD,2024-05,5
Bloomfield PD,2024-06,2
Bloomfield PD,2024-07,3
Bloomfield PD,2024-08,2
Bloomfield PD,2024-09,2
Bloomfield PD,2024-10,1
Bloomfield PD,2024-11,2
Bloomfield PD,2024-12,4
Bloomfield PD,2025-01,3
Bloomfield PD,2025-02,4
Bloomfield PD,2025-03,2
Bloomfield PD,2025-05,1
Bloomfield PD,2025-06,1
Bloomfield PD,2025-07,2
Bloomfield PD,2025-08,4
Bloomfield PD,2025-09,2
Bloomfield PD,2025-10,2
Bloomfield PD,2025-12,5
Bloomfield PD,2026-01,2
Bloomfield PD,2026-02,4
Bloomfield PD,2026-04,3
Bloomfield PD,2026-05,3
Bloomfield PD,2026-06,1
Bloomfield PD,2026-07,2
Bloomfield PD,2026-08,1
Bloomingdale Boro PD,2020-10,1
Bloomingdale Boro PD,2021-01,1
Bloomingdale Boro PD,2021-05,2
Bloomingdale Boro PD,2021-06,1
Bloomingdale Boro PD,2021-08,1
Bloomingdale Boro PD,2021-09,1
Bloomingdale Boro PD,2021-10,1
Bloomingdale Boro PD,2021-12,2
Bloomingdale Boro PD,2022-03,2
Bloomingdale Boro PD,2022-05,1
Bloomingdale Boro PD,2022-07,1
Bloomingdale Boro PD,2022-08,4
Bloomingdale Boro PD,2022-09,2
Bloomingdale Boro PD,2022-10,1
Bloomingdale Boro PD,2023-01,1
Bloomingdale Boro PD,2023-05,1
Bloomingdale Boro PD,2023-08,1
Bloomingdale Boro PD,2023-10,3
Bloomingdale Boro PD,2024-06,3
Bloomingdale Boro PD,2024-07,2
Bloomingdale Boro PD,2024-08,1
Bloomingdale Boro PD,2024-11,2
Bloomingdale Boro PD,2024-12,1
Bloomingdale Boro PD,2025-02,1
Bloomingdale Boro PD,2025-03,1
Bloomingdale Boro PD,2025-04,1
Bloomingdale Boro PD,2025-08,2
Bloomingdale Boro PD,2025-10,2
Bloomingdale Boro PD,2026-02,1
Bloomingdale Boro PD,2026-07,1
Bloomingdale Boro PD,2026-08,1
Bogota PD,2020-11,3
Bogota PD,2021-03,1
Bogota PD,2021-04,2
Bogota PD,2021-05,3
Bogota PD,2021-07,1
Bogota PD,2021-09,1
Bogota PD,2022-02,1
Bogota PD,2022-05,2
Bogota PD,2022-06,1
Bogota PD,2022-08,1
Bogota PD,2022-09,1
Bogota PD,2022-11,1
Bogota PD,2022-12,1
Bogota PD,2023-01,3
Bogota PD,2023-02,1
Bogota PD,2023-03,1
Bogota PD,2023-04,1
Bogota PD,2023-05,1
Bogota PD,2023-07,3
Bogota PD,2024-09,3
Bogota PD,2024-10,1
Bogota PD,2024-11,1
Bogota PD,2024-12,3
Bogota PD,2025-06,3
Bogota PD,2025-08,1
Bogota PD,2025-11,1
Bogota PD,2026-02,2
Bogota PD,2026-05,1
Boonton PD,2021-04,1
Boonton PD,2021-05,1
Boonton PD,2021-06,3
Boonton PD,2021-07,2
Boonton PD,2021-10,3
Boonton PD,2022-01,3
Boonton PD,2022-02,1
Boonton PD,2022-07,1
Boonton PD,2022-08,3
Boonton PD,2022-12,1
Boonton PD,2023-03,2
Boonton PD,2023-04,1
Boonton PD,2023-05,1
Boonton PD,2023-07,1
Boonton PD,2024-03,1
Boonton PD,2024-04,2
Boonton PD,2024-11,1
Boonton PD,2025-03,1
Boonton PD,2025-04,1
Boonton PD,2025-06,1
Boonton PD,2025-08,2
Boonton PD,2025-10,1
Boonton PD,2025-11,1
Boonton PD,2026-01,1
Boonton PD,2026-02,1
Boonton PD,2026-03,1
Boonton PD,2026-05,2
Boonton PD,2026-06,4
Boonton PD,2026-07,1
Boonton PD,2026-08,1
Boonton Twp PD,2022-08,1
Boonton Twp PD,2023-08,1
Boonton Twp PD,2024-01,2
Boonton Twp PD,2024-03,1
Boonton Twp PD,2024-04,1
Boonton Twp PD,2024-06,1
Boonton Twp PD,2025-04,1
Boonton Twp PD,2025-06,1
Boonton Twp PD,2026-05,1
Boonton Twp PD,2026-06,1
Bordentown City PD,2020-10,1
Bordentown City PD,2020-11,2
Bordentown City PD,2021-02,2
Bordentown City PD,2021-03,2
Bordentown City PD,2021-05,1
Bordentown City PD,2021-10,2
Bordentown City PD,2022-04,2
Bordentown City PD,2022-11,1
Bordentown City PD,2023-01,1
Bordentown City PD,2023-04,1
Bordentown City PD,2023-05,1
Bordentown City PD,2023-06,2
Bordentown City PD,2023-07,2
Bordentown City PD,2023-11,1
Bordentown City PD,2024-02,1
Bordentown City PD,2024-03,1
Bordentown City PD,2024-05,2
Bordentown City PD,2024-08,3
Bordentown City PD,2025-04,1
Bordentown City PD,2025-09,1
Bordentown City PD,2026-01,1
Bordentown City PD,2026-02,1
Bordentown City PD,2026-03,1
Bordentown City PD,2026-04,1
Bordentown Twp PD,2020-10,2
Bordentown Twp PD,2020-11,2
Bordentown Twp PD,2020-12,2
Bordentown Twp PD,2021-01,4
Bordentown Twp PD,2021-03,3
Bordentown Twp PD,2021-05,4
Bordentown Twp PD,2021-06,2
Bordentown Twp PD,2021-08,1
Bordentown Twp PD,2021-09,1
Bordentown Twp PD,2022-01,2
Bordentown Twp PD,2022-04,2
Bordentown Twp PD,2022-07,1
Bordentown Twp PD,2022-08,1
Bordentown Twp PD,2022-09,1
Bordentown Twp PD,2022-10,2
Bordentown Twp PD,2023-01,1
Bordentown Twp PD,2023-04,1
Bordentown Twp PD,2023-06,4
Bordentown Twp PD,2023-07,1
Bordentown Twp PD,2023-08,1
Bordentown Twp PD,2023-09,2
Bordentown Twp PD,2023-10,1
Bordentown Twp PD,2023-11,1
Bordentown Twp PD,2023-12,1
Bordentown Twp PD,2024-02,4
Bordentown Twp PD,2024-03,1
Bordentown Twp PD,2024-05,4
Bordentown Twp PD,2024-06,1
Bordentown Twp PD,2024-07,2
Bordentown Twp PD,2024-08,2
Bordentown Twp PD,2024-10,1
Bordentown Twp PD,2024-11,1
Bordentown Twp PD,2025-02,2
Bordentown Twp PD,2025-04,3
Bordentown Twp PD,2025-05,1
Bordentown Twp PD,2025-11,1
Bordentown Twp PD,2025-12,1
Bordentown Twp PD,2026-02,1
Bordentown Twp PD,2026-03,2
Bordentown Twp PD,2026-04,2
Bordentown Twp PD,2026-08,3
Bound Brook PD,2020-10,1
Bound Brook PD,2020-11,2
Bound Brook PD,2021-01,1
Bound Brook PD,2021-02,1
Bound Brook PD,2021-04,2
Bound Brook PD,2021-05,2
Bound Brook PD,2021-10,2
Bound Brook PD,2021-11,2
Bound Brook PD,2022-01,3
Bound Brook PD,2022-04,2
Bound Brook PD,2022-05,2
Bound Brook PD,2022-06,2
Bound Brook PD,2022-07,1
Bound Brook PD,2022-09,1
Bound Brook PD,2022-10,1
Bound Brook PD,2022-12,1
Bound Brook PD,2023-01,3
Bound Brook PD,2023-03,2
Bound Brook PD,2023-05,3
Bound Brook PD,2023-06,1
Bound Brook PD,2023-07,1
Bound Brook PD,2023-08,2
Bound Brook PD,2023-10,1
Bound Brook PD,2023-11,1
Bound Brook PD,2024-02,5
Bound Brook PD,2024-03,2
Bound Brook PD,2024-04,1
Bound Brook PD,2024-05,1
Bound Brook PD,2024-06,2
Bound Brook PD,2024-07,1
Bound Brook PD,2024-09,1
Bound Brook PD,2024-12,1
Bound Brook PD,2025-03,1
Bound Brook PD,2025-06,1
Bound Brook PD,2025-07,3
Bound Brook PD,2025-08,2
Bound Brook PD,2025-09,1
Bound Brook PD,2025-12,1
Bound Brook PD,2026-01,1
Bound Brook PD,2026-02,3
Bound Brook PD,2026-03,1
Bound Brook PD,2026-06,3
Bound Brook PD,2026-08,2
Bradley Beach PD,2020-10,1
Bradley Beach PD,2021-05,1
Bradley Beach PD,2021-07,1
Bradley Beach PD,2021-08,1
Bradley Beach PD,2021-10,1
Bradley Beach PD,2022-02,3
Bradley Beach PD,2022-11,1
Bradley Beach PD,2023-01,1
Bradley Beach PD,2023-05,1
Bradley Beach PD,2023-07,1
Bradley Beach PD,2023-08,1
Bradley Beach PD,2023-09,1
Bradley Beach PD,2023-11,1
Bradley Beach PD,2024-03,2
Bradley Beach PD,2024-04,2
Bradley Beach PD,2024-05,1
Bradley Beach PD,2024-06,1
Bradley Beach PD,2024-07,1
Bradley Beach PD,2024-09,1
Bradley Beach PD,2024-10,1
Bradley Beach PD,2025-01,1
Bradley Beach PD,2025-09,1
Bradley Beach PD,2025-11,1
Bradley Beach PD,2026-05,1
Bradley Beach PD,2026-08,1
Branchburg Twp PD,2020-10,1
Branchburg Twp PD,2021-05,1
Branchburg Twp PD,2021-09,1
Branchburg Twp PD,2021-12,2
Branchburg Twp PD,2022-01,2
Branchburg Twp PD,2022-03,1
Branchburg Twp PD,2022-04,1
Branchburg Twp PD,2022-07,1
Branchburg Twp PD,2022-09,1
Branchburg Twp PD,2023-01,2
Branchburg Twp PD,2023-03,2
Branchburg Twp PD,2023-04,1
Branchburg Twp PD,2023-07,2
Branchburg Twp PD,2023-09,2
Branchburg Twp PD,2023-11,2
Branchburg Twp PD,2023-12,2
Branchburg Twp PD,2024-02,1
Branchburg Twp PD,2024-03,1
Branchburg Twp PD,2024-07,2
Branchburg Twp PD,2024-08,1
Branchburg Twp PD,2024-11,1
Branchburg Twp PD,2025-02,2
Branchburg Twp PD,2025-07,1
Branchburg Twp PD,2025-09,2
Branchburg Twp PD,2026-04,1
Branchburg Twp PD,2026-05,5
Branchburg Twp PD,2026-06,1
Branchburg Twp PD,2026-08,1
Brick Twp PD,2020-10,2
Brick Twp PD,2020-11,5
Brick Twp PD,2020-12,2
Brick Twp PD,2021-01,1
Brick Twp PD,2021-02,7
Brick Twp PD,2021-03,3
Brick Twp PD,2021-04,1
Brick Twp PD,2021-05,4
Brick Twp PD,2021-06,4
Brick Twp PD,2021-07,6
Brick Twp PD,2021-08,6
Brick Twp PD,2021-09,5
Brick Twp PD,2021-10,6
Brick Twp PD,2021-11,7
Brick Twp PD,2021-12,5
Brick Twp PD,2022-01,4
Brick Twp PD,2022-02,1
Brick Twp PD,2022-03,6
Brick Twp PD,2022-04,4
Brick Twp PD,2022-05,3
Brick Twp PD,2022-06,4
Brick Twp PD,2022-07,6
Brick Twp PD,2022-08,6
Brick Twp PD,2022-09,9
Brick Twp PD,2022-10,4
Brick Twp PD,2022-11,7
Brick Twp PD,2022-12,2
Brick Twp PD,2023-01,3
Brick Twp PD,2023-02,4
Brick Twp PD,2023-03,1
Brick Twp PD,2023-04,4
Brick Twp PD,2023-05,2
Brick Twp PD,2023-06,3
Brick Twp PD,2023-07,7
Brick Twp PD,2023-08,4
Brick Twp PD,2023-09,2
Brick Twp PD,2023-10,4
Brick Twp PD,2023-11,5
Brick Twp PD,2023-12,8
Brick Twp PD,2024-01,6
Brick Twp PD,2024-02,1
Brick Twp PD,2024-03,3
Brick Twp PD,2024-04,6
Brick Twp PD,2024-05,3
Brick Twp PD,2024-06,4
Brick Twp PD,2024-07,7
Brick Twp PD,2024-08,5
Brick Twp PD,2024-09,4
Brick Twp PD,2024-10,3
Brick Twp PD,2024-11,4
Brick Twp PD,2024-12,4
Brick Twp PD,2025-01,5
Brick Twp PD,2025-02,2
Brick Twp PD,2025-03,7
Brick Twp PD,2025-04,5
Brick Twp PD,2025-05,5
Brick Twp PD,2025-06,4
Brick Twp PD,2025-07,5
Brick Twp PD,2025-08,6
Brick Twp PD,2025-09,1
Brick Twp PD,2025-10,2
Brick Twp PD,2025-11,2
Brick Twp PD,2025-12,2
Brick Twp PD,2026-01,2
Brick Twp PD,2026-02,3
Brick Twp PD,2026-03,4
Brick Twp PD,2026-04,5
Brick Twp PD,2026-05,3
Brick Twp PD,2026-06,3
Brick Twp PD,2026-07,4
Brick Twp PD,2026-08,7
Bridgeton PD,2020-10,1
Bridgeton PD,2020-11,5
Bridgeton PD,2020-12,1
Bridgeton PD,2021-01,3
Bridgeton PD,2021-02,1
Bridgeton PD,2021-03,2
Bridgeton PD,2021-05,2
Bridgeton PD,2021-06,3
Bridgeton PD,2021-07,2
Bridgeton PD,2021-08,2
Bridgeton PD,2021-09,3
Bridgeton PD,2021-10,4
Bridgeton PD,2021-11,2
Bridgeton PD,2021-12,4
Bridgeton PD,2022-02,3
Bridgeton PD,2022-03,1
Bridgeton PD,2022-04,1
Bridgeton PD,2022-05,4
Bridgeton PD,2022-06,1
Bridgeton PD,2022-07,1
Bridgeton PD,2022-08,3
Bridgeton PD,2022-09,1
Bridgeton PD,2022-10,2
Bridgeton PD,2022-11,4
Bridgeton PD,2022-12,2
Bridgeton PD,2023-01,3
Bridgeton PD,2023-02,1
Bridgeton PD,2023-03,7
Bridgeton PD,2023-04,2
Bridgeton PD,2023-05,9
Bridgeton PD,2023-06,6
Bridgeton PD,2023-07,6
Bridgeton PD,2023-08,10
Bridgeton PD,2023-09,8
Bridgeton PD,2023-10,5
Bridgeton PD,2023-11,5
Bridgeton PD,2023-12,5
Bridgeton PD,2024-01,4
Bridgeton PD,2024-02,2
Bridgeton PD,2024-03,7
Bridgeton PD,2024-04,8
Bridgeton PD,2024-05,4
Bridgeton PD,2024-06,2
Bridgeton PD,2024-07,1
Bridgeton PD,2024-08,4
Bridgeton PD,2024-09,4
Bridgeton PD,2024-10,4
Bridgeton PD,2024-11,7
Bridgeton PD,2025-01,5
Bridgeton PD,2025-02,3
Bridgeton PD,2025-03,3
Bridgeton PD,2025-04,6
Bridgeton PD,2025-05,3
Bridgeton PD,2025-06,8
Bridgeton PD,2025-07,6
Bridgeton PD,2025-08,3
Bridgeton PD,2025-09,10
Bridgeton PD,2025-10,3
Bridgeton PD,2025-11,4
Bridgeton PD,2025-12,4
Bridgeton PD,2026-01,4
Bridgeton PD,2026-02,2
Bridgeton PD,2026-03,5
Bridgeton PD,2026-04,7
Bridgeton PD,2026-05,6
Bridgeton PD,2026-06,5
Bridgeton PD,2026-07,2
Bridgeton PD,2026-08,1
Bridgewater Twp PD,2020-10,2
Bridgewater Twp PD,2020-11,6
Bridgewater Twp PD,2020-12,1
Bridgewater Twp PD,2021-01,2
Bridgewater Twp PD,2021-02,2
Bridgewater Twp PD,2021-03,1
Bridgewater Twp PD,2021-04,4
Bridgewater Twp PD,2021-07,3
Bridgewater Twp PD,2021-09,3
Bridgewater Twp PD,2021-10,2
Bridgewater Twp PD,2021-11,1
Bridgewater Twp PD,2022-02,1
Bridgewater Twp PD,2022-03,1
Bridgewater Twp PD,2022-04,1
Bridgewater Twp PD,2022-05,3
Bridgewater Twp PD,2022-06,5
Bridgewater Twp PD,2022-07,3
Bridgewater Twp PD,2022-08,2
Bridgewater Twp PD,2022-11,1
Bridgewater Twp PD,2023-01,1
Bridgewater Twp PD,2023-02,1
Bridgewater Twp PD,2023-03,1
Bridgewater Twp PD,2023-04,1
Bridgewater Twp PD,2023-06,2
Bridgewater Twp PD,2023-07,1
Bridgewater Twp PD,2023-10,2
Bridgewater Twp PD,2023-11,2
Bridgewater Twp PD,2023-12,1
Bridgewater Twp PD,2024-01,1
Bridgewater Twp PD,2024-03,1
Bridgewater Twp PD,2024-06,2
Bridgewater Twp PD,2024-07,1
Bridgewater Twp PD,2024-08,1
Bridgewater Twp PD,2024-09,3
Bridgewater Twp PD,2024-10,1
Bridgewater Twp PD,2024-11,1
Bridgewater Twp PD,2024-12,1
Bridgewater Twp PD,2025-01,1
Bridgewater Twp PD,2025-02,1
Bridgewater Twp PD,2025-04,2
Bridgewater Twp PD,2025-07,2
Bridgewater Twp PD,2025-08,1
Bridgewater Twp PD,2025-10,1
Bridgewater Twp PD,2025-11,1
Bridgewater Twp PD,2025-12,3
Bridgewater Twp PD,2026-01,1
Bridgewater Twp PD,2026-02,4
Bridgewater Twp PD,2026-07,1
Bridgewater Twp PD,2026-08,1
Brielle PD,2020-10,1
Brielle PD,2021-02,1
Brielle PD,2021-11,1
Brielle PD,2022-02,1
Brielle PD,2022-05,2
Brielle PD,2022-08,1
Brielle PD,2023-01,1
Brielle PD,2023-03,1
Brielle PD,2023-10,1
Brielle PD,2023-12,1
Brielle PD,2024-01,1
Brielle PD,2024-02,1
Brielle PD,2024-04,1
Brielle PD,2024-05,2
Brielle PD,2024-12,1
Brielle PD,2025-06,1
Brielle PD,2025-08,1
Brielle PD,2026-07,1
Brigantine PD,2020-11,2
Brigantine PD,2021-03,1
Brigantine PD,2021-05,3
Brigantine PD,2021-06,1
Brigantine PD,2021-07,2
Brigantine PD,2021-08,1
Brigantine PD,2021-10,1
Brigantine PD,2021-12,1
Brigantine PD,2022-01,1
Brigantine PD,2022-03,1
Brigantine PD,2022-05,1
Brigantine PD,2022-08,4
Brigantine PD,2022-09,4
Brigantine PD,2022-10,1
Brigantine PD,2022-12,1
Brigantine PD,2023-01,1
Brigantine PD,2023-02,2
Brigantine PD,2023-04,2
Brigantine PD,2023-06,4
Brigantine PD,2023-07,1
Brigantine PD,2023-08,1
Brigantine PD,2023-12,2
Brigantine PD,2024-02,2
Brigantine PD,2024-05,1
Brigantine PD,2024-06,1
Brigantine PD,2024-07,1
Brigantine PD,2024-09,1
Brigantine PD,2024-10,2
Brigantine PD,2024-11,2
Brigantine PD,2024-12,2
Brigantine PD,2025-02,2
Brigantine PD,2025-03,2
Brigantine PD,2025-07,1
Brigantine PD,2025-09,1
Brigantine PD,2025-10,2
Brigantine PD,2025-11,1
Brigantine PD,2025-12,1
Brigantine PD,2026-02,1
Brooklawn PD,2021-03,1
Brooklawn PD,2021-05,1
Brooklawn PD,2021-06,1
Brooklawn PD,2021-07,1
Brooklawn PD,2021-09,1
Brooklawn PD,2021-10,1
Brooklawn PD,2021-12,1
Brooklawn PD,2022-05,1
Brooklawn PD,2022-08,1
Brooklawn PD,2022-09,1
Brooklawn PD,2022-10,2
Brooklawn PD,2022-11,1
Brooklawn PD,2023-02,1
Brooklawn PD,2023-04,2
Brooklawn PD,2023-05,1
Brooklawn PD,2023-06,2
Brooklawn PD,2023-09,1
Brooklawn PD,2023-11,2
Brooklawn PD,2024-04,1
Brooklawn PD,2024-06,1
Brooklawn PD,2024-07,1
Brooklawn PD,2024-08,1
Brooklawn PD,2024-11,2
Brooklawn PD,2025-01,1
Brooklawn PD,2025-02,1
Brooklawn PD,2025-03,3
Brooklawn PD,2025-05,1
Brooklawn PD,2025-06,1
Brooklawn PD,2025-07,1
Brooklawn PD,2025-08,1
Brooklawn PD,2025-10,1
Brooklawn PD,2026-03,2
Brooklawn PD,2026-06,1
Brooklawn PD,2026-08,2
Burlington City PD,2020-11,1
Burlington City PD,2021-01,2
Burlington City PD,2021-03,3
Burlington City PD,2021-04,1
Burlington City PD,2021-05,1
Burlington City PD,2021-08,2
Burlington City PD,2021-09,1
Burlington City PD,2021-10,1
Burlington City PD,2021-11,1
Burlington City PD,2022-02,1
Burlington City PD,2022-03,1
Burlington City PD,2022-04,4
Burlington City PD,2022-05,2
Burlington City PD,2022-06,2
Burlington City PD,2022-07,2
Burlington City PD,2022-08,1
Burlington City PD,2022-09,6
Burlington City PD,2022-11,2
Burlington City PD,2022-12,3
Burlington City PD,2023-03,1
Burlington City PD,2023-05,6
Burlington City PD,2023-06,2
Burlington City PD,2023-08,4
Burlington City PD,2023-09,1
Burlington City PD,2023-10,1
Burlington City PD,2023-11,7
Burlington City PD,2023-12,1
Burlington City PD,2024-01,1
Burlington City PD,2024-02,2
Burlington City PD,2024-03,4
Burlington City PD,2024-05,7
Burlington City PD,2024-06,1
Burlington City PD,2024-07,2
Burlington City PD,2024-08,2
Burlington City PD,2024-09,2
Burlington City PD,2024-10,1
Burlington City PD,2024-11,1
Burlington City PD,2025-01,2
Burlington City PD,2025-03,1
Burlington City PD,2025-04,1
Burlington City PD,2025-06,1
Burlington City PD,2025-08,1
Burlington City PD,2025-09,2
Burlington City PD,2025-10,1
Burlington City PD,2025-11,1
Burlington City PD,2026-01,1
Burlington City PD,2026-02,1
Burlington City PD,2026-03,1
Burlington City PD,2026-04,1
Burlington City PD,2026-05,5
Burlington City PD,2026-07,4
Burlington Co Prosecutors Office,2021-04,1
Burlington Co Prosecutors Office,2023-01,1
Burlington Co Prosecutors Office,2023-10,1
Burlington Co Prosecutors Office,2023-12,1
Burlington Co Prosecutors Office,2025-07,1
Burlington Co Prosecutors Office,2026-03,1
Burlington County Bridge Commission,2022-04,1
Burlington County Bridge Commission,2023-06,1
Burlington County Bridge Commission,2024-02,1
Burlington County Bridge Commission,2024-09,1
Burlington County Bridge Commission,2024-12,1
Burlington County Bridge Commission,2025-06,1
Burlington County Bridge Commission,2025-09,1
Burlington County Bridge Commission,2026-05,3
Burlington County Sheriffs Office,2020-11,1
Burlington County Sheriffs Office,2020-12,1
Burlington County Sheriffs Office,2022-03,1
Burlington County Sheriffs Office,2022-04,1
Burlington County Sheriffs Office,2022-05,2
Burlington County Sheriffs Office,2023-07,1
Burlington County Sheriffs Office,2023-10,2
Burlington County Sheriffs Office,2023-12,1
Burlington County Sheriffs Office,2024-01,1
Burlington County Sheriffs Office,2024-04,1
Burlington County Sheriffs Office,2024-05,1
Burlington County Sheriffs Office,2024-06,1
Burlington County Sheriffs Office,2024-07,1
Burlington County Sheriffs Office,2024-08,2
Burlington County Sheriffs Office,2024-10,3
Burlington County Sheriffs Office,2024-11,3
Burlington County Sheriffs Office,2025-02,2
Burlington County Sheriffs Office,2025-03,1
Burlington County Sheriffs Office,2025-04,1
Burlington County Sheriffs Office,2025-06,1
Burlington County Sheriffs Office,2025-07,1
Burlington County Sheriffs Office,2025-10,2
Burlington County Sheriffs Office,2025-12,1
Burlington County Sheriffs Office,2026-01,2
Burlington County Sheriffs Office,2026-04,2
Burlington County Sheriffs Office,2026-05,1
Burlington County Sheriffs Office,2026-06,1
Burlington County Sheriffs Office,2026-07,1
Burlington Twp PD,2020-10,3
Burlington Twp PD,2020-11,2
Burlington Twp PD,2020-12,1
Burlington Twp PD,2021-01,2
Burlington Twp PD,2021-02,1
Burlington Twp PD,2021-04,1
Burlington Twp PD,2021-05,3
Burlington Twp PD,2021-08,1
Burlington Twp PD,2021-10,4
Burlington Twp PD,2021-11,2
Burlington Twp PD,2021-12,2
Burlington Twp PD,2022-01,1
Burlington Twp PD,2022-02,3
Burlington Twp PD,2022-03,2
Burlington Twp PD,2022-04,2
Burlington Twp PD,2022-05,1
Burlington Twp PD,2022-06,1
Burlington Twp PD,2022-07,1
Burlington Twp PD,2022-09,2
Burlington Twp PD,2022-10,1
Burlington Twp PD,2022-11,3
Burlington Twp PD,2022-12,2
Burlington Twp PD,2023-01,2
Burlington Twp PD,2023-02,1
Burlington Twp PD,2023-04,2
Burlington Twp PD,2023-05,4
Burlington Twp PD,2023-06,4
Burlington Twp PD,2023-08,1
Burlington Twp PD,2023-09,3
Burlington Twp PD,2023-11,3
Burlington Twp PD,2023-12,1
Burlington Twp PD,2024-01,1
Burlington Twp PD,2024-02,1
Burlington Twp PD,2024-03,2
Burlington Twp PD,2024-04,2
Burlington Twp PD,2024-05,4
Burlington Twp PD,2024-06,1
Burlington Twp PD,2024-07,1
Burlington Twp PD,2024-08,2
Burlington Twp PD,2024-09,1
Burlington Twp PD,2024-10,3
Burlington Twp PD,2024-11,3
Burlington Twp PD,2024-12,1
Burlington Twp PD,2025-02,1
Burlington Twp PD,2025-03,3
Burlington Twp PD,2025-04,1
Burlington Twp PD,2025-05,1
Burlington Twp PD,2025-06,2
Burlington Twp PD,2025-07,1
Burlington Twp PD,2025-08,2
Burlington Twp PD,2025-09,3
Burlington Twp PD,2025-10,3
Burlington Twp PD,2025-11,1
Burlington Twp PD,2026-01,3
Burlington Twp PD,2026-02,1
Burlington Twp PD,2026-03,4
Burlington Twp PD,2026-04,1
Burlington Twp PD,2026-05,1
Burlington Twp PD,2026-06,1
Burlington Twp PD,2026-07,1
Burlington Twp PD,2026-08,3
Butler Boro PD,2020-10,1
Butler Boro PD,2021-06,1
Butler Boro PD,2021-08,1
Butler Boro PD,2021-09,1
Butler Boro PD,2021-12,1
Butler Boro PD,2022-09,1
Butler Boro PD,2023-06,1
Butler Boro PD,2024-04,1
Butler Boro PD,2025-08,2
Butler Boro PD,2025-09,2
Butler Boro PD,2025-11,1
Butler Boro PD,2026-05,1
Byram Twp PD,2021-07,1
Byram Twp PD,2021-08,1
Byram Twp PD,2021-12,1
Byram Twp PD,2022-01,1
Byram Twp PD,2022-04,1
Byram Twp PD,2022-06,2
Byram Twp PD,2022-10,1
Byram Twp PD,2022-12,1
Byram Twp PD,2023-03,2
Byram Twp PD,2023-04,2
Byram Twp PD,2023-05,6
Byram Twp PD,2023-06,1
Byram Twp PD,2024-03,1
Byram Twp PD,2024-05,1
Byram Twp PD,2024-06,2
Byram Twp PD,2024-07,2
Byram Twp PD,2024-09,3
Byram Twp PD,2024-10,1
Byram Twp PD,2025-01,1
Byram Twp PD,2025-02,1
Byram Twp PD,2025-06,1
Caldwell PD,2021-05,2
Caldwell PD,2021-10,2
Caldwell PD,2022-04,2
Caldwell PD,2022-10,3
Caldwell PD,2023-01,2
Caldwell PD,2023-12,1
Caldwell PD,2024-03,2
Caldwell PD,2024-07,1
Caldwell PD,2025-01,2
Caldwell PD,2025-10,3
Caldwell PD,2025-11,1
Caldwell PD,2026-04,1
Caldwell PD,2026-05,1
Camden Co Corrections,2022-05,1
Camden Co Corrections,2023-12,1
Camden Co Corrections,2024-05,1
Camden Co Corrections,2024-12,2
Camden Co Corrections,2025-04,1
Camden Co Corrections,2025-08,2
Camden Co Corrections,2026-01,2
Camden Co Corrections,2026-03,5
Camden Co Corrections,2026-04,1
Camden Co Corrections,2026-05,2
Camden Co Prosecutors Office,2020-12,1
Camden Co Prosecutors Office,2022-03,2
Camden Co Prosecutors Office,2023-01,1
Camden Co Prosecutors Office,2023-03,1
Camden Co Prosecutors Office,2023-10,1
Camden Co Prosecutors Office,2024-01,1
Camden Co Prosecutors Office,2026-01,1
Camden Co Prosecutors Office,2026-05,1
Camden Co Sheriffs Office,2020-10,9
Camden Co Sheriffs Office,2020-11,2
Camden Co Sheriffs Office,2020-12,4
Camden Co Sheriffs Office,2021-01,5
Camden Co Sheriffs Office,2021-02,3
Camden Co Sheriffs Office,2021-03,3
Camden Co Sheriffs Office,2021-04,1
Camden Co Sheriffs Office,2021-05,2
Camden Co Sheriffs Office,2021-06,5
Camden Co Sheriffs Office,2021-07,8
Camden Co Sheriffs Office,2021-08,7
Camden Co Sheriffs Office,2021-09,4
Camden Co Sheriffs Office,2021-10,3
Camden Co Sheriffs Office,2021-11,4
Camden Co Sheriffs Office,2021-12,3
Camden Co Sheriffs Office,2022-01,2
Camden Co Sheriffs Office,2022-02,3
Camden Co Sheriffs Office,2022-03,9
Camden Co Sheriffs Office,2022-04,7
Camden Co Sheriffs Office,2022-05,3
Camden Co Sheriffs Office,2022-06,3
Camden Co Sheriffs Office,2022-07,2
Camden Co Sheriffs Office,2022-08,7
Camden Co Sheriffs Office,2022-09,1
Camden Co Sheriffs Office,2022-10,5
Camden Co Sheriffs Office,2022-11,2
Camden Co Sheriffs Office,2022-12,8
Camden Co Sheriffs Office,2023-01,3
Camden Co Sheriffs Office,2023-02,4
Camden Co Sheriffs Office,2023-03,5
Camden Co Sheriffs Office,2023-04,5
Camden Co Sheriffs Office,2023-05,4
Camden Co Sheriffs Office,2023-06,3
Camden Co Sheriffs Office,2023-07,2
Camden Co Sheriffs Office,2023-08,6
Camden Co Sheriffs Office,2023-09,3
Camden Co Sheriffs Office,2023-10,6
Camden Co Sheriffs Office,2023-11,2
Camden Co Sheriffs Office,2023-12,5
Camden Co Sheriffs Office,2024-01,5
Camden Co Sheriffs Office,2024-02,3
Camden Co Sheriffs Office,2024-03,4
Camden Co Sheriffs Office,2024-04,3
Camden Co Sheriffs Office,2024-05,3
Camden Co Sheriffs Office,2024-06,2
Camden Co Sheriffs Office,2024-07,4
Camden Co Sheriffs Office,2024-08,3
Camden Co Sheriffs Office,2024-09,4
Camden Co Sheriffs Office,2024-10,3
Camden Co Sheriffs Office,2024-11,7
Camden Co Sheriffs Office,2024-12,1
Camden Co Sheriffs Office,2025-01,3
Camden Co Sheriffs Office,2025-02,2
Camden Co Sheriffs Office,2025-03,9
Camden Co Sheriffs Office,2025-04,4
Camden Co Sheriffs Office,2025-05,4
Camden Co Sheriffs Office,2025-06,4
Camden Co Sheriffs Office,2025-07,2
Camden Co Sheriffs Office,2025-08,6
Camden Co Sheriffs Office,2025-09,5
Camden Co Sheriffs Office,2025-10,5
Camden Co Sheriffs Office,2025-11,3
Camden Co Sheriffs Office,2025-12,2
Camden Co Sheriffs Office,2026-01,2
Camden Co Sheriffs Office,2026-02,3
Camden Co Sheriffs Office,2026-03,3
Camden Co Sheriffs Office,2026-04,7
Camden Co Sheriffs Office,2026-05,3
Camden Co Sheriffs Office,2026-06,7
Camden Co Sheriffs Office,2026-07,7
Camden Co Sheriffs Office,2026-08,6
Camden PD,2020-10,19
Camden PD,2020-11,14
Camden PD,2020-12,10
Camden PD,2021-01,15
Camden PD,2021-02,6
Camden PD,2021-03,14
Camden PD,2021-04,14
Camden PD,2021-05,26
Camden PD,2021-06,24
Camden PD,2021-07,21
Camden PD,2021-08,16
Camden PD,2021-09,18
Camden PD,2021-10,18
Camden PD,2021-11,18
Camden PD,2021-12,15
Camden PD,2022-01,15
Camden PD,2022-02,22
Camden PD,2022-03,23
Camden PD,2022-04,20
Camden PD,2022-05,36
Camden PD,2022-06,30
Camden PD,2022-07,35
Camden PD,2022-08,38
Camden PD,2022-09,37
Camden PD,2022-10,33
Camden PD,2022-11,23
Camden PD,2022-12,19
Camden PD,2023-01,33
Camden PD,2023-02,21
Camden PD,2023-03,28
Camden PD,2023-04,23
Camden PD,2023-05,25
Camden PD,2023-06,24
Camden PD,2023-07,28
Camden PD,2023-08,35
Camden PD,2023-09,36
Camden PD,2023-10,35
Camden PD,2023-11,25
Camden PD,2023-12,21
Camden PD,2024-01,26
Camden PD,2024-02,28
Camden PD,2024-03,31
Camden PD,2024-04,31
Camden PD,2024-05,36
Camden PD,2024-06,21
Camden PD,2024-07,29
Camden PD,2024-08,43
Camden PD,2024-09,32
Camden PD,2024-10,34
Camden PD,2024-11,23
Camden PD,2024-12,19
Camden PD,2025-01,20
Camden PD,2025-02,20
Camden PD,2025-03,25
Camden PD,2025-04,31
Camden PD,2025-05,23
Camden PD,2025-06,25
Camden PD,2025-07,21
Camden PD,2025-08,33
Camden PD,2025-09,32
Camden PD,2025-10,38
Camden PD,2025-11,26
Camden PD,2025-12,20
Camden PD,2026-01,16
Camden PD,2026-02,25
Camden PD,2026-03,23
Camden PD,2026-04,28
Camden PD,2026-05,30
Camden PD,2026-06,27
Camden PD,2026-07,24
Camden PD,2026-08,35
Cape May City PD,2020-10,1
Cape May City PD,2021-01,1
Cape May City PD,2021-08,1
Cape May City PD,2021-09,2
Cape May City PD,2021-12,2
Cape May City PD,2022-01,1
Cape May City PD,2022-09,1
Cape May City PD,2023-02,1
Cape May City PD,2023-06,1
Cape May City PD,2023-07,2
Cape May City PD,2023-08,1
Cape May City PD,2023-09,1
Cape May City PD,2024-04,1
Cape May City PD,2024-05,2
Cape May City PD,2024-06,1
Cape May City PD,2024-07,3
Cape May City PD,2024-09,1
Cape May City PD,2024-11,1
Cape May City PD,2024-12,1
Cape May City PD,2025-01,1
Cape May City PD,2025-05,1
Cape May City PD,2025-06,3
Cape May City PD,2025-08,1
Cape May City PD,2025-09,1
Cape May City PD,2025-11,3
Cape May City PD,2026-03,1
Cape May City PD,2026-05,1
Cape May City PD,2026-07,3
Cape May Co Prosecutors Office,2021-04,1
Cape May Co Prosecutors Office,2022-10,1
Cape May Co Prosecutors Office,2024-02,1
Cape May Co Prosecutors Office,2024-04,1
Cape May Co Prosecutors Office,2024-06,2
Cape May Co Prosecutors Office,2025-01,1
Cape May Co Prosecutors Office,2025-08,1
Cape May Co Sheriffs Office,2022-06,2
Cape May Co Sheriffs Office,2022-07,1
Cape May Co Sheriffs Office,2022-09,1
Cape May Co Sheriffs Office,2022-10,1
Cape May Co Sheriffs Office,2023-03,1
Cape May Co Sheriffs Office,2023-04,1
Cape May Co Sheriffs Office,2023-05,1
Cape May Co Sheriffs Office,2024-01,1
Cape May Co Sheriffs Office,2024-05,1
Cape May Co Sheriffs Office,2025-04,1
Cape May Co Sheriffs Office,2025-05,7
Cape May Co Sheriffs Office,2025-07,2
Cape May Co Sheriffs Office,2026-05,1
Carlstadt PD,2021-01,1
Carlstadt PD,2021-02,1
Carlstadt PD,2021-03,2
Carlstadt PD,2021-08,1
Carlstadt PD,2022-04,1
Carlstadt PD,2022-05,1
Carlstadt PD,2022-08,1
Carlstadt PD,2022-10,1
Carlstadt PD,2023-04,2
Carlstadt PD,2023-06,1
Carlstadt PD,2023-07,2
Carlstadt PD,2023-09,2
Carlstadt PD,2023-10,1
Carlstadt PD,2023-11,2
Carlstadt PD,2023-12,2
Carlstadt PD,2024-01,2
Carlstadt PD,2024-03,1
Carlstadt PD,2024-04,1
Carlstadt PD,2024-05,1
Carlstadt PD,2024-06,1
Carlstadt PD,2024-07,1
Carlstadt PD,2024-08,1
Carlstadt PD,2025-03,2
Carlstadt PD,2025-04,1
Carlstadt PD,2025-08,2
Carlstadt PD,2025-11,2
Carlstadt PD,2026-02,3
Carlstadt PD,2026-04,1
Carlstadt PD,2026-08,1
Carneys Point PD,2020-10,1
Carneys Point PD,2020-12,1
Carneys Point PD,2021-03,1
Carneys Point PD,2021-07,3
Carneys Point PD,2021-11,1
Carneys Point PD,2021-12,2
Carneys Point PD,2022-01,2
Carneys Point PD,2022-08,1
Carneys Point PD,2022-10,2
Carneys Point PD,2022-12,1
Carneys Point PD,2023-02,1
Carneys Point PD,2023-03,1
Carneys Point PD,2023-05,1
Carneys Point PD,2023-09,1
Carneys Point PD,2023-10,1
Carneys Point PD,2024-03,1
Carneys Point PD,2024-04,1
Carneys Point PD,2024-07,2
Carneys Point PD,2024-09,1
Carneys Point PD,2025-01,1
Carneys Point PD,2025-10,1
Carneys Point PD,2026-07,2
Carteret PD,2020-10,2
Carteret PD,2020-11,3
Carteret PD,2020-12,2
Carteret PD,2021-02,2
Carteret PD,2021-03,1
Carteret PD,2021-04,2
Carteret PD,2021-06,3
Carteret PD,2021-07,1
Carteret PD,2021-08,1
Carteret PD,2021-09,2
Carteret PD,2021-10,1
Carteret PD,2021-11,2
Carteret PD,2021-12,2
Carteret PD,2022-01,4
Carteret PD,2022-03,4
Carteret PD,2022-04,2
Carteret PD,2022-07,3
Carteret PD,2022-08,1
Carteret PD,2022-09,6
Carteret PD,2022-10,2
Carteret PD,2022-11,3
Carteret PD,2022-12,4
Carteret PD,2023-01,5
Carteret PD,2023-02,1
Carteret PD,2023-03,3
Carteret PD,2023-05,3
Carteret PD,2023-06,2
Carteret PD,2023-07,4
Carteret PD,2023-08,3
Carteret PD,2023-09,4
Carteret PD,2023-10,1
Carteret PD,2023-11,2
Carteret PD,2023-12,1
Carteret PD,2024-01,4
Carteret PD,2024-02,2
Carteret PD,2024-04,5
Carteret PD,2024-05,2
Carteret PD,2024-06,1
Carteret PD,2024-07,3
Carteret PD,2024-08,4
Carteret PD,2024-09,10
Carteret PD,2024-10,5
Carteret PD,2024-11,1
Carteret PD,2024-12,5
Carteret PD,2025-01,5
Carteret PD,2025-02,4
Carteret PD,2025-03,4
Carteret PD,2025-04,4
Carteret PD,2025-05,2
Carteret PD,2025-06,2
Carteret PD,2025-07,2
Carteret PD,2025-08,4
Carteret PD,2025-09,3
Carteret PD,2025-10,4
Carteret PD,2025-11,4
Carteret PD,2025-12,4
Carteret PD,2026-01,6
Carteret PD,2026-02,2
Carteret PD,2026-03,2
Carteret PD,2026-04,5
Carteret PD,2026-05,3
Carteret PD,2026-06,5
Carteret PD,2026-07,3
Carteret PD,2026-08,2
Cedar Grove PD,2021-01,2
Cedar Grove PD,2021-05,1
Cedar Grove PD,2021-09,1
Cedar Grove PD,2022-02,1
Cedar Grove PD,2022-05,1
Cedar Grove PD,2022-08,2
Cedar Grove PD,2022-10,1
Cedar Grove PD,2022-11,1
Cedar Grove PD,2023-02,1
Cedar Grove PD,2023-09,1
Cedar Grove PD,2023-11,1
Cedar Grove PD,2023-12,1
Cedar Grove PD,2024-01,1
Cedar Grove PD,2024-04,2
Cedar Grove PD,2024-12,2
Cedar Grove PD,2025-01,1
Cedar Grove PD,2025-05,1
Cedar Grove PD,2025-10,1
Cedar Grove PD,2025-11,2
Cedar Grove PD,2025-12,1
Cedar Grove PD,2026-01,2
Cedar Grove PD,2026-04,1
Cedar Grove PD,2026-06,2
Cedar Grove PD,2026-08,2
Chatham Boro PD,2021-01,1
Chatham Boro PD,2021-04,1
Chatham Boro PD,2021-10,1
Chatham Boro PD,2021-12,1
Chatham Boro PD,2022-07,1
Chatham Boro PD,2022-08,1
Chatham Boro PD,2023-04,2
Chatham Boro PD,2023-11,1
Chatham Boro PD,2024-05,1
Chatham Boro PD,2024-07,1
Chatham Boro PD,2024-09,2
Chatham Boro PD,2024-12,1
Chatham Boro PD,2025-01,1
Chatham Boro PD,2025-03,1
Chatham Boro PD,2025-09,1
Chatham Boro PD,2025-10,2
Chatham Boro PD,2026-02,2
Chatham Boro PD,2026-03,2
Chatham Boro PD,2026-04,1
Chatham Boro PD,2026-05,1
Chatham Twp PD,2023-01,1
Chatham Twp PD,2023-05,1
Chatham Twp PD,2023-08,1
Chatham Twp PD,2023-11,1
Chatham Twp PD,2023-12,1
Chatham Twp PD,2024-03,1
Chatham Twp PD,2024-04,1
Chatham Twp PD,2024-05,1
Chatham Twp PD,2024-09,1
Chatham Twp PD,2025-04,1
Chatham Twp PD,2025-08,1
Chatham Twp PD,2025-09,1
Chatham Twp PD,2026-07,1
Cherry Hill Twp PD,2021-01,1
Cherry Hill Twp PD,2021-03,2
Cherry Hill Twp PD,2021-04,1
Cherry Hill Twp PD,2021-05,1
Cherry Hill Twp PD,2021-06,1
Cherry Hill Twp PD,2021-07,1
Cherry Hill Twp PD,2021-08,2
Cherry Hill Twp PD,2021-10,1
Cherry Hill Twp PD,2021-11,1
Cherry Hill Twp PD,2021-12,3
Cherry Hill Twp PD,2022-01,4
Cherry Hill Twp PD,2022-02,3
Cherry Hill Twp PD,2022-03,2
Cherry Hill Twp PD,2022-04,3
Cherry Hill Twp PD,2022-05,2
Cherry Hill Twp PD,2022-06,2
Cherry Hill Twp PD,2022-07,1
Cherry Hill Twp PD,2022-08,3
Cherry Hill Twp PD,2022-09,1
Cherry Hill Twp PD,2022-10,4
Cherry Hill Twp PD,2022-11,2
Cherry Hill Twp PD,2022-12,6
Cherry Hill Twp PD,2023-02,3
Cherry Hill Twp PD,2023-04,2
Cherry Hill Twp PD,2023-05,5
Cherry Hill Twp PD,2023-06,1
Cherry Hill Twp PD,2023-07,2
Cherry Hill Twp PD,2023-08,2
Cherry Hill Twp PD,2023-09,2
Cherry Hill Twp PD,2023-10,3
Cherry Hill Twp PD,2023-11,2
Cherry Hill Twp PD,2023-12,1
Cherry Hill Twp PD,2024-01,1
Cherry Hill Twp PD,2024-02,4
Cherry Hill Twp PD,2024-03,2
Cherry Hill Twp PD,2024-04,4
Cherry Hill Twp PD,2024-05,7
Cherry Hill Twp PD,2024-06,1
Cherry Hill Twp PD,2024-07,6
Cherry Hill Twp PD,2024-08,4
Cherry Hill Twp PD,2024-09,3
Cherry Hill Twp PD,2024-10,2
Cherry Hill Twp PD,2024-11,1
Cherry Hill Twp PD,2024-12,3
Cherry Hill Twp PD,2025-01,6
Cherry Hill Twp PD,2025-02,3
Cherry Hill Twp PD,2025-03,2
Cherry Hill Twp PD,2025-04,2
Cherry Hill Twp PD,2025-05,1
Cherry Hill Twp PD,2025-06,3
Cherry Hill Twp PD,2025-07,3
Cherry Hill Twp PD,2025-08,2
Cherry Hill Twp PD,2025-09,4
Cherry Hill Twp PD,2025-10,6
Cherry Hill Twp PD,2025-12,1
Cherry Hill Twp PD,2026-01,3
Cherry Hill Twp PD,2026-02,4
Cherry Hill Twp PD,2026-03,5
Cherry Hill Twp PD,2026-04,1
Cherry Hill Twp PD,2026-05,3
Cherry Hill Twp PD,2026-07,2
Cherry Hill Twp PD,2026-08,1
Chesilhurst PD,2021-11,1
Chesilhurst PD,2022-04,1
Chesilhurst PD,2022-12,1
Chesilhurst PD,2023-07,1
Chesilhurst PD,2024-03,1
Chesilhurst PD,2024-04,1
Chesilhurst PD,2025-05,1
Chester PD,2020-11,1
Chester PD,2020-12,1
Chester PD,2021-11,2
Chester PD,2022-05,2
Chester PD,2022-07,2
Chester PD,2023-09,1
Chester PD,2023-10,1
Chester PD,2023-11,1
Chester PD,2024-01,2
Chester PD,2024-02,1
Chester PD,2025-01,1
Chester PD,2025-08,1
Chester PD,2025-12,3
Chester PD,2026-04,2
Chester PD,2026-06,1
Chester PD,2026-08,1
Chesterfield Twp PD,2021-05,1
Chesterfield Twp PD,2021-06,1
Chesterfield Twp PD,2022-01,1
Chesterfield Twp PD,2022-08,1
Chesterfield Twp PD,2022-09,1
Chesterfield Twp PD,2022-11,1
Chesterfield Twp PD,2023-12,1
Chesterfield Twp PD,2025-03,1
Cinnaminson PD,2020-10,1
Cinnaminson PD,2020-12,1
Cinnaminson PD,2021-01,5
Cinnaminson PD,2021-02,1
Cinnaminson PD,2021-04,1
Cinnaminson PD,2021-06,2
Cinnaminson PD,2021-08,2
Cinnaminson PD,2021-09,2
Cinnaminson PD,2021-10,4
Cinnaminson PD,2021-11,1
Cinnaminson PD,2022-06,2
Cinnaminson PD,2022-07,4
Cinnaminson PD,2022-08,2
Cinnaminson PD,2022-10,2
Cinnaminson PD,2022-12,1
Cinnaminson PD,2023-01,1
Cinnaminson PD,2023-03,1
Cinnaminson PD,2023-05,1
Cinnaminson PD,2023-06,4
Cinnaminson PD,2023-07,2
Cinnaminson PD,2023-08,1
Cinnaminson PD,2023-09,1
Cinnaminson PD,2023-10,1
Cinnaminson PD,2023-11,1
Cinnaminson PD,2023-12,1
Cinnaminson PD,2024-02,1
Cinnaminson PD,2024-03,1
Cinnaminson PD,2024-04,3
Cinnaminson PD,2024-05,1
Cinnaminson PD,2024-06,3
Cinnaminson PD,2024-07,1
Cinnaminson PD,2024-09,4
Cinnaminson PD,2024-10,1
Cinnaminson PD,2025-03,1
Cinnaminson PD,2025-04,1
Cinnaminson PD,2025-05,2
Cinnaminson PD,2025-06,2
Cinnaminson PD,2025-08,1
Cinnaminson PD,2025-09,1
Cinnaminson PD,2025-11,1
Cinnaminson PD,2025-12,1
Cinnaminson PD,2026-01,2
Cinnaminson PD,2026-02,1
Cinnaminson PD,2026-03,2
Cinnaminson PD,2026-04,1
Cinnaminson PD,2026-05,2
Cinnaminson PD,2026-06,6
Clark PD,2020-12,1
Clark PD,2021-02,2
Clark PD,2021-04,1
Clark PD,2021-06,2
Clark PD,2021-07,4
Clark PD,2021-10,2
Clark PD,2021-11,3
Clark PD,2021-12,1
Clark PD,2022-01,1
Clark PD,2022-03,1
Clark PD,2022-09,1
Clark PD,2022-10,1
Clark PD,2022-11,4
Clark PD,2022-12,1
Clark PD,2023-03,1
Clark PD,2023-05,1
Clark PD,2023-07,4
Clark PD,2023-09,1
Clark PD,2023-10,1
Clark PD,2024-03,1
Clark PD,2024-05,1
Clark PD,2024-06,1
Clark PD,2024-07,1
Clark PD,2024-11,1
Clark PD,2024-12,1
Clark PD,2025-07,1
Clark PD,2025-09,1
Clark PD,2025-10,1
Clark PD,2025-11,1
Clark PD,2026-04,2
Clark PD,2026-06,1
Clark PD,2026-07,2
Clark PD,2026-08,4
Clayton PD,2020-10,1
Clayton PD,2021-02,1
Clayton PD,2021-03,1
Clayton PD,2021-04,2
Clayton PD,2021-07,2
Clayton PD,2021-09,2
Clayton PD,2021-10,2
Clayton PD,2021-11,2
Clayton PD,2022-01,2
Clayton PD,2022-03,1
Clayton PD,2022-04,1
Clayton PD,2022-06,1
Clayton PD,2022-08,2
Clayton PD,2022-09,1
Clayton PD,2022-10,1
Clayton PD,2022-11,1
Clayton PD,2022-12,1
Clayton PD,2023-01,1
Clayton PD,2023-03,1
Clayton PD,2023-04,3
Clayton PD,2023-05,1
Clayton PD,2023-06,1
Clayton PD,2023-08,1
Clayton PD,2024-02,1
Clayton PD,2024-04,2
Clayton PD,2024-06,1
Clayton PD,2024-08,3
Clayton PD,2024-12,1
Clayton PD,2025-01,2
Clayton PD,2025-03,1
Clayton PD,2025-04,1
Clayton PD,2025-06,1
Clayton PD,2025-07,1
Clayton PD,2025-08,1
Clayton PD,2025-10,2
Clayton PD,2025-12,1
Clayton PD,2026-01,1
Clayton PD,2026-05,3
Clayton PD,2026-06,1
Clayton PD,2026-07,1
Clementon Boro PD,2020-11,1
Clementon Boro PD,2021-01,2
Clementon Boro PD,2021-02,1
Clementon Boro PD,2021-03,1
Clementon Boro PD,2021-07,2
Clementon Boro PD,2021-08,1
Clementon Boro PD,2021-09,3
Clementon Boro PD,2021-10,1
Clementon Boro PD,2022-01,2
Clementon Boro PD,2022-03,1
Clementon Boro PD,2022-05,2
Clementon Boro PD,2022-07,2
Clementon Boro PD,2022-12,2
Clementon Boro PD,2023-02,4
Clementon Boro PD,2023-04,1
Clementon Boro PD,2023-05,1
Clementon Boro PD,2023-06,2
Clementon Boro PD,2023-07,2
Clementon Boro PD,2023-08,1
Clementon Boro PD,2023-09,1
Clementon Boro PD,2023-11,3
Clementon Boro PD,2024-01,1
Clementon Boro PD,2024-02,2
Clementon Boro PD,2024-03,2
Clementon Boro PD,2024-04,2
Clementon Boro PD,2024-05,2
Clementon Boro PD,2024-06,3
Clementon Boro PD,2024-08,1
Clementon Boro PD,2024-10,4
Clementon Boro PD,2024-11,1
Clementon Boro PD,2025-01,1
Clementon Boro PD,2025-02,1
Clementon Boro PD,2025-05,5
Clementon Boro PD,2025-06,2
Clementon Boro PD,2025-07,1
Clementon Boro PD,2025-08,2
Clementon Boro PD,2025-09,1
Clementon Boro PD,2025-11,2
Clementon Boro PD,2025-12,2
Clementon Boro PD,2026-03,1
Clementon Boro PD,2026-05,1
Clementon Boro PD,2026-06,4
Clementon Boro PD,2026-07,2
Clementon Boro PD,2026-08,2
Cliffside Park PD,2020-11,1
Cliffside Park PD,2020-12,1
Cliffside Park PD,2021-01,1
Cliffside Park PD,2021-03,1
Cliffside Park PD,2021-05,1
Cliffside Park PD,2021-06,1
Cliffside Park PD,2021-07,2
Cliffside Park PD,2021-09,1
Cliffside Park PD,2021-11,2
Cliffside Park PD,2021-12,2
Cliffside Park PD,2022-01,1
Cliffside Park PD,2022-04,3
Cliffside Park PD,2022-05,2
Cliffside Park PD,2022-06,2
Cliffside Park PD,2022-10,1
Cliffside Park PD,2022-11,2
Cliffside Park PD,2023-01,1
Cliffside Park PD,2023-02,1
Cliffside Park PD,2023-04,1
Cliffside Park PD,2023-05,2
Cliffside Park PD,2023-06,1
Cliffside Park PD,2023-07,1
Cliffside Park PD,2023-10,1
Cliffside Park PD,2023-12,2
Cliffside Park PD,2024-05,1
Cliffside Park PD,2024-06,2
Cliffside Park PD,2024-09,1
Cliffside Park PD,2024-10,1
Cliffside Park PD,2024-11,2
Cliffside Park PD,2025-01,1
Cliffside Park PD,2025-02,1
Cliffside Park PD,2025-07,1
Cliffside Park PD,2025-08,2
Cliffside Park PD,2025-11,4
Cliffside Park PD,2025-12,1
Cliffside Park PD,2026-05,1
Cliffside Park PD,2026-07,4
Clifton PD,2020-10,8
Clifton PD,2020-11,3
Clifton PD,2020-12,6
Clifton PD,2021-02,6
Clifton PD,2021-03,7
Clifton PD,2021-04,3
Clifton PD,2021-05,3
Clifton PD,2021-06,4
Clifton PD,2021-07,2
Clifton PD,2021-09,6
Clifton PD,2021-10,11
Clifton PD,2021-11,4
Clifton PD,2021-12,3
Clifton PD,2022-01,7
Clifton PD,2022-02,5
Clifton PD,2022-03,4
Clifton PD,2022-04,5
Clifton PD,2022-05,7
Clifton PD,2022-06,5
Clifton PD,2022-07,4
Clifton PD,2022-08,15
Clifton PD,2022-09,10
Clifton PD,2022-10,6
Clifton PD,2022-11,10
Clifton PD,2022-12,4
Clifton PD,2023-01,5
Clifton PD,2023-02,5
Clifton PD,2023-03,5
Clifton PD,2023-04,12
Clifton PD,2023-05,7
Clifton PD,2023-06,9
Clifton PD,2023-07,1
Clifton PD,2023-08,4
Clifton PD,2023-09,5
Clifton PD,2023-10,10
Clifton PD,2023-11,2
Clifton PD,2023-12,9
Clifton PD,2024-01,2
Clifton PD,2024-02,9
Clifton PD,2024-03,2
Clifton PD,2024-04,5
Clifton PD,2024-05,1
Clifton PD,2024-06,3
Clifton PD,2024-07,7
Clifton PD,2024-08,3
Clifton PD,2024-09,11
Clifton PD,2024-10,5
Clifton PD,2024-11,4
Clifton PD,2024-12,4
Clifton PD,2025-01,6
Clifton PD,2025-02,3
Clifton PD,2025-03,6
Clifton PD,2025-04,5
Clifton PD,2025-05,5
Clifton PD,2025-06,6
Clifton PD,2025-07,7
Clifton PD,2025-08,8
Clifton PD,2025-09,11
Clifton PD,2025-10,8
Clifton PD,2025-11,12
Clifton PD,2025-12,5
Clifton PD,2026-01,9
Clifton PD,2026-02,5
Clifton PD,2026-03,4
Clifton PD,2026-04,6
Clifton PD,2026-05,2
Clifton PD,2026-06,9
Clifton PD,2026-07,2
Clifton PD,2026-08,10
Clinton Town PD,2020-10,1
Clinton Town PD,2021-05,1
Clinton Town PD,2021-07,2
Clinton Town PD,2021-08,1
Clinton Town PD,2021-09,1
Clinton Town PD,2022-05,1
Clinton Town PD,2022-11,1
Clinton Town PD,2023-08,1
Clinton Town PD,2023-10,1
Clinton Town PD,2025-12,1
Clinton Town PD,2026-02,1
Clinton Town PD,2026-03,1
Clinton Twp PD,2020-10,3
Clinton Twp PD,2021-01,1
Clinton Twp PD,2021-07,2
Clinton Twp PD,2021-08,3
Clinton Twp PD,2021-09,1
Clinton Twp PD,2021-10,3
Clinton Twp PD,2021-11,1
Clinton Twp PD,2022-02,1
Clinton Twp PD,2022-04,1
Clinton Twp PD,2022-05,1
Clinton Twp PD,2022-06,1
Clinton Twp PD,2022-08,1
Clinton Twp PD,2022-09,2
Clinton Twp PD,2023-03,1
Clinton Twp PD,2023-04,2
Clinton Twp PD,2023-05,1
Clinton Twp PD,2023-06,3
Clinton Twp PD,2023-08,1
Clinton Twp PD,2023-09,1
Clinton Twp PD,2023-10,3
Clinton Twp PD,2023-11,2
Clinton Twp PD,2024-01,3
Clinton Twp PD,2024-02,2
Clinton Twp PD,2024-03,1
Clinton Twp PD,2024-06,1
Clinton Twp PD,2024-11,3
Clinton Twp PD,2024-12,1
Clinton Twp PD,2025-02,1
Clinton Twp PD,2025-03,1
Clinton Twp PD,2025-04,2
Clinton Twp PD,2025-05,1
Clinton Twp PD,2025-06,1
Clinton Twp PD,2025-07,1
Clinton Twp PD,2025-08,2
Clinton Twp PD,2025-09,1
Clinton Twp PD,2025-12,3
Clinton Twp PD,2026-01,1
Clinton Twp PD,2026-04,2
Clinton Twp PD,2026-05,2
Clinton Twp PD,2026-06,3
Clinton Twp PD,2026-07,2
Clinton Twp PD,2026-08,1
Closter PD,2022-07,1
Closter PD,2022-08,2
Closter PD,2022-09,1
Closter PD,2022-12,1
Closter PD,2023-06,2
Closter PD,2023-10,1
Closter PD,2023-11,1
Closter PD,2024-01,3
Closter PD,2024-07,1
Closter PD,2024-08,2
Closter PD,2024-09,2
Closter PD,2025-01,3
Closter PD,2025-02,1
Closter PD,2025-09,1
Closter PD,2025-12,2
Closter PD,2026-04,1
Closter PD,2026-07,1
College Of New Jersey,2021-03,1
College Of New Jersey,2022-04,1
College Of New Jersey,2022-10,1
College Of New Jersey,2023-10,1
College Of New Jersey,2025-02,1
College Of New Jersey,2025-05,1
College Of New Jersey,2025-11,1
College Of New Jersey,2025-12,1
Collingswood PD,2020-10,3
Collingswood PD,2020-11,3
Collingswood PD,2020-12,1
Collingswood PD,2021-01,2
Collingswood PD,2021-03,1
Collingswood PD,2021-04,1
Collingswood PD,2021-05,1
Collingswood PD,2021-06,1
Collingswood PD,2021-07,2
Collingswood PD,2021-09,1
Collingswood PD,2021-11,4
Collingswood PD,2021-12,2
Collingswood PD,2022-02,1
Collingswood PD,2022-03,3
Collingswood PD,2022-05,1
Collingswood PD,2022-07,1
Collingswood PD,2022-08,1
Collingswood PD,2022-09,1
Collingswood PD,2022-10,1
Collingswood PD,2023-01,1
Collingswood PD,2023-02,1
Collingswood PD,2023-06,3
Collingswood PD,2023-07,1
Collingswood PD,2023-08,1
Collingswood PD,2023-09,2
Collingswood PD,2023-11,1
Collingswood PD,2024-03,2
Collingswood PD,2024-04,2
Collingswood PD,2024-06,2
Collingswood PD,2024-07,1
Collingswood PD,2024-08,1
Collingswood PD,2024-10,1
Collingswood PD,2024-11,1
Collingswood PD,2024-12,1
Collingswood PD,2025-01,1
Collingswood PD,2025-05,1
Collingswood PD,2025-09,1
Collingswood PD,2025-10,2
Collingswood PD,2026-01,2
Collingswood PD,2026-02,1
Collingswood PD,2026-03,1
Collingswood PD,2026-07,1
Colts Neck PD,2020-11,1
Colts Neck PD,2021-01,1
Colts Neck PD,2021-03,1
Colts Neck PD,2021-10,2
Colts Neck PD,2022-01,1
Colts Neck PD,2023-03,1
Colts Neck PD,2023-04,2
Colts Neck PD,2024-06,1
Colts Neck PD,2025-01,1
Cranbury Twp PD,2021-01,2
Cranbury Twp PD,2021-03,1
Cranbury Twp PD,2022-02,2
Cranbury Twp PD,2022-04,1
Cranbury Twp PD,2023-08,1
Cranbury Twp PD,2023-09,1
Cranbury Twp PD,2024-04,1
Cranbury Twp PD,2024-09,1
Cranbury Twp PD,2025-08,1
Cranbury Twp PD,2025-12,1
Cranbury Twp PD,2026-07,1
Cranbury Twp PD,2026-08,1
Cranford PD,2020-10,1
Cranford PD,2020-11,3
Cranford PD,2020-12,1
Cranford PD,2021-03,2
Cranford PD,2021-06,1
Cranford PD,2021-07,2
Cranford PD,2021-08,1
Cranford PD,2021-09,1
Cranford PD,2021-11,1
Cranford PD,2022-02,1
Cranford PD,2022-03,1
Cranford PD,2022-05,5
Cranford PD,2022-06,1
Cranford PD,2022-07,2
Cranford PD,2022-09,2
Cranford PD,2022-10,1
Cranford PD,2022-12,1
Cranford PD,2023-02,2
Cranford PD,2023-03,2
Cranford PD,2023-05,1
Cranford PD,2023-09,2
Cranford PD,2023-10,5
Cranford PD,2023-11,1
Cranford PD,2023-12,1
Cranford PD,2024-01,2
Cranford PD,2024-05,2
Cranford PD,2024-06,1
Cranford PD,2024-07,1
Cranford PD,2024-09,3
Cranford PD,2024-10,1
Cranford PD,2024-11,1
Cranford PD,2024-12,1
Cranford PD,2025-02,1
Cranford PD,2025-04,2
Cranford PD,2025-05,2
Cranford PD,2025-06,1
Cranford PD,2025-08,2
Cranford PD,2025-09,2
Cranford PD,2025-10,2
Cranford PD,2025-11,2
Cranford PD,2025-12,1
Cranford PD,2026-01,1
Cranford PD,2026-04,3
Cranford PD,2026-05,3
Cranford PD,2026-06,1
Cranford PD,2026-07,2
Cranford PD,2026-08,2
Cresskill PD,2021-07,1
Cresskill PD,2023-02,1
Cresskill PD,2024-08,1
Cresskill PD,2025-07,1
Cresskill PD,2025-08,1
Cresskill PD,2025-12,1
Cumberland Co Corrections,2024-07,1
Cumberland Co Corrections,2025-03,1
Cumberland Co Corrections,2025-08,1
Cumberland Co Prosecutors Office,2022-07,1
Cumberland Co Prosecutors Office,2023-03,1
Cumberland Co Prosecutors Office,2023-05,2
Cumberland Co Prosecutors Office,2023-07,1
Cumberland Co Prosecutors Office,2023-09,1
Cumberland Co Prosecutors Office,2023-11,1
Cumberland Co Prosecutors Office,2024-09,1
Cumberland Co Prosecutors Office,2024-11,1
Cumberland Co Prosecutors Office,2025-03,1
Cumberland Co Prosecutors Office,2025-06,2
Cumberland Co Prosecutors Office,2025-10,1
Cumberland Co Prosecutors Office,2025-11,1
Cumberland Co Prosecutors Office,2026-03,1
Cumberland Co Prosecutors Office,2026-08,2
Cumberland Co Sheriffs Dept,2021-06,1
Cumberland Co Sheriffs Dept,2023-02,1
Cumberland Co Sheriffs Dept,2023-11,3
Cumberland Co Sheriffs Dept,2024-01,1
Cumberland Co Sheriffs Dept,2024-05,1
Cumberland Co Sheriffs Dept,2024-07,1
Cumberland Co Sheriffs Dept,2024-08,3
Cumberland Co Sheriffs Dept,2024-09,1
Cumberland Co Sheriffs Dept,2024-10,1
Cumberland Co Sheriffs Dept,2025-01,1
Cumberland Co Sheriffs Dept,2025-02,2
Cumberland Co Sheriffs Dept,2025-03,3
Cumberland Co Sheriffs Dept,2025-05,1
Cumberland Co Sheriffs Dept,2026-01,1
Cumberland Co Sheriffs Dept,2026-02,2
Cumberland Co Sheriffs Dept,2026-03,1
Cumberland Co Sheriffs Dept,2026-04,1
Cumberland Co Sheriffs Dept,2026-05,2
Cumberland Co Sheriffs Dept,2026-07,4
Cumberland Co Sheriffs Dept,2026-08,1
Deal PD,2022-01,2
Deal PD,2022-02,2
Deal PD,2022-08,1
Deal PD,2022-09,1
Deal PD,2023-03,1
Deal PD,2023-05,1
Deal PD,2023-07,1
Deal PD,2023-11,2
Deal PD,2024-02,2
Deal PD,2024-11,1
Deal PD,2024-12,1
Deal PD,2025-06,2
Delanco Twp PD,2021-02,2
Delanco Twp PD,2021-05,1
Delanco Twp PD,2021-08,1
Delanco Twp PD,2021-09,1
Delanco Twp PD,2022-05,3
Delanco Twp PD,2022-07,1
Delanco Twp PD,2022-12,2
Delanco Twp PD,2023-03,1
Delanco Twp PD,2023-08,1
Delanco Twp PD,2023-11,2
Delanco Twp PD,2023-12,1
Delanco Twp PD,2025-02,1
Delanco Twp PD,2025-03,2
Delanco Twp PD,2025-07,1
Delanco Twp PD,2025-10,1
Delanco Twp PD,2025-11,1
Delanco Twp PD,2025-12,2
Delanco Twp PD,2026-01,1
Delanco Twp PD,2026-03,1
Delanco Twp PD,2026-05,1
Delanco Twp PD,2026-06,1
Delaware River Port Authority,2020-10,7
Delaware River Port Authority,2020-11,2
Delaware River Port Authority,2020-12,7
Delaware River Port Authority,2021-01,7
Delaware River Port Authority,2021-02,3
Delaware River Port Authority,2021-03,6
Delaware River Port Authority,2021-04,4
Delaware River Port Authority,2021-05,2
Delaware River Port Authority,2021-06,2
Delaware River Port Authority,2021-07,1
Delaware River Port Authority,2021-09,5
Delaware River Port Authority,2021-11,2
Delaware River Port Authority,2021-12,4
Delaware River Port Authority,2022-01,2
Delaware River Port Authority,2022-02,4
Delaware River Port Authority,2022-03,3
Delaware River Port Authority,2022-04,6
Delaware River Port Authority,2022-05,2
Delaware River Port Authority,2022-06,5
Delaware River Port Authority,2022-07,3
Delaware River Port Authority,2022-08,2
Delaware River Port Authority,2022-09,2
Delaware River Port Authority,2022-10,3
Delaware River Port Authority,2022-11,2
Delaware River Port Authority,2022-12,3
Delaware River Port Authority,2023-01,4
Delaware River Port Authority,2023-02,3
Delaware River Port Authority,2023-03,9
Delaware River Port Authority,2023-04,7
Delaware River Port Authority,2023-05,3
Delaware River Port Authority,2023-06,10
Delaware River Port Authority,2023-07,9
Delaware River Port Authority,2023-08,5
Delaware River Port Authority,2023-09,2
Delaware River Port Authority,2023-10,5
Delaware River Port Authority,2023-11,8
Delaware River Port Authority,2023-12,2
Delaware River Port Authority,2024-01,5
Delaware River Port Authority,2024-02,6
Delaware River Port Authority,2024-03,11
Delaware River Port Authority,2024-04,9
Delaware River Port Authority,2024-05,11
Delaware River Port Authority,2024-06,11
Delaware River Port Authority,2024-07,8
Delaware River Port Authority,2024-08,10
Delaware River Port Authority,2024-09,9
Delaware River Port Authority,2024-10,10
Delaware River Port Authority,2024-11,12
Delaware River Port Authority,2024-12,16
Delaware River Port Authority,2025-01,13
Delaware River Port Authority,2025-02,5
Delaware River Port Authority,2025-03,5
Delaware River Port Authority,2025-04,2
Delaware River Port Authority,2025-05,4
Delaware River Port Authority,2025-06,5
Delaware River Port Authority,2025-07,6
Delaware River Port Authority,2025-08,7
Delaware River Port Authority,2025-09,2
Delaware River Port Authority,2025-10,7
Delaware River Port Authority,2025-11,7
Delaware River Port Authority,2025-12,5
Delaware River Port Authority,2026-01,7
Delaware River Port Authority,2026-02,10
Delaware River Port Authority,2026-03,10
Delaware River Port Authority,2026-04,7
Delaware River Port Authority,2026-05,8
Delaware River Port Authority,2026-06,7
Delaware River Port Authority,2026-07,8
Delaware River Port Authority,2026-08,4
Delaware River and Bay Authority PD,2024-05,1
Delaware River and Bay Authority PD,2024-10,1
Delaware River and Bay Authority PD,2024-11,2
Delaware River and Bay Authority PD,2025-09,1
Delaware Twp PD,2021-03,1
Delaware Twp PD,2023-07,1
Delaware Twp PD,2024-03,1
Delran Twp PD,2021-03,4
Delran Twp PD,2021-04,1
Delran Twp PD,2021-07,1
Delran Twp PD,2021-12,1
Delran Twp PD,2022-02,1
Delran Twp PD,2022-05,2
Delran Twp PD,2022-08,1
Delran Twp PD,2023-01,2
Delran Twp PD,2023-04,1
Delran Twp PD,2023-06,1
Delran Twp PD,2023-07,1
Delran Twp PD,2023-08,1
Delran Twp PD,2023-09,2
Delran Twp PD,2023-10,1
Delran Twp PD,2024-03,1
Delran Twp PD,2024-06,2
Delran Twp PD,2024-07,1
Delran Twp PD,2024-08,1
Delran Twp PD,2024-09,1
Delran Twp PD,2025-03,1
Delran Twp PD,2025-04,2
Delran Twp PD,2025-05,2
Delran Twp PD,2025-06,1
Delran Twp PD,2025-09,1
Delran Twp PD,2025-10,1
Delran Twp PD,2025-12,2
Delran Twp PD,2026-04,2
Delran Twp PD,2026-06,1
Delran Twp PD,2026-07,2
Demarest PD,2021-02,1
Demarest PD,2021-06,1
Demarest PD,2023-06,1
Demarest PD,2023-10,1
Demarest PD,2024-07,1
Demarest PD,2024-09,1
Demarest PD,2025-01,1
Demarest PD,2025-09,1
Demarest PD,2026-01,2
Demarest PD,2026-05,1
Denville PD,2020-10,1
Denville PD,2020-11,3
Denville PD,2021-01,1
Denville PD,2021-05,1
Denville PD,2021-08,1
Denville PD,2021-11,1
Denville PD,2022-03,1
Denville PD,2022-04,3
Denville PD,2022-05,1
Denville PD,2022-06,1
Denville PD,2022-08,1
Denville PD,2022-09,1
Denville PD,2022-11,1
Denville PD,2022-12,1
Denville PD,2023-03,1
Denville PD,2023-04,1
Denville PD,2023-05,1
Denville PD,2023-06,2
Denville PD,2023-07,3
Denville PD,2023-08,2
Denville PD,2023-09,2
Denville PD,2023-11,1
Denville PD,2024-04,2
Denville PD,2024-06,1
Denville PD,2024-07,2
Denville PD,2024-09,1
Denville PD,2025-06,2
Denville PD,2025-12,1
Denville PD,2026-05,1
Denville PD,2026-08,1
Department of Corrections,2021-10,1
Department of Corrections,2021-11,1
Department of Corrections,2021-12,1
Department of Corrections,2022-01,2
Department of Corrections,2022-08,1
Department of Corrections,2024-01,1
Department of Corrections,2024-02,2
Department of Corrections,2025-05,1
Department of Corrections,2025-11,3
Department of Corrections,2025-12,1
Department of Corrections,2026-04,2
Department of Corrections,2026-05,1
Deptford Twp PD,2020-10,4
Deptford Twp PD,2020-11,4
Deptford Twp PD,2020-12,3
Deptford Twp PD,2021-01,6
Deptford Twp PD,2021-02,2
Deptford Twp PD,2021-03,1
Deptford Twp PD,2021-04,8
Deptford Twp PD,2021-05,6
Deptford Twp PD,2021-06,5
Deptford Twp PD,2021-07,6
Deptford Twp PD,2021-08,8
Deptford Twp PD,2021-09,6
Deptford Twp PD,2021-10,6
Deptford Twp PD,2021-11,3
Deptford Twp PD,2021-12,6
Deptford Twp PD,2022-01,3
Deptford Twp PD,2022-02,7
Deptford Twp PD,2022-03,5
Deptford Twp PD,2022-04,1
Deptford Twp PD,2022-05,7
Deptford Twp PD,2022-06,3
Deptford Twp PD,2022-07,3
Deptford Twp PD,2022-08,4
Deptford Twp PD,2022-09,3
Deptford Twp PD,2022-10,3
Deptford Twp PD,2022-11,6
Deptford Twp PD,2022-12,7
Deptford Twp PD,2023-01,2
Deptford Twp PD,2023-02,6
Deptford Twp PD,2023-03,4
Deptford Twp PD,2023-04,2
Deptford Twp PD,2023-05,5
Deptford Twp PD,2023-06,5
Deptford Twp PD,2023-07,7
Deptford Twp PD,2023-08,3
Deptford Twp PD,2023-09,3
Deptford Twp PD,2023-10,5
Deptford Twp PD,2023-11,3
Deptford Twp PD,2023-12,3
Deptford Twp PD,2024-01,4
Deptford Twp PD,2024-02,3
Deptford Twp PD,2024-03,13
Deptford Twp PD,2024-04,4
Deptford Twp PD,2024-05,5
Deptford Twp PD,2024-06,11
Deptford Twp PD,2024-07,4
Deptford Twp PD,2024-08,5
Deptford Twp PD,2024-09,5
Deptford Twp PD,2024-10,6
Deptford Twp PD,2024-11,3
Deptford Twp PD,2024-12,9
Deptford Twp PD,2025-01,12
Deptford Twp PD,2025-02,5
Deptford Twp PD,2025-03,3
Deptford Twp PD,2025-04,3
Deptford Twp PD,2025-05,1
Deptford Twp PD,2025-06,9
Deptford Twp PD,2025-07,10
Deptford Twp PD,2025-08,2
Deptford Twp PD,2025-09,2
Deptford Twp PD,2025-10,7
Deptford Twp PD,2025-11,13
Deptford Twp PD,2025-12,4
Deptford Twp PD,2026-01,3
Deptford Twp PD,2026-02,5
Deptford Twp PD,2026-03,4
Deptford Twp PD,2026-04,5
Deptford Twp PD,2026-05,3
Deptford Twp PD,2026-06,6
Deptford Twp PD,2026-07,4
Deptford Twp PD,2026-08,1
Division Of Fish And Wildlife,2020-10,1
Division Of Fish And Wildlife,2024-06,1
Division of Criminal Justice,2021-06,2
Division of Criminal Justice,2023-12,1
Division of Criminal Justice,2024-04,1
Division of Criminal Justice,2025-04,1
Division of Criminal Justice,2026-07,1
Dover PD,2020-10,1
Dover PD,2020-11,1
Dover PD,2021-01,2
Dover PD,2021-02,1
Dover PD,2021-06,2
Dover PD,2021-07,1
Dover PD,2021-08,1
Dover PD,2021-09,1
Dover PD,2021-10,2
Dover PD,2021-11,2
Dover PD,2022-02,1
Dover PD,2022-03,1
Dover PD,2022-05,3
Dover PD,2022-06,1
Dover PD,2022-08,2
Dover PD,2022-12,3
Dover PD,2023-01,1
Dover PD,2023-04,1
Dover PD,2023-06,3
Dover PD,2023-07,1
Dover PD,2023-08,4
Dover PD,2023-11,1
Dover PD,2023-12,2
Dover PD,2024-01,2
Dover PD,2024-03,1
Dover PD,2024-06,2
Dover PD,2024-07,2
Dover PD,2024-08,2
Dover PD,2024-09,3
Dover PD,2024-10,1
Dover PD,2025-01,4
Dover PD,2025-03,2
Dover PD,2025-04,2
Dover PD,2025-05,3
Dover PD,2025-07,2
Dover PD,2025-08,1
Dover PD,2025-09,2
Dover PD,2025-10,2
Dover PD,2025-11,1
Dover PD,2025-12,1
Dover PD,2026-02,3
Dover PD,2026-03,2
Dover PD,2026-05,2
Dover PD,2026-06,1
Dover PD,2026-07,1
Dumont PD,2020-11,1
Dumont PD,2020-12,1
Dumont PD,2021-06,1
Dumont PD,2022-01,1
Dumont PD,2022-04,1
Dumont PD,2022-05,1
Dumont PD,2022-08,2
Dumont PD,2022-11,2
Dumont PD,2022-12,1
Dumont PD,2023-03,1
Dumont PD,2023-05,1
Dumont PD,2023-10,1
Dumont PD,2024-07,1
Dumont PD,2024-09,1
Dumont PD,2024-10,1
Dumont PD,2025-02,1
Dumont PD,2025-09,1
Dumont PD,2025-10,1
Dumont PD,2025-12,1
Dumont PD,2026-04,1
Dumont PD,2026-06,1
Dumont PD,2026-08,2
Dunellen PD,2020-12,1
Dunellen PD,2021-04,1
Dunellen PD,2021-05,1
Dunellen PD,2021-06,1
Dunellen PD,2021-08,1
Dunellen PD,2021-09,2
Dunellen PD,2021-12,1
Dunellen PD,2022-02,1
Dunellen PD,2022-04,1
Dunellen PD,2022-05,1
Dunellen PD,2022-06,1
Dunellen PD,2022-07,1
Dunellen PD,2022-11,1
Dunellen PD,2023-01,2
Dunellen PD,2023-04,1
Dunellen PD,2023-06,1
Dunellen PD,2023-09,1
Dunellen PD,2023-11,1
Dunellen PD,2023-12,1
Dunellen PD,2024-05,1
Dunellen PD,2024-07,1
Dunellen PD,2024-08,1
Dunellen PD,2025-03,2
Dunellen PD,2025-08,2
Dunellen PD,2025-10,1
Dunellen PD,2026-01,2
Dunellen PD,2026-03,1
East Brunswick Twp PD,2020-10,2
East Brunswick Twp PD,2020-11,2
East Brunswick Twp PD,2021-02,5
East Brunswick Twp PD,2021-03,1
East Brunswick Twp PD,2021-04,3
East Brunswick Twp PD,2021-06,2
East Brunswick Twp PD,2021-07,3
East Brunswick Twp PD,2021-08,2
East Brunswick Twp PD,2021-09,1
East Brunswick Twp PD,2021-11,1
East Brunswick Twp PD,2021-12,1
East Brunswick Twp PD,2022-01,4
East Brunswick Twp PD,2022-02,2
East Brunswick Twp PD,2022-03,3
East Brunswick Twp PD,2022-04,1
East Brunswick Twp PD,2022-05,1
East Brunswick Twp PD,2022-06,1
East Brunswick Twp PD,2022-07,2
East Brunswick Twp PD,2022-08,2
East Brunswick Twp PD,2022-09,1
East Brunswick Twp PD,2022-11,1
East Brunswick Twp PD,2022-12,3
East Brunswick Twp PD,2023-01,3
East Brunswick Twp PD,2023-02,2
East Brunswick Twp PD,2023-03,1
East Brunswick Twp PD,2023-04,2
East Brunswick Twp PD,2023-05,3
East Brunswick Twp PD,2023-06,1
East Brunswick Twp PD,2023-07,1
East Brunswick Twp PD,2023-08,1
East Brunswick Twp PD,2023-10,2
East Brunswick Twp PD,2023-11,3
East Brunswick Twp PD,2023-12,1
East Brunswick Twp PD,2024-02,1
East Brunswick Twp PD,2024-03,2
East Brunswick Twp PD,2024-05,1
East Brunswick Twp PD,2024-06,2
East Brunswick Twp PD,2024-07,1
East Brunswick Twp PD,2024-08,4
East Brunswick Twp PD,2024-10,3
East Brunswick Twp PD,2024-11,2
East Brunswick Twp PD,2024-12,2
East Brunswick Twp PD,2025-01,4
East Brunswick Twp PD,2025-02,3
East Brunswick Twp PD,2025-03,2
East Brunswick Twp PD,2025-04,2
East Brunswick Twp PD,2025-05,3
East Brunswick Twp PD,2025-06,1
East Brunswick Twp PD,2025-07,3
East Brunswick Twp PD,2025-08,1
East Brunswick Twp PD,2025-09,2
East Brunswick Twp PD,2025-10,6
East Brunswick Twp PD,2025-11,2
East Brunswick Twp PD,2025-12,3
East Brunswick Twp PD,2026-01,2
East Brunswick Twp PD,2026-02,2
East Brunswick Twp PD,2026-03,3
East Brunswick Twp PD,2026-04,2
East Brunswick Twp PD,2026-05,5
East Brunswick Twp PD,2026-06,3
East Brunswick Twp PD,2026-07,2
East Brunswick Twp PD,2026-08,2
East Greenwich Twp PD,2020-10,3
East Greenwich Twp PD,2020-12,1
East Greenwich Twp PD,2021-01,1
East Greenwich Twp PD,2021-03,1
East Greenwich Twp PD,2021-04,1
East Greenwich Twp PD,2021-06,1
East Greenwich Twp PD,2021-07,1
East Greenwich Twp PD,2021-08,1
East Greenwich Twp PD,2021-11,1
East Greenwich Twp PD,2022-02,1
East Greenwich Twp PD,2022-03,1
East Greenwich Twp PD,2022-04,1
East Greenwich Twp PD,2022-06,1
East Greenwich Twp PD,2022-09,1
East Greenwich Twp PD,2022-11,2
East Greenwich Twp PD,2023-04,1
East Greenwich Twp PD,2023-05,1
East Greenwich Twp PD,2023-09,1
East Greenwich Twp PD,2024-01,1
East Greenwich Twp PD,2024-02,1
East Greenwich Twp PD,2024-03,1
East Greenwich Twp PD,2024-05,2
East Greenwich Twp PD,2024-10,2
East Greenwich Twp PD,2024-12,1
East Greenwich Twp PD,2025-01,1
East Greenwich Twp PD,2025-04,1
East Greenwich Twp PD,2025-10,1
East Greenwich Twp PD,2026-01,2
East Greenwich Twp PD,2026-03,2
East Greenwich Twp PD,2026-05,2
East Hanover Twp PD,2021-08,1
East Hanover Twp PD,2021-12,1
East Hanover Twp PD,2022-05,1
East Hanover Twp PD,2022-06,1
East Hanover Twp PD,2022-07,1
East Hanover Twp PD,2022-09,1
East Hanover Twp PD,2022-11,3
East Hanover Twp PD,2023-03,1
East Hanover Twp PD,2023-08,1
East Hanover Twp PD,2023-11,1
East Hanover Twp PD,2023-12,1
East Hanover Twp PD,2024-10,1
East Hanover Twp PD,2025-05,1
East Hanover Twp PD,2025-07,1
East Hanover Twp PD,2025-08,1
East Hanover Twp PD,2025-09,2
East Hanover Twp PD,2025-10,1
East Hanover Twp PD,2025-11,1
East Hanover Twp PD,2026-07,1
East Newark PD,2021-10,1
East Newark PD,2022-06,1
East Newark PD,2023-09,1
East Newark PD,2023-10,1
East Newark PD,2024-07,1
East Newark PD,2025-06,1
East Newark PD,2025-07,3
East Newark PD,2025-10,1
East Newark PD,2025-12,1
East Newark PD,2026-04,1
East Orange PD,2020-10,6
East Orange PD,2020-11,13
East Orange PD,2020-12,6
East Orange PD,2021-01,5
East Orange PD,2021-02,4
East Orange PD,2021-03,3
East Orange PD,2021-04,5
East Orange PD,2021-05,3
East Orange PD,2021-06,6
East Orange PD,2021-07,8
East Orange PD,2021-08,5
East Orange PD,2021-09,5
East Orange PD,2021-10,6
East Orange PD,2021-11,5
East Orange PD,2021-12,5
East Orange PD,2022-01,3
East Orange PD,2022-02,5
East Orange PD,2022-03,3
East Orange PD,2022-04,7
East Orange PD,2022-05,13
East Orange PD,2022-06,12
East Orange PD,2022-07,8
East Orange PD,2022-08,7
East Orange PD,2022-09,8
East Orange PD,2022-10,4
East Orange PD,2022-11,8
East Orange PD,2022-12,1
East Orange PD,2023-01,5
East Orange PD,2023-02,7
East Orange PD,2023-03,5
East Orange PD,2023-04,3
East Orange PD,2023-05,5
East Orange PD,2023-06,4
East Orange PD,2023-07,10
East Orange PD,2023-08,8
East Orange PD,2023-09,5
East Orange PD,2023-10,3
East Orange PD,2023-11,17
East Orange PD,2023-12,4
East Orange PD,2024-01,6
East Orange PD,2024-02,7
East Orange PD,2024-03,9
East Orange PD,2024-04,5
East Orange PD,2024-05,5
East Orange PD,2024-06,3
East Orange PD,2024-07,5
East Orange PD,2024-08,7
East Orange PD,2024-09,7
East Orange PD,2024-10,9
East Orange PD,2024-11,6
East Orange PD,2024-12,4
East Orange PD,2025-01,3
East Orange PD,2025-02,3
East Orange PD,2025-03,11
East Orange PD,2025-04,9
East Orange PD,2025-05,6
East Orange PD,2025-06,7
East Orange PD,2025-07,5
East Orange PD,2025-08,5
East Orange PD,2025-09,3
East Orange PD,2025-10,4
East Orange PD,2025-11,10
East Orange PD,2025-12,3
East Orange PD,2026-01,3
East Orange PD,2026-02,3
East Orange PD,2026-03,8
East Orange PD,2026-04,6
East Orange PD,2026-05,14
East Orange PD,2026-06,16
East Orange PD,2026-07,15
East Orange PD,2026-08,13
East Rutherford PD,2021-01,1
East Rutherford PD,2021-02,1
East Rutherford PD,2021-03,2
East Rutherford PD,2021-06,1
East Rutherford PD,2021-07,2
East Rutherford PD,2021-08,1
East Rutherford PD,2021-09,3
East Rutherford PD,2021-12,1
East Rutherford PD,2022-01,3
East Rutherford PD,2022-02,1
East Rutherford PD,2022-06,2
East Rutherford PD,2022-09,1
East Rutherford PD,2022-12,2
East Rutherford PD,2023-02,2
East Rutherford PD,2023-03,1
East Rutherford PD,2023-07,1
East Rutherford PD,2023-09,2
East Rutherford PD,2023-10,4
East Rutherford PD,2023-12,1
East Rutherford PD,2024-01,6
East Rutherford PD,2024-05,2
East Rutherford PD,2024-06,1
East Rutherford PD,2024-07,1
East Rutherford PD,2024-08,2
East Rutherford PD,2024-09,1
East Rutherford PD,2024-10,1
East Rutherford PD,2024-12,1
East Rutherford PD,2025-01,1
East Rutherford PD,2025-02,2
East Rutherford PD,2025-04,1
East Rutherford PD,2025-05,1
East Rutherford PD,2025-06,3
East Rutherford PD,2025-08,2
East Rutherford PD,2025-10,3
East Rutherford PD,2025-11,1
East Rutherford PD,2026-01,1
East Rutherford PD,2026-04,1
East Rutherford PD,2026-08,2
East Windsor Twp PD,2020-10,3
East Windsor Twp PD,2020-11,1
East Windsor Twp PD,2020-12,5
East Windsor Twp PD,2021-01,2
East Windsor Twp PD,2021-02,1
East Windsor Twp PD,2021-03,1
East Windsor Twp PD,2021-05,2
East Windsor Twp PD,2021-09,3
East Windsor Twp PD,2021-10,3
East Windsor Twp PD,2021-11,1
East Windsor Twp PD,2022-01,1
East Windsor Twp PD,2022-02,2
East Windsor Twp PD,2022-08,1
East Windsor Twp PD,2022-12,1
East Windsor Twp PD,2023-02,2
East Windsor Twp PD,2023-03,2
East Windsor Twp PD,2023-05,2
East Windsor Twp PD,2023-06,1
East Windsor Twp PD,2023-10,1
East Windsor Twp PD,2023-11,1
East Windsor Twp PD,2023-12,1
East Windsor Twp PD,2024-01,2
East Windsor Twp PD,2024-03,1
East Windsor Twp PD,2024-04,1
East Windsor Twp PD,2024-06,1
East Windsor Twp PD,2024-08,1
East Windsor Twp PD,2024-11,3
East Windsor Twp PD,2025-02,1
East Windsor Twp PD,2025-05,1
East Windsor Twp PD,2025-06,1
East Windsor Twp PD,2025-08,2
East Windsor Twp PD,2025-09,1
East Windsor Twp PD,2025-10,2
East Windsor Twp PD,2025-11,1
East Windsor Twp PD,2026-01,1
East Windsor Twp PD,2026-02,2
East Windsor Twp PD,2026-03,1
East Windsor Twp PD,2026-05,1
East Windsor Twp PD,2026-08,1
Eastampton Twp PD,2021-01,2
Eastampton Twp PD,2021-03,1
Eastampton Twp PD,2021-06,2
Eastampton Twp PD,2021-12,3
Eastampton Twp PD,2022-05,1
Eastampton Twp PD,2022-07,2
Eastampton Twp PD,2022-10,2
Eastampton Twp PD,2023-04,3
Eastampton Twp PD,2023-05,3
Eastampton Twp PD,2023-08,2
Eastampton Twp PD,2023-09,1
Eastampton Twp PD,2023-10,2
Eastampton Twp PD,2024-01,1
Eastampton Twp PD,2024-05,1
Eastampton Twp PD,2024-06,1
Eastampton Twp PD,2024-07,3
Eastampton Twp PD,2024-10,1
Eastampton Twp PD,2025-01,1
Eastampton Twp PD,2025-02,1
Eastampton Twp PD,2025-07,1
Eastampton Twp PD,2025-08,1
Eastampton Twp PD,2025-09,1
Eastampton Twp PD,2025-11,2
Eastampton Twp PD,2026-02,1
Eastampton Twp PD,2026-04,1
Eatontown PD,2020-10,2
Eatontown PD,2021-03,2
Eatontown PD,2021-05,2
Eatontown PD,2021-07,3
Eatontown PD,2021-08,1
Eatontown PD,2022-03,2
Eatontown PD,2022-05,2
Eatontown PD,2022-07,6
Eatontown PD,2022-08,2
Eatontown PD,2022-09,6
Eatontown PD,2022-11,5
Eatontown PD,2023-01,1
Eatontown PD,2023-06,5
Eatontown PD,2023-08,2
Eatontown PD,2023-09,1
Eatontown PD,2023-10,1
Eatontown PD,2023-12,2
Eatontown PD,2024-05,2
Eatontown PD,2024-06,6
Eatontown PD,2024-07,1
Eatontown PD,2024-08,2
Eatontown PD,2024-09,2
Eatontown PD,2024-10,4
Eatontown PD,2024-12,1
Eatontown PD,2025-01,2
Eatontown PD,2025-02,2
Eatontown PD,2025-04,5
Eatontown PD,2025-06,3
Eatontown PD,2025-08,3
Eatontown PD,2025-09,1
Eatontown PD,2025-11,2
Eatontown PD,2026-01,2
Eatontown PD,2026-02,1
Eatontown PD,2026-03,1
Eatontown PD,2026-04,1
Eatontown PD,2026-05,1
Eatontown PD,2026-07,1
Eatontown PD,2026-08,2
Edgewater PD,2020-10,1
Edgewater PD,2021-02,1
Edgewater PD,2021-05,1
Edgewater PD,2021-06,1
Edgewater PD,2021-08,4
Edgewater PD,2021-12,1
Edgewater PD,2022-01,1
Edgewater PD,2022-02,2
Edgewater PD,2022-06,2
Edgewater PD,2022-09,1
Edgewater PD,2022-12,1
Edgewater PD,2023-02,2
Edgewater PD,2023-03,1
Edgewater PD,2023-04,1
Edgewater PD,2023-05,1
Edgewater PD,2023-08,2
Edgewater PD,2023-10,1
Edgewater PD,2023-11,1
Edgewater PD,2024-02,1
Edgewater PD,2024-04,2
Edgewater PD,2024-05,1
Edgewater PD,2024-06,2
Edgewater PD,2024-11,1
Edgewater PD,2024-12,2
Edgewater PD,2025-01,1
Edgewater PD,2025-02,3
Edgewater PD,2025-05,1
Edgewater PD,2025-07,1
Edgewater PD,2025-08,1
Edgewater PD,2025-11,2
Edgewater PD,2026-02,1
Edgewater PD,2026-03,2
Edgewater PD,2026-06,2
Edgewater PD,2026-07,4
Edgewater PD,2026-08,3
Edgewater Park Twp PD,2021-01,1
Edgewater Park Twp PD,2021-04,3
Edgewater Park Twp PD,2021-06,1
Edgewater Park Twp PD,2021-08,2
Edgewater Park Twp PD,2021-10,1
Edgewater Park Twp PD,2022-01,1
Edgewater Park Twp PD,2022-02,1
Edgewater Park Twp PD,2022-06,1
Edgewater Park Twp PD,2022-08,1
Edgewater Park Twp PD,2022-09,1
Edgewater Park Twp PD,2022-11,1
Edgewater Park Twp PD,2022-12,1
Edgewater Park Twp PD,2023-05,1
Edgewater Park Twp PD,2023-07,2
Edgewater Park Twp PD,2023-08,1
Edgewater Park Twp PD,2023-09,1
Edgewater Park Twp PD,2024-06,1
Edgewater Park Twp PD,2024-07,1
Edgewater Park Twp PD,2024-08,1
Edgewater Park Twp PD,2025-04,1
Edgewater Park Twp PD,2025-05,2
Edgewater Park Twp PD,2025-07,4
Edgewater Park Twp PD,2025-11,1
Edgewater Park Twp PD,2026-02,1
Edgewater Park Twp PD,2026-03,1
Edgewater Park Twp PD,2026-04,1
Edgewater Park Twp PD,2026-07,2
Edgewater Park Twp PD,2026-08,1
Edison Twp PD,2020-10,4
Edison Twp PD,2020-11,2
Edison Twp PD,2020-12,8
Edison Twp PD,2021-01,5
Edison Twp PD,2021-02,1
Edison Twp PD,2021-03,4
Edison Twp PD,2021-04,2
Edison Twp PD,2021-05,3
Edison Twp PD,2021-06,8
Edison Twp PD,2021-07,6
Edison Twp PD,2021-08,1
Edison Twp PD,2021-09,5
Edison Twp PD,2021-10,3
Edison Twp PD,2021-12,5
Edison Twp PD,2022-01,4
Edison Twp PD,2022-02,4
Edison Twp PD,2022-03,2
Edison Twp PD,2022-04,1
Edison Twp PD,2022-05,5
Edison Twp PD,2022-06,3
Edison Twp PD,2022-07,5
Edison Twp PD,2022-08,5
Edison Twp PD,2022-09,3
Edison Twp PD,2022-10,3
Edison Twp PD,2022-11,3
Edison Twp PD,2022-12,5
Edison Twp PD,2023-01,1
Edison Twp PD,2023-02,3
Edison Twp PD,2023-03,4
Edison Twp PD,2023-04,5
Edison Twp PD,2023-05,4
Edison Twp PD,2023-06,1
Edison Twp PD,2023-07,8
Edison Twp PD,2023-08,8
Edison Twp PD,2023-09,3
Edison Twp PD,2023-10,6
Edison Twp PD,2023-11,7
Edison Twp PD,2023-12,6
Edison Twp PD,2024-01,5
Edison Twp PD,2024-02,10
Edison Twp PD,2024-03,10
Edison Twp PD,2024-04,3
Edison Twp PD,2024-05,6
Edison Twp PD,2024-06,9
Edison Twp PD,2024-07,11
Edison Twp PD,2024-08,8
Edison Twp PD,2024-09,7
Edison Twp PD,2024-10,4
Edison Twp PD,2024-12,6
Edison Twp PD,2025-01,11
Edison Twp PD,2025-02,5
Edison Twp PD,2025-03,4
Edison Twp PD,2025-04,8
Edison Twp PD,2025-05,2
Edison Twp PD,2025-06,7
Edison Twp PD,2025-07,7
Edison Twp PD,2025-08,8
Edison Twp PD,2025-09,3
Edison Twp PD,2025-10,9
Edison Twp PD,2025-11,6
Edison Twp PD,2025-12,5
Edison Twp PD,2026-01,7
Edison Twp PD,2026-02,4
Edison Twp PD,2026-03,8
Edison Twp PD,2026-04,5
Edison Twp PD,2026-05,5
Edison Twp PD,2026-06,4
Edison Twp PD,2026-07,9
Edison Twp PD,2026-08,5
Egg Harbor City PD,2020-12,1
Egg Harbor City PD,2021-01,3
Egg Harbor City PD,2021-02,1
Egg Harbor City PD,2021-03,1
Egg Harbor City PD,2021-06,4
Egg Harbor City PD,2021-09,1
Egg Harbor City PD,2022-01,2
Egg Harbor City PD,2022-05,2
Egg Harbor City PD,2022-06,3
Egg Harbor City PD,2022-07,1
Egg Harbor City PD,2022-11,3
Egg Harbor City PD,2023-03,1
Egg Harbor City PD,2023-04,5
Egg Harbor City PD,2023-05,1
Egg Harbor City PD,2023-07,1
Egg Harbor City PD,2023-08,2
Egg Harbor City PD,2023-12,1
Egg Harbor City PD,2024-01,2
Egg Harbor City PD,2024-03,1
Egg Harbor City PD,2024-04,1
Egg Harbor City PD,2024-06,2
Egg Harbor City PD,2024-07,2
Egg Harbor City PD,2024-08,1
Egg Harbor City PD,2024-09,1
Egg Harbor City PD,2024-11,1
Egg Harbor City PD,2025-01,1
Egg Harbor City PD,2025-03,1
Egg Harbor City PD,2025-04,1
Egg Harbor City PD,2025-06,2
Egg Harbor City PD,2025-09,1
Egg Harbor City PD,2025-11,1
Egg Harbor City PD,2025-12,2
Egg Harbor City PD,2026-02,3
Egg Harbor City PD,2026-03,1
Egg Harbor City PD,2026-06,3
Egg Harbor City PD,2026-07,2
Egg Harbor Twp PD,2020-10,2
Egg Harbor Twp PD,2020-11,3
Egg Harbor Twp PD,2020-12,3
Egg Harbor Twp PD,2021-01,2
Egg Harbor Twp PD,2021-03,6
Egg Harbor Twp PD,2021-04,1
Egg Harbor Twp PD,2021-05,3
Egg Harbor Twp PD,2021-07,2
Egg Harbor Twp PD,2021-08,2
Egg Harbor Twp PD,2021-09,4
Egg Harbor Twp PD,2021-10,4
Egg Harbor Twp PD,2021-11,9
Egg Harbor Twp PD,2021-12,6
Egg Harbor Twp PD,2022-01,1
Egg Harbor Twp PD,2022-03,2
Egg Harbor Twp PD,2022-04,3
Egg Harbor Twp PD,2022-05,3
Egg Harbor Twp PD,2022-06,3
Egg Harbor Twp PD,2022-07,2
Egg Harbor Twp PD,2022-08,1
Egg Harbor Twp PD,2022-09,5
Egg Harbor Twp PD,2022-10,1
Egg Harbor Twp PD,2022-11,2
Egg Harbor Twp PD,2022-12,6
Egg Harbor Twp PD,2023-01,2
Egg Harbor Twp PD,2023-02,4
Egg Harbor Twp PD,2023-03,1
Egg Harbor Twp PD,2023-04,2
Egg Harbor Twp PD,2023-05,2
Egg Harbor Twp PD,2023-06,2
Egg Harbor Twp PD,2023-07,3
Egg Harbor Twp PD,2023-08,3
Egg Harbor Twp PD,2023-09,4
Egg Harbor Twp PD,2023-11,4
Egg Harbor Twp PD,2023-12,4
Egg Harbor Twp PD,2024-01,1
Egg Harbor Twp PD,2024-02,6
Egg Harbor Twp PD,2024-03,3
Egg Harbor Twp PD,2024-04,1
Egg Harbor Twp PD,2024-05,1
Egg Harbor Twp PD,2024-06,2
Egg Harbor Twp PD,2024-07,1
Egg Harbor Twp PD,2024-08,2
Egg Harbor Twp PD,2024-09,4
Egg Harbor Twp PD,2024-11,2
Egg Harbor Twp PD,2024-12,4
Egg Harbor Twp PD,2025-02,2
Egg Harbor Twp PD,2025-03,4
Egg Harbor Twp PD,2025-04,3
Egg Harbor Twp PD,2025-05,4
Egg Harbor Twp PD,2025-06,2
Egg Harbor Twp PD,2025-07,1
Egg Harbor Twp PD,2025-08,7
Egg Harbor Twp PD,2025-09,5
Egg Harbor Twp PD,2025-10,1
Egg Harbor Twp PD,2025-11,1
Egg Harbor Twp PD,2025-12,2
Egg Harbor Twp PD,2026-01,1
Egg Harbor Twp PD,2026-02,2
Egg Harbor Twp PD,2026-03,1
Egg Harbor Twp PD,2026-04,2
Egg Harbor Twp PD,2026-05,1
Egg Harbor Twp PD,2026-06,6
Egg Harbor Twp PD,2026-07,2
Egg Harbor Twp PD,2026-08,5
Elizabeth PD,2020-10,9
Elizabeth PD,2020-11,13
Elizabeth PD,2020-12,9
Elizabeth PD,2021-01,9
Elizabeth PD,2021-02,9
Elizabeth PD,2021-03,1
Elizabeth PD,2021-04,2
Elizabeth PD,2021-05,6
Elizabeth PD,2021-06,8
Elizabeth PD,2021-07,4
Elizabeth PD,2021-08,13
Elizabeth PD,2021-09,7
Elizabeth PD,2021-10,8
Elizabeth PD,2021-11,9
Elizabeth PD,2021-12,12
Elizabeth PD,2022-01,7
Elizabeth PD,2022-02,6
Elizabeth PD,2022-03,9
Elizabeth PD,2022-04,8
Elizabeth PD,2022-05,18
Elizabeth PD,2022-06,13
Elizabeth PD,2022-07,14
Elizabeth PD,2022-08,8
Elizabeth PD,2022-09,7
Elizabeth PD,2022-10,13
Elizabeth PD,2022-11,7
Elizabeth PD,2022-12,11
Elizabeth PD,2023-01,10
Elizabeth PD,2023-02,10
Elizabeth PD,2023-03,11
Elizabeth PD,2023-04,13
Elizabeth PD,2023-05,9
Elizabeth PD,2023-06,22
Elizabeth PD,2023-07,13
Elizabeth PD,2023-08,9
Elizabeth PD,2023-09,16
Elizabeth PD,2023-10,13
Elizabeth PD,2023-11,10
Elizabeth PD,2023-12,14
Elizabeth PD,2024-01,9
Elizabeth PD,2024-02,14
Elizabeth PD,2024-03,10
Elizabeth PD,2024-04,8
Elizabeth PD,2024-05,8
Elizabeth PD,2024-06,12
Elizabeth PD,2024-07,8
Elizabeth PD,2024-08,9
Elizabeth PD,2024-09,15
Elizabeth PD,2024-10,16
Elizabeth PD,2024-11,17
Elizabeth PD,2024-12,15
Elizabeth PD,2025-01,13
Elizabeth PD,2025-02,10
Elizabeth PD,2025-03,17
Elizabeth PD,2025-04,13
Elizabeth PD,2025-05,20
Elizabeth PD,2025-06,17
Elizabeth PD,2025-07,5
Elizabeth PD,2025-08,9
Elizabeth PD,2025-09,14
Elizabeth PD,2025-10,15
Elizabeth PD,2025-11,13
Elizabeth PD,2025-12,7
Elizabeth PD,2026-01,13
Elizabeth PD,2026-02,10
Elizabeth PD,2026-03,9
Elizabeth PD,2026-04,18
Elizabeth PD,2026-05,7
Elizabeth PD,2026-06,15
Elizabeth PD,2026-07,11
Elizabeth PD,2026-08,12
Elk Twp PD,2022-10,1
Elk Twp PD,2023-04,1
Elk Twp PD,2023-09,1
Elk Twp PD,2024-04,2
Elk Twp PD,2025-01,1
Elk Twp PD,2025-07,1
Elk Twp PD,2025-08,1
Elmer Boro PD,2023-03,1
Elmer Boro PD,2024-04,1
Elmer Boro PD,2026-03,1
Elmwood Park PD,2020-10,1
Elmwood Park PD,2020-11,3
Elmwood Park PD,2020-12,4
Elmwood Park PD,2021-01,1
Elmwood Park PD,2021-04,3
Elmwood Park PD,2021-05,1
Elmwood Park PD,2021-06,1
Elmwood Park PD,2021-07,3
Elmwood Park PD,2021-08,1
Elmwood Park PD,2021-09,3
Elmwood Park PD,2021-10,1
Elmwood Park PD,2021-11,1
Elmwood Park PD,2021-12,2
Elmwood Park PD,2022-05,1
Elmwood Park PD,2022-06,2
Elmwood Park PD,2022-07,1
Elmwood Park PD,2022-09,2
Elmwood Park PD,2022-10,1
Elmwood Park PD,2022-11,1
Elmwood Park PD,2022-12,1
Elmwood Park PD,2023-01,2
Elmwood Park PD,2023-02,1
Elmwood Park PD,2023-04,2
Elmwood Park PD,2023-07,2
Elmwood Park PD,2023-08,2
Elmwood Park PD,2023-10,2
Elmwood Park PD,2023-12,2
Elmwood Park PD,2024-01,5
Elmwood Park PD,2024-05,3
Elmwood Park PD,2024-06,1
Elmwood Park PD,2024-08,6
Elmwood Park PD,2024-09,1
Elmwood Park PD,2024-10,2
Elmwood Park PD,2024-11,4
Elmwood Park PD,2025-07,2
Elmwood Park PD,2025-08,2
Elmwood Park PD,2025-09,3
Elmwood Park PD,2025-10,3
Elmwood Park PD,2025-11,1
Elmwood Park PD,2025-12,2
Elmwood Park PD,2026-01,3
Elmwood Park PD,2026-06,3
Elmwood Park PD,2026-08,3
Emerson PD,2022-05,1
Emerson PD,2022-11,1
Emerson PD,2023-02,1
Emerson PD,2023-10,1
Emerson PD,2023-11,1
Emerson PD,2023-12,1
Emerson PD,2024-02,1
Emerson PD,2025-08,1
Emerson PD,2025-10,1
Emerson PD,2025-12,1
Englewood Cliffs PD,2020-11,1
Englewood Cliffs PD,2021-02,1
Englewood Cliffs PD,2021-03,1
Englewood Cliffs PD,2021-07,1
Englewood Cliffs PD,2021-08,1
Englewood Cliffs PD,2022-07,1
Englewood Cliffs PD,2022-08,1
Englewood Cliffs PD,2024-07,1
Englewood Cliffs PD,2024-08,1
Englewood Cliffs PD,2025-06,1
Englewood Cliffs PD,2025-09,1
Englewood PD,2020-10,2
Englewood PD,2020-11,3
Englewood PD,2021-01,2
Englewood PD,2021-02,2
Englewood PD,2021-04,5
Englewood PD,2021-05,2
Englewood PD,2021-06,4
Englewood PD,2021-08,1
Englewood PD,2021-11,2
Englewood PD,2021-12,1
Englewood PD,2022-01,2
Englewood PD,2022-02,2
Englewood PD,2022-03,1
Englewood PD,2022-05,8
Englewood PD,2022-06,3
Englewood PD,2022-07,3
Englewood PD,2022-08,1
Englewood PD,2022-09,2
Englewood PD,2022-10,3
Englewood PD,2022-11,3
Englewood PD,2022-12,6
Englewood PD,2023-01,4
Englewood PD,2023-02,3
Englewood PD,2023-04,7
Englewood PD,2023-05,1
Englewood PD,2023-06,2
Englewood PD,2023-07,4
Englewood PD,2023-08,3
Englewood PD,2023-09,3
Englewood PD,2023-10,4
Englewood PD,2023-11,3
Englewood PD,2023-12,2
Englewood PD,2024-01,1
Englewood PD,2024-02,4
Englewood PD,2024-05,6
Englewood PD,2024-06,3
Englewood PD,2024-07,1
Englewood PD,2024-08,2
Englewood PD,2024-09,5
Englewood PD,2024-10,5
Englewood PD,2024-11,3
Englewood PD,2024-12,5
Englewood PD,2025-02,2
Englewood PD,2025-03,1
Englewood PD,2025-04,5
Englewood PD,2025-05,4
Englewood PD,2025-06,2
Englewood PD,2025-07,2
Englewood PD,2025-08,3
Englewood PD,2025-09,5
Englewood PD,2025-10,1
Englewood PD,2025-11,1
Englewood PD,2025-12,4
Englewood PD,2026-01,4
Englewood PD,2026-02,1
Englewood PD,2026-03,5
Englewood PD,2026-04,4
Englewood PD,2026-05,3
Englewood PD,2026-06,3
Englewood PD,2026-07,2
Englewood PD,2026-08,3
Englishtown PD,2022-12,1
Englishtown PD,2023-06,1
Englishtown PD,2023-11,1
Englishtown PD,2024-01,1
Englishtown PD,2024-05,1
Englishtown PD,2024-06,1
Englishtown PD,2024-08,1
Englishtown PD,2024-10,1
Englishtown PD,2024-11,1
Englishtown PD,2025-03,1
Englishtown PD,2025-10,1
Englishtown PD,2026-01,1
Englishtown PD,2026-06,1
Essex Co Prosecutors Office,2020-11,2
Essex Co Prosecutors Office,2021-03,1
Essex Co Prosecutors Office,2021-06,3
Essex Co Prosecutors Office,2021-07,1
Essex Co Prosecutors Office,2022-02,1
Essex Co Prosecutors Office,2022-03,1
Essex Co Prosecutors Office,2022-07,8
Essex Co Prosecutors Office,2022-10,3
Essex Co Prosecutors Office,2022-12,2
Essex Co Prosecutors Office,2023-03,1
Essex Co Prosecutors Office,2023-04,3
Essex Co Prosecutors Office,2023-05,3
Essex Co Prosecutors Office,2023-06,2
Essex Co Prosecutors Office,2023-07,2
Essex Co Prosecutors Office,2023-10,1
Essex Co Prosecutors Office,2024-03,1
Essex Co Prosecutors Office,2024-04,3
Essex Co Prosecutors Office,2024-09,3
Essex Co Prosecutors Office,2024-10,2
Essex Co Prosecutors Office,2025-02,2
Essex Co Prosecutors Office,2025-04,2
Essex Co Prosecutors Office,2025-06,2
Essex Co Prosecutors Office,2025-12,2
Essex Co Prosecutors Office,2026-01,3
Essex Co Prosecutors Office,2026-02,2
Essex Co Prosecutors Office,2026-05,3
Essex Co Prosecutors Office,2026-06,3
Essex Co Sheriffs Office,2020-10,1
Essex Co Sheriffs Office,2020-11,5
Essex Co Sheriffs Office,2020-12,4
Essex Co Sheriffs Office,2021-01,1
Essex Co Sheriffs Office,2021-03,6
Essex Co Sheriffs Office,2021-04,5
Essex Co Sheriffs Office,2021-05,3
Essex Co Sheriffs Office,2021-06,2
Essex Co Sheriffs Office,2021-07,2
Essex Co Sheriffs Office,2021-08,3
Essex Co Sheriffs Office,2021-09,6
Essex Co Sheriffs Office,2021-10,2
Essex Co Sheriffs Office,2021-11,3
Essex Co Sheriffs Office,2021-12,1
Essex Co Sheriffs Office,2022-01,8
Essex Co Sheriffs Office,2022-02,4
Essex Co Sheriffs Office,2022-03,7
Essex Co Sheriffs Office,2022-04,1
Essex Co Sheriffs Office,2022-05,4
Essex Co Sheriffs Office,2022-06,3
Essex Co Sheriffs Office,2022-07,8
Essex Co Sheriffs Office,2022-08,11
Essex Co Sheriffs Office,2022-09,4
Essex Co Sheriffs Office,2022-10,9
Essex Co Sheriffs Office,2022-11,2
Essex Co Sheriffs Office,2022-12,6
Essex Co Sheriffs Office,2023-01,2
Essex Co Sheriffs Office,2023-02,3
Essex Co Sheriffs Office,2023-03,4
Essex Co Sheriffs Office,2023-04,3
Essex Co Sheriffs Office,2023-06,2
Essex Co Sheriffs Office,2023-07,10
Essex Co Sheriffs Office,2023-08,4
Essex Co Sheriffs Office,2023-09,4
Essex Co Sheriffs Office,2023-10,4
Essex Co Sheriffs Office,2023-11,4
Essex Co Sheriffs Office,2023-12,4
Essex Co Sheriffs Office,2024-01,5
Essex Co Sheriffs Office,2024-02,9
Essex Co Sheriffs Office,2024-03,12
Essex Co Sheriffs Office,2024-04,1
Essex Co Sheriffs Office,2024-05,8
Essex Co Sheriffs Office,2024-06,8
Essex Co Sheriffs Office,2024-07,13
Essex Co Sheriffs Office,2024-08,4
Essex Co Sheriffs Office,2024-09,14
Essex Co Sheriffs Office,2024-10,7
Essex Co Sheriffs Office,2025-01,6
Essex Co Sheriffs Office,2025-02,5
Essex Co Sheriffs Office,2025-03,12
Essex Co Sheriffs Office,2025-04,3
Essex Co Sheriffs Office,2025-05,8
Essex Co Sheriffs Office,2025-06,6
Essex Co Sheriffs Office,2025-07,5
Essex Co Sheriffs Office,2025-08,10
Essex Co Sheriffs Office,2025-09,3
Essex Co Sheriffs Office,2025-10,4
Essex Co Sheriffs Office,2025-11,5
Essex Co Sheriffs Office,2025-12,3
Essex Co Sheriffs Office,2026-01,6
Essex Co Sheriffs Office,2026-02,3
Essex Co Sheriffs Office,2026-03,16
Essex Co Sheriffs Office,2026-04,8
Essex Co Sheriffs Office,2026-05,5
Essex Co Sheriffs Office,2026-06,7
Essex Co Sheriffs Office,2026-07,8
Essex Co Sheriffs Office,2026-08,7
Essex Fells PD,2021-01,1
Essex Fells PD,2021-03,1
Evesham Twp PD,2020-10,1
Evesham Twp PD,2020-11,1
Evesham Twp PD,2021-01,6
Evesham Twp PD,2021-02,1
Evesham Twp PD,2021-03,1
Evesham Twp PD,2021-04,1
Evesham Twp PD,2021-07,3
Evesham Twp PD,2021-08,5
Evesham Twp PD,2021-09,1
Evesham Twp PD,2021-10,1
Evesham Twp PD,2021-12,1
Evesham Twp PD,2022-01,1
Evesham Twp PD,2022-02,1
Evesham Twp PD,2022-04,3
Evesham Twp PD,2022-05,1
Evesham Twp PD,2022-06,2
Evesham Twp PD,2022-07,1
Evesham Twp PD,2022-08,2
Evesham Twp PD,2022-10,2
Evesham Twp PD,2022-11,1
Evesham Twp PD,2023-01,1
Evesham Twp PD,2023-03,4
Evesham Twp PD,2023-04,1
Evesham Twp PD,2023-05,1
Evesham Twp PD,2023-06,1
Evesham Twp PD,2023-07,1
Evesham Twp PD,2023-08,4
Evesham Twp PD,2023-09,1
Evesham Twp PD,2023-11,1
Evesham Twp PD,2023-12,3
Evesham Twp PD,2024-02,2
Evesham Twp PD,2024-03,2
Evesham Twp PD,2024-04,2
Evesham Twp PD,2024-05,1
Evesham Twp PD,2024-06,1
Evesham Twp PD,2024-08,1
Evesham Twp PD,2024-09,3
Evesham Twp PD,2024-11,1
Evesham Twp PD,2024-12,4
Evesham Twp PD,2025-01,2
Evesham Twp PD,2025-02,2
Evesham Twp PD,2025-03,1
Evesham Twp PD,2025-06,1
Evesham Twp PD,2025-08,2
Evesham Twp PD,2025-09,2
Evesham Twp PD,2025-10,1
Evesham Twp PD,2025-11,4
Evesham Twp PD,2026-01,2
Evesham Twp PD,2026-02,5
Evesham Twp PD,2026-03,1
Evesham Twp PD,2026-04,1
Evesham Twp PD,2026-05,2
Evesham Twp PD,2026-06,1
Evesham Twp PD,2026-08,2
Ewing Twp PD,2020-10,2
Ewing Twp PD,2020-11,2
Ewing Twp PD,2020-12,5
Ewing Twp PD,2021-01,4
Ewing Twp PD,2021-02,2
Ewing Twp PD,2021-03,2
Ewing Twp PD,2021-05,4
Ewing Twp PD,2021-06,4
Ewing Twp PD,2021-07,5
Ewing Twp PD,2021-08,4
Ewing Twp PD,2021-09,6
Ewing Twp PD,2021-10,7
Ewing Twp PD,2021-11,10
Ewing Twp PD,2021-12,2
Ewing Twp PD,2022-01,4
Ewing Twp PD,2022-02,1
Ewing Twp PD,2022-03,1
Ewing Twp PD,2022-04,1
Ewing Twp PD,2022-05,3
Ewing Twp PD,2022-06,1
Ewing Twp PD,2022-07,3
Ewing Twp PD,2022-08,4
Ewing Twp PD,2022-09,4
Ewing Twp PD,2022-10,2
Ewing Twp PD,2022-11,4
Ewing Twp PD,2022-12,8
Ewing Twp PD,2023-01,4
Ewing Twp PD,2023-02,7
Ewing Twp PD,2023-03,3
Ewing Twp PD,2023-04,5
Ewing Twp PD,2023-05,3
Ewing Twp PD,2023-06,3
Ewing Twp PD,2023-07,7
Ewing Twp PD,2023-08,10
Ewing Twp PD,2023-09,5
Ewing Twp PD,2023-10,6
Ewing Twp PD,2023-11,4
Ewing Twp PD,2023-12,3
Ewing Twp PD,2024-01,5
Ewing Twp PD,2024-02,9
Ewing Twp PD,2024-03,6
Ewing Twp PD,2024-04,7
Ewing Twp PD,2024-05,7
Ewing Twp PD,2024-06,3
Ewing Twp PD,2024-07,2
Ewing Twp PD,2024-08,6
Ewing Twp PD,2024-09,6
Ewing Twp PD,2024-10,6
Ewing Twp PD,2024-11,4
Ewing Twp PD,2024-12,4
Ewing Twp PD,2025-01,5
Ewing Twp PD,2025-02,2
Ewing Twp PD,2025-04,3
Ewing Twp PD,2025-05,5
Ewing Twp PD,2025-06,6
Ewing Twp PD,2025-07,7
Ewing Twp PD,2025-08,4
Ewing Twp PD,2025-09,7
Ewing Twp PD,2025-10,3
Ewing Twp PD,2025-11,2
Ewing Twp PD,2025-12,1
Ewing Twp PD,2026-01,1
Ewing Twp PD,2026-02,3
Ewing Twp PD,2026-03,5
Ewing Twp PD,2026-04,2
Ewing Twp PD,2026-05,1
Ewing Twp PD,2026-06,1
Ewing Twp PD,2026-07,4
Ewing Twp PD,2026-08,3
Fair Haven PD,2020-10,1
Fair Haven PD,2022-12,1
Fair Haven PD,2024-05,1
Fair Haven PD,2024-08,1
Fair Haven PD,2024-09,1
Fair Haven PD,2024-12,1
Fair Haven PD,2025-03,1
Fair Haven PD,2025-04,1
Fair Lawn PD,2020-10,1
Fair Lawn PD,2020-12,2
Fair Lawn PD,2021-02,1
Fair Lawn PD,2021-03,3
Fair Lawn PD,2021-06,1
Fair Lawn PD,2021-07,2
Fair Lawn PD,2021-08,1
Fair Lawn PD,2021-09,1
Fair Lawn PD,2021-12,2
Fair Lawn PD,2022-01,1
Fair Lawn PD,2022-03,1
Fair Lawn PD,2022-04,1
Fair Lawn PD,2022-07,2
Fair Lawn PD,2022-10,2
Fair Lawn PD,2022-11,2
Fair Lawn PD,2022-12,1
Fair Lawn PD,2023-01,1
Fair Lawn PD,2023-03,1
Fair Lawn PD,2023-04,1
Fair Lawn PD,2023-07,1
Fair Lawn PD,2023-10,2
Fair Lawn PD,2024-02,1
Fair Lawn PD,2024-03,2
Fair Lawn PD,2024-04,1
Fair Lawn PD,2024-05,2
Fair Lawn PD,2024-09,1
Fair Lawn PD,2024-10,1
Fair Lawn PD,2024-11,1
Fair Lawn PD,2025-02,1
Fair Lawn PD,2025-05,1
Fair Lawn PD,2025-06,4
Fair Lawn PD,2025-09,1
Fair Lawn PD,2025-10,2
Fair Lawn PD,2025-11,1
Fair Lawn PD,2026-01,1
Fair Lawn PD,2026-04,1
Fair Lawn PD,2026-08,1
Fairfield PD,2021-01,5
Fairfield PD,2021-02,1
Fairfield PD,2021-03,1
Fairfield PD,2021-06,1
Fairfield PD,2021-07,1
Fairfield PD,2021-08,1
Fairfield PD,2021-10,4
Fairfield PD,2021-11,1
Fairfield PD,2021-12,1
Fairfield PD,2022-05,1
Fairfield PD,2022-06,1
Fairfield PD,2022-07,1
Fairfield PD,2022-08,1
Fairfield PD,2022-09,3
Fairfield PD,2022-10,1
Fairfield PD,2022-12,1
Fairfield PD,2023-01,2
Fairfield PD,2023-02,1
Fairfield PD,2023-04,3
Fairfield PD,2023-06,1
Fairfield PD,2023-08,2
Fairfield PD,2023-10,2
Fairfield PD,2023-11,1
Fairfield PD,2023-12,1
Fairfield PD,2024-01,1
Fairfield PD,2024-02,1
Fairfield PD,2024-03,1
Fairfield PD,2024-04,1
Fairfield PD,2024-05,1
Fairfield PD,2024-07,1
Fairfield PD,2025-01,2
Fairfield PD,2025-02,2
Fairfield PD,2025-03,1
Fairfield PD,2025-04,1
Fairfield PD,2025-05,1
Fairfield PD,2025-06,3
Fairfield PD,2025-07,1
Fairfield PD,2025-08,1
Fairfield PD,2026-01,1
Fairfield PD,2026-02,1
Fairfield PD,2026-05,2
Fairfield PD,2026-06,1
Fairfield PD,2026-08,2
Fairview PD,2021-01,2
Fairview PD,2021-02,4
Fairview PD,2021-04,2
Fairview PD,2021-05,2
Fairview PD,2021-06,2
Fairview PD,2021-08,3
Fairview PD,2021-09,1
Fairview PD,2021-10,1
Fairview PD,2021-11,1
Fairview PD,2021-12,1
Fairview PD,2022-03,3
Fairview PD,2022-04,2
Fairview PD,2022-09,1
Fairview PD,2023-01,1
Fairview PD,2023-05,1
Fairview PD,2023-08,3
Fairview PD,2023-09,1
Fairview PD,2023-10,1
Fairview PD,2023-11,2
Fairview PD,2024-04,1
Fairview PD,2024-06,1
Fairview PD,2024-10,1
Fairview PD,2024-11,1
Fairview PD,2025-01,1
Fairview PD,2025-04,2
Fairview PD,2025-05,1
Fairview PD,2025-07,1
Fairview PD,2025-08,1
Fairview PD,2025-10,1
Fairview PD,2025-11,3
Fairview PD,2026-01,1
Fairview PD,2026-02,1
Fairview PD,2026-03,1
Fairview PD,2026-04,2
Fairview PD,2026-05,2
Fairview PD,2026-08,1
Fanwood PD,2021-01,1
Fanwood PD,2021-03,2
Fanwood PD,2021-05,2
Fanwood PD,2021-07,1
Fanwood PD,2022-01,1
Fanwood PD,2022-06,1
Fanwood PD,2022-12,1
Fanwood PD,2023-01,1
Fanwood PD,2023-04,1
Fanwood PD,2024-03,2
Fanwood PD,2024-08,1
Fanwood PD,2025-10,1
Fanwood PD,2026-02,1
Far Hills PD,2023-10,1
Far Hills PD,2024-06,1
Far Hills PD,2025-11,1
Flemington PD,2020-12,1
Flemington PD,2021-02,2
Flemington PD,2021-06,1
Flemington PD,2021-09,1
Flemington PD,2022-07,1
Flemington PD,2022-11,1
Flemington PD,2022-12,2
Flemington PD,2023-02,2
Flemington PD,2023-07,2
Flemington PD,2023-08,2
Flemington PD,2023-09,1
Flemington PD,2023-10,2
Flemington PD,2023-12,1
Flemington PD,2024-02,2
Flemington PD,2024-03,2
Flemington PD,2024-11,4
Flemington PD,2024-12,1
Flemington PD,2025-03,1
Flemington PD,2025-07,2
Flemington PD,2025-08,1
Flemington PD,2025-09,3
Flemington PD,2025-10,1
Flemington PD,2025-11,1
Flemington PD,2026-02,1
Flemington PD,2026-05,3
Flemington PD,2026-06,2
Flemington PD,2026-08,2
Florence Twp PD,2021-07,1
Florence Twp PD,2021-09,1
Florence Twp PD,2021-10,1
Florence Twp PD,2022-01,1
Florence Twp PD,2022-07,2
Florence Twp PD,2022-11,1
Florence Twp PD,2022-12,2
Florence Twp PD,2023-01,2
Florence Twp PD,2023-05,1
Florence Twp PD,2023-06,1
Florence Twp PD,2023-07,1
Florence Twp PD,2023-08,1
Florence Twp PD,2023-09,1
Florence Twp PD,2023-10,2
Florence Twp PD,2023-12,1
Florence Twp PD,2024-01,2
Florence Twp PD,2024-02,1
Florence Twp PD,2024-05,1
Florence Twp PD,2024-06,1
Florence Twp PD,2024-07,1
Florence Twp PD,2024-08,3
Florence Twp PD,2024-10,1
Florence Twp PD,2025-03,1
Florence Twp PD,2025-05,1
Florence Twp PD,2025-08,1
Florence Twp PD,2025-11,2
Florence Twp PD,2026-01,2
Florence Twp PD,2026-05,4
Florence Twp PD,2026-06,1
Florence Twp PD,2026-07,1
Florence Twp PD,2026-08,1
Florham Park PD,2021-01,2
Florham Park PD,2021-02,1
Florham Park PD,2021-05,2
Florham Park PD,2021-08,1
Florham Park PD,2022-02,1
Florham Park PD,2022-04,3
Florham Park PD,2022-05,1
Florham Park PD,2022-06,1
Florham Park PD,2022-12,1
Florham Park PD,2023-03,1
Florham Park PD,2023-05,1
Florham Park PD,2023-06,1
Florham Park PD,2023-11,2
Florham Park PD,2023-12,2
Florham Park PD,2024-01,1
Florham Park PD,2024-07,1
Florham Park PD,2024-09,2
Florham Park PD,2025-01,1
Florham Park PD,2025-09,1
Florham Park PD,2025-11,2
Florham Park PD,2026-05,1
Florham Park PD,2026-06,1
Fort Lee PD,2020-10,1
Fort Lee PD,2020-11,1
Fort Lee PD,2020-12,3
Fort Lee PD,2021-01,2
Fort Lee PD,2021-02,1
Fort Lee PD,2021-03,1
Fort Lee PD,2021-04,1
Fort Lee PD,2021-06,1
Fort Lee PD,2021-07,3
Fort Lee PD,2021-08,2
Fort Lee PD,2021-09,3
Fort Lee PD,2021-10,2
Fort Lee PD,2021-11,2
Fort Lee PD,2021-12,3
Fort Lee PD,2022-01,1
Fort Lee PD,2022-03,1
Fort Lee PD,2022-05,3
Fort Lee PD,2022-06,4
Fort Lee PD,2022-07,1
Fort Lee PD,2022-08,3
Fort Lee PD,2022-09,6
Fort Lee PD,2022-10,4
Fort Lee PD,2022-11,3
Fort Lee PD,2022-12,4
Fort Lee PD,2023-01,2
Fort Lee PD,2023-02,1
Fort Lee PD,2023-03,2
Fort Lee PD,2023-04,2
Fort Lee PD,2023-06,6
Fort Lee PD,2023-07,2
Fort Lee PD,2023-08,2
Fort Lee PD,2023-10,2
Fort Lee PD,2024-01,5
Fort Lee PD,2024-02,1
Fort Lee PD,2024-03,1
Fort Lee PD,2024-04,1
Fort Lee PD,2024-05,3
Fort Lee PD,2024-06,3
Fort Lee PD,2024-07,4
Fort Lee PD,2024-08,2
Fort Lee PD,2024-09,2
Fort Lee PD,2024-10,1
Fort Lee PD,2024-12,1
Fort Lee PD,2025-02,1
Fort Lee PD,2025-03,1
Fort Lee PD,2025-04,3
Fort Lee PD,2025-05,3
Fort Lee PD,2025-06,4
Fort Lee PD,2025-07,3
Fort Lee PD,2025-08,1
Fort Lee PD,2025-09,4
Fort Lee PD,2025-10,2
Fort Lee PD,2025-11,2
Fort Lee PD,2025-12,3
Fort Lee PD,2026-01,2
Fort Lee PD,2026-02,1
Fort Lee PD,2026-05,1
Fort Lee PD,2026-07,1
Fort Lee PD,2026-08,1
Franklin Boro PD,2020-10,1
Franklin Boro PD,2020-12,2
Franklin Boro PD,2021-02,1
Franklin Boro PD,2021-08,1
Franklin Boro PD,2021-11,1
Franklin Boro PD,2021-12,3
Franklin Boro PD,2022-05,1
Franklin Boro PD,2022-08,3
Franklin Boro PD,2022-09,1
Franklin Boro PD,2022-10,1
Franklin Boro PD,2023-02,1
Franklin Boro PD,2023-03,1
Franklin Boro PD,2023-06,1
Franklin Boro PD,2023-08,2
Franklin Boro PD,2023-10,1
Franklin Boro PD,2024-04,1
Franklin Boro PD,2024-05,1
Franklin Boro PD,2024-07,2
Franklin Boro PD,2024-09,1
Franklin Boro PD,2024-11,1
Franklin Boro PD,2024-12,1
Franklin Boro PD,2025-01,1
Franklin Boro PD,2025-09,1
Franklin Boro PD,2026-01,1
Franklin Boro PD,2026-05,1
Franklin Boro PD,2026-08,1
Franklin Lakes Boro PD,2021-03,1
Franklin Lakes Boro PD,2021-08,1
Franklin Lakes Boro PD,2021-10,1
Franklin Lakes Boro PD,2022-03,1
Franklin Lakes Boro PD,2022-04,2
Franklin Lakes Boro PD,2022-05,1
Franklin Lakes Boro PD,2022-06,2
Franklin Lakes Boro PD,2022-07,1
Franklin Lakes Boro PD,2022-12,1
Franklin Lakes Boro PD,2023-04,1
Franklin Lakes Boro PD,2023-06,1
Franklin Lakes Boro PD,2023-10,1
Franklin Lakes Boro PD,2023-11,1
Franklin Lakes Boro PD,2023-12,1
Franklin Lakes Boro PD,2024-01,1
Franklin Lakes Boro PD,2024-05,2
Franklin Lakes Boro PD,2024-08,1
Franklin Lakes Boro PD,2024-10,2
Franklin Lakes Boro PD,2024-11,1
Franklin Lakes Boro PD,2025-01,1
Franklin Lakes Boro PD,2025-02,1
Franklin Lakes Boro PD,2025-04,1
Franklin Lakes Boro PD,2025-05,1
Franklin Lakes Boro PD,2025-10,1
Franklin Lakes Boro PD,2025-12,2
Franklin Twp PD,2020-10,2
Franklin Twp PD,2020-11,11
Franklin Twp PD,2020-12,4
Franklin Twp PD,2021-01,1
Franklin Twp PD,2021-02,3
Franklin Twp PD,2021-03,13
Franklin Twp PD,2021-04,4
Franklin Twp PD,2021-05,1
Franklin Twp PD,2021-06,3
Franklin Twp PD,2021-07,6
Franklin Twp PD,2021-08,2
Franklin Twp PD,2021-09,5
Franklin Twp PD,2021-10,6
Franklin Twp PD,2021-11,6
Franklin Twp PD,2021-12,9
Franklin Twp PD,2022-01,6
Franklin Twp PD,2022-02,6
Franklin Twp PD,2022-03,5
Franklin Twp PD,2022-04,2
Franklin Twp PD,2022-05,7
Franklin Twp PD,2022-06,10
Franklin Twp PD,2022-07,5
Franklin Twp PD,2022-08,4
Franklin Twp PD,2022-09,3
Franklin Twp PD,2022-10,6
Franklin Twp PD,2022-11,3
Franklin Twp PD,2022-12,5
Franklin Twp PD,2023-01,1
Franklin Twp PD,2023-03,6
Franklin Twp PD,2023-04,4
Franklin Twp PD,2023-05,8
Franklin Twp PD,2023-06,2
Franklin Twp PD,2023-07,1
Franklin Twp PD,2023-08,2
Franklin Twp PD,2023-09,6
Franklin Twp PD,2023-10,3
Franklin Twp PD,2023-11,3
Franklin Twp PD,2023-12,3
Franklin Twp PD,2024-01,6
Franklin Twp PD,2024-02,5
Franklin Twp PD,2024-03,5
Franklin Twp PD,2024-04,3
Franklin Twp PD,2024-05,4
Franklin Twp PD,2024-06,2
Franklin Twp PD,2024-07,1
Franklin Twp PD,2024-08,1
Franklin Twp PD,2024-09,5
Franklin Twp PD,2024-10,4
Franklin Twp PD,2024-11,3
Franklin Twp PD,2024-12,4
Franklin Twp PD,2025-01,4
Franklin Twp PD,2025-02,6
Franklin Twp PD,2025-04,2
Franklin Twp PD,2025-05,4
Franklin Twp PD,2025-06,5
Franklin Twp PD,2025-07,3
Franklin Twp PD,2025-08,6
Franklin Twp PD,2025-09,4
Franklin Twp PD,2025-10,1
Franklin Twp PD,2025-11,3
Franklin Twp PD,2025-12,7
Franklin Twp PD,2026-01,3
Franklin Twp PD,2026-02,4
Franklin Twp PD,2026-03,1
Franklin Twp PD,2026-04,7
Franklin Twp PD,2026-05,3
Franklin Twp PD,2026-06,6
Franklin Twp PD,2026-07,5
Franklin Twp PD,2026-08,2
Freehold Boro PD,2020-11,1
Freehold Boro PD,2021-01,1
Freehold Boro PD,2021-02,2
Freehold Boro PD,2021-04,1
Freehold Boro PD,2021-06,3
Freehold Boro PD,2021-07,3
Freehold Boro PD,2021-08,1
Freehold Boro PD,2021-09,1
Freehold Boro PD,2021-10,1
Freehold Boro PD,2021-11,1
Freehold Boro PD,2022-02,1
Freehold Boro PD,2022-03,1
Freehold Boro PD,2022-04,3
Freehold Boro PD,2022-05,1
Freehold Boro PD,2022-09,1
Freehold Boro PD,2022-10,1
Freehold Boro PD,2022-11,1
Freehold Boro PD,2022-12,1
Freehold Boro PD,2023-01,2
Freehold Boro PD,2023-03,1
Freehold Boro PD,2023-07,1
Freehold Boro PD,2023-08,1
Freehold Boro PD,2023-10,1
Freehold Boro PD,2023-11,3
Freehold Boro PD,2023-12,1
Freehold Boro PD,2024-03,2
Freehold Boro PD,2024-05,2
Freehold Boro PD,2024-06,1
Freehold Boro PD,2024-07,1
Freehold Boro PD,2024-09,1
Freehold Boro PD,2024-10,1
Freehold Boro PD,2024-11,2
Freehold Boro PD,2025-03,1
Freehold Boro PD,2025-04,1
Freehold Boro PD,2025-06,2
Freehold Boro PD,2025-08,3
Freehold Boro PD,2025-09,4
Freehold Boro PD,2025-10,2
Freehold Boro PD,2025-12,2
Freehold Boro PD,2026-01,1
Freehold Boro PD,2026-05,2
Freehold Boro PD,2026-07,3
Freehold Twp PD,2020-11,2
Freehold Twp PD,2020-12,1
Freehold Twp PD,2021-02,3
Freehold Twp PD,2021-03,3
Freehold Twp PD,2021-04,2
Freehold Twp PD,2021-05,2
Freehold Twp PD,2021-06,1
Freehold Twp PD,2021-07,3
Freehold Twp PD,2021-08,3
Freehold Twp PD,2021-09,3
Freehold Twp PD,2021-10,3
Freehold Twp PD,2021-11,2
Freehold Twp PD,2021-12,4
Freehold Twp PD,2022-01,1
Freehold Twp PD,2022-03,1
Freehold Twp PD,2022-04,1
Freehold Twp PD,2022-05,2
Freehold Twp PD,2022-06,4
Freehold Twp PD,2022-07,3
Freehold Twp PD,2022-08,1
Freehold Twp PD,2022-09,2
Freehold Twp PD,2022-10,2
Freehold Twp PD,2022-11,1
Freehold Twp PD,2022-12,2
Freehold Twp PD,2023-01,5
Freehold Twp PD,2023-02,2
Freehold Twp PD,2023-03,3
Freehold Twp PD,2023-04,1
Freehold Twp PD,2023-05,1
Freehold Twp PD,2023-06,3
Freehold Twp PD,2023-07,3
Freehold Twp PD,2023-08,3
Freehold Twp PD,2023-10,6
Freehold Twp PD,2023-11,4
Freehold Twp PD,2023-12,2
Freehold Twp PD,2024-02,2
Freehold Twp PD,2024-03,1
Freehold Twp PD,2024-04,1
Freehold Twp PD,2024-05,1
Freehold Twp PD,2024-06,4
Freehold Twp PD,2024-07,1
Freehold Twp PD,2024-08,3
Freehold Twp PD,2024-09,2
Freehold Twp PD,2024-10,3
Freehold Twp PD,2024-11,5
Freehold Twp PD,2024-12,3
Freehold Twp PD,2025-01,7
Freehold Twp PD,2025-02,2
Freehold Twp PD,2025-03,2
Freehold Twp PD,2025-04,2
Freehold Twp PD,2025-05,3
Freehold Twp PD,2025-06,4
Freehold Twp PD,2025-07,1
Freehold Twp PD,2025-08,1
Freehold Twp PD,2025-09,1
Freehold Twp PD,2025-10,1
Freehold Twp PD,2025-12,3
Freehold Twp PD,2026-01,2
Freehold Twp PD,2026-02,2
Freehold Twp PD,2026-03,2
Freehold Twp PD,2026-04,2
Freehold Twp PD,2026-06,3
Freehold Twp PD,2026-07,5
Freehold Twp PD,2026-08,5
Frenchtown Boro PD,2021-01,1
Frenchtown Boro PD,2024-08,1
Frenchtown Boro PD,2025-09,1
Galloway Twp PD,2020-10,6
Galloway Twp PD,2020-11,7
Galloway Twp PD,2020-12,4
Galloway Twp PD,2021-01,7
Galloway Twp PD,2021-03,4
Galloway Twp PD,2021-04,4
Galloway Twp PD,2021-05,2
Galloway Twp PD,2021-06,3
Galloway Twp PD,2021-07,1
Galloway Twp PD,2021-08,5
Galloway Twp PD,2021-09,5
Galloway Twp PD,2021-10,1
Galloway Twp PD,2021-11,6
Galloway Twp PD,2021-12,1
Galloway Twp PD,2022-01,2
Galloway Twp PD,2022-03,2
Galloway Twp PD,2022-04,2
Galloway Twp PD,2022-05,2
Galloway Twp PD,2022-06,5
Galloway Twp PD,2022-07,4
Galloway Twp PD,2022-08,3
Galloway Twp PD,2022-09,4
Galloway Twp PD,2022-10,1
Galloway Twp PD,2022-11,5
Galloway Twp PD,2022-12,1
Galloway Twp PD,2023-01,2
Galloway Twp PD,2023-02,1
Galloway Twp PD,2023-03,4
Galloway Twp PD,2023-04,3
Galloway Twp PD,2023-05,2
Galloway Twp PD,2023-06,1
Galloway Twp PD,2023-07,2
Galloway Twp PD,2023-08,3
Galloway Twp PD,2023-09,3
Galloway Twp PD,2023-10,2
Galloway Twp PD,2023-11,1
Galloway Twp PD,2023-12,4
Galloway Twp PD,2024-01,3
Galloway Twp PD,2024-02,1
Galloway Twp PD,2024-03,1
Galloway Twp PD,2024-04,2
Galloway Twp PD,2024-05,5
Galloway Twp PD,2024-06,2
Galloway Twp PD,2024-07,3
Galloway Twp PD,2024-08,2
Galloway Twp PD,2024-09,4
Galloway Twp PD,2024-10,1
Galloway Twp PD,2024-11,2
Galloway Twp PD,2024-12,2
Galloway Twp PD,2025-01,3
Galloway Twp PD,2025-02,3
Galloway Twp PD,2025-03,4
Galloway Twp PD,2025-04,6
Galloway Twp PD,2025-06,6
Galloway Twp PD,2025-07,6
Galloway Twp PD,2025-08,2
Galloway Twp PD,2025-09,2
Galloway Twp PD,2025-10,4
Galloway Twp PD,2025-11,1
Galloway Twp PD,2025-12,2
Galloway Twp PD,2026-01,5
Galloway Twp PD,2026-02,1
Galloway Twp PD,2026-03,6
Galloway Twp PD,2026-04,1
Galloway Twp PD,2026-05,5
Galloway Twp PD,2026-06,3
Galloway Twp PD,2026-07,6
Galloway Twp PD,2026-08,4
Garfield PD,2020-10,1
Garfield PD,2020-11,1
Garfield PD,2020-12,2
Garfield PD,2021-02,3
Garfield PD,2021-03,1
Garfield PD,2021-04,1
Garfield PD,2021-05,5
Garfield PD,2021-06,1
Garfield PD,2021-07,2
Garfield PD,2021-08,2
Garfield PD,2021-09,2
Garfield PD,2021-10,1
Garfield PD,2021-11,1
Garfield PD,2021-12,1
Garfield PD,2022-02,1
Garfield PD,2022-03,2
Garfield PD,2022-04,2
Garfield PD,2022-05,7
Garfield PD,2022-06,1
Garfield PD,2022-07,2
Garfield PD,2022-09,1
Garfield PD,2022-10,1
Garfield PD,2022-11,4
Garfield PD,2022-12,2
Garfield PD,2023-02,2
Garfield PD,2023-04,2
Garfield PD,2023-05,1
Garfield PD,2023-07,1
Garfield PD,2023-08,1
Garfield PD,2023-09,2
Garfield PD,2023-12,1
Garfield PD,2024-01,3
Garfield PD,2024-02,1
Garfield PD,2024-03,4
Garfield PD,2024-05,1
Garfield PD,2024-07,3
Garfield PD,2024-08,2
Garfield PD,2024-10,3
Garfield PD,2024-11,4
Garfield PD,2024-12,1
Garfield PD,2025-01,1
Garfield PD,2025-03,2
Garfield PD,2025-04,1
Garfield PD,2025-05,2
Garfield PD,2025-06,2
Garfield PD,2025-07,2
Garfield PD,2025-08,4
Garfield PD,2025-09,3
Garfield PD,2025-10,1
Garfield PD,2025-12,2
Garfield PD,2026-01,2
Garfield PD,2026-02,5
Garfield PD,2026-03,2
Garfield PD,2026-04,2
Garfield PD,2026-05,2
Garfield PD,2026-06,5
Garfield PD,2026-07,1
Garfield PD,2026-08,2
Garwood PD,2020-10,2
Garwood PD,2021-01,2
Garwood PD,2021-02,1
Garwood PD,2021-08,1
Garwood PD,2022-04,1
Garwood PD,2023-05,1
Garwood PD,2025-09,1
Garwood PD,2025-11,1
Gibbsboro PD,2020-11,1
Gibbsboro PD,2021-01,1
Gibbsboro PD,2022-04,1
Gibbsboro PD,2022-06,1
Gibbsboro PD,2022-07,1
Gibbsboro PD,2023-01,1
Gibbsboro PD,2023-07,2
Gibbsboro PD,2023-10,1
Gibbsboro PD,2024-11,1
Gibbsboro PD,2026-04,1
Glassboro PD,2020-10,5
Glassboro PD,2020-11,6
Glassboro PD,2020-12,1
Glassboro PD,2021-01,5
Glassboro PD,2021-02,3
Glassboro PD,2021-03,2
Glassboro PD,2021-04,1
Glassboro PD,2021-06,4
Glassboro PD,2021-07,1
Glassboro PD,2021-09,10
Glassboro PD,2021-10,8
Glassboro PD,2021-11,2
Glassboro PD,2021-12,8
Glassboro PD,2022-01,1
Glassboro PD,2022-02,2
Glassboro PD,2022-03,4
Glassboro PD,2022-04,6
Glassboro PD,2022-05,3
Glassboro PD,2022-06,4
Glassboro PD,2022-07,2
Glassboro PD,2022-08,1
Glassboro PD,2022-09,8
Glassboro PD,2022-10,5
Glassboro PD,2022-11,1
Glassboro PD,2022-12,4
Glassboro PD,2023-01,5
Glassboro PD,2023-02,2
Glassboro PD,2023-03,2
Glassboro PD,2023-04,3
Glassboro PD,2023-06,3
Glassboro PD,2023-07,3
Glassboro PD,2023-08,3
Glassboro PD,2023-09,5
Glassboro PD,2023-10,1
Glassboro PD,2023-11,3
Glassboro PD,2023-12,3
Glassboro PD,2024-01,2
Glassboro PD,2024-02,1
Glassboro PD,2024-03,2
Glassboro PD,2024-04,3
Glassboro PD,2024-06,1
Glassboro PD,2024-07,3
Glassboro PD,2024-08,8
Glassboro PD,2024-09,2
Glassboro PD,2024-10,5
Glassboro PD,2024-11,4
Glassboro PD,2024-12,2
Glassboro PD,2025-01,4
Glassboro PD,2025-02,2
Glassboro PD,2025-03,2
Glassboro PD,2025-04,4
Glassboro PD,2025-05,8
Glassboro PD,2025-06,9
Glassboro PD,2025-07,8
Glassboro PD,2025-08,5
Glassboro PD,2025-09,6
Glassboro PD,2025-10,5
Glassboro PD,2025-11,12
Glassboro PD,2025-12,3
Glassboro PD,2026-01,2
Glassboro PD,2026-02,3
Glassboro PD,2026-03,2
Glassboro PD,2026-04,2
Glassboro PD,2026-05,5
Glassboro PD,2026-06,2
Glassboro PD,2026-07,7
Glen Ridge PD,2021-03,2
Glen Ridge PD,2021-09,2
Glen Ridge PD,2021-10,2
Glen Ridge PD,2022-01,1
Glen Ridge PD,2022-02,1
Glen Ridge PD,2022-05,2
Glen Ridge PD,2022-08,1
Glen Ridge PD,2022-09,1
Glen Ridge PD,2022-10,1
Glen Ridge PD,2023-12,1
Glen Ridge PD,2025-02,1
Glen Ridge PD,2025-05,1
Glen Ridge PD,2026-07,1
Glen Rock PD,2020-10,1
Glen Rock PD,2021-05,1
Glen Rock PD,2022-03,1
Glen Rock PD,2022-06,2
Glen Rock PD,2022-12,1
Glen Rock PD,2024-08,1
Glen Rock PD,2025-01,1
Glen Rock PD,2025-08,1
Gloucester City PD,2020-10,3
Gloucester City PD,2020-11,3
Gloucester City PD,2020-12,3
Gloucester City PD,2021-01,2
Gloucester City PD,2021-02,1
Gloucester City PD,2021-03,2
Gloucester City PD,2021-04,1
Gloucester City PD,2021-05,2
Gloucester City PD,2021-06,2
Gloucester City PD,2021-07,2
Gloucester City PD,2021-08,2
Gloucester City PD,2021-12,5
Gloucester City PD,2022-01,1
Gloucester City PD,2022-02,2
Gloucester City PD,2022-03,2
Gloucester City PD,2022-04,4
Gloucester City PD,2022-05,1
Gloucester City PD,2022-07,3
Gloucester City PD,2022-09,3
Gloucester City PD,2022-10,2
Gloucester City PD,2022-11,1
Gloucester City PD,2022-12,1
Gloucester City PD,2023-01,2
Gloucester City PD,2023-02,2
Gloucester City PD,2023-04,5
Gloucester City PD,2023-05,1
Gloucester City PD,2023-06,3
Gloucester City PD,2023-07,3
Gloucester City PD,2023-10,1
Gloucester City PD,2023-11,5
Gloucester City PD,2023-12,1
Gloucester City PD,2024-01,1
Gloucester City PD,2024-03,1
Gloucester City PD,2024-04,2
Gloucester City PD,2024-05,3
Gloucester City PD,2024-06,2
Gloucester City PD,2024-07,2
Gloucester City PD,2024-08,3
Gloucester City PD,2024-09,1
Gloucester City PD,2024-10,3
Gloucester City PD,2024-11,5
Gloucester City PD,2024-12,5
Gloucester City PD,2025-01,2
Gloucester City PD,2025-02,6
Gloucester City PD,2025-03,5
Gloucester City PD,2025-04,1
Gloucester City PD,2025-05,4
Gloucester City PD,2025-06,4
Gloucester City PD,2025-07,3
Gloucester City PD,2025-08,3
Gloucester City PD,2025-09,1
Gloucester City PD,2025-10,2
Gloucester City PD,2025-11,3
Gloucester City PD,2025-12,1
Gloucester City PD,2026-01,1
Gloucester City PD,2026-03,2
Gloucester City PD,2026-04,3
Gloucester City PD,2026-05,3
Gloucester City PD,2026-06,3
Gloucester City PD,2026-07,1
Gloucester City PD,2026-08,3
Gloucester Co Prosecutors Office,2020-12,1
Gloucester Co Prosecutors Office,2021-02,1
Gloucester Co Prosecutors Office,2021-04,2
Gloucester Co Prosecutors Office,2022-09,2
Gloucester Co Prosecutors Office,2022-10,1
Gloucester Co Prosecutors Office,2023-07,1
Gloucester Co Prosecutors Office,2023-10,1
Gloucester Co Prosecutors Office,2023-12,1
Gloucester Co Prosecutors Office,2024-01,3
Gloucester Co Prosecutors Office,2024-03,1
Gloucester Co Prosecutors Office,2024-06,1
Gloucester Co Prosecutors Office,2024-07,3
Gloucester Co Prosecutors Office,2024-08,1
Gloucester Co Prosecutors Office,2024-11,2
Gloucester Co Prosecutors Office,2025-02,1
Gloucester Co Prosecutors Office,2025-04,2
Gloucester Co Prosecutors Office,2025-06,1
Gloucester Co Prosecutors Office,2025-08,1
Gloucester Co Prosecutors Office,2025-11,1
Gloucester Co Prosecutors Office,2026-03,1
Gloucester Co Sheriffs Dept,2021-04,1
Gloucester Co Sheriffs Dept,2021-05,1
Gloucester Co Sheriffs Dept,2021-11,2
Gloucester Co Sheriffs Dept,2022-02,1
Gloucester Co Sheriffs Dept,2022-04,1
Gloucester Co Sheriffs Dept,2022-05,2
Gloucester Co Sheriffs Dept,2022-06,1
Gloucester Co Sheriffs Dept,2022-07,1
Gloucester Co Sheriffs Dept,2022-10,1
Gloucester Co Sheriffs Dept,2023-01,1
Gloucester Co Sheriffs Dept,2023-02,1
Gloucester Co Sheriffs Dept,2023-05,1
Gloucester Co Sheriffs Dept,2023-06,3
Gloucester Co Sheriffs Dept,2023-10,1
Gloucester Co Sheriffs Dept,2024-01,3
Gloucester Co Sheriffs Dept,2024-02,1
Gloucester Co Sheriffs Dept,2024-03,1
Gloucester Co Sheriffs Dept,2024-04,1
Gloucester Co Sheriffs Dept,2024-05,1
Gloucester Co Sheriffs Dept,2024-07,3
Gloucester Co Sheriffs Dept,2024-09,1
Gloucester Co Sheriffs Dept,2024-11,2
Gloucester Co Sheriffs Dept,2024-12,1
Gloucester Co Sheriffs Dept,2025-01,1
Gloucester Co Sheriffs Dept,2025-02,2
Gloucester Co Sheriffs Dept,2025-03,1
Gloucester Co Sheriffs Dept,2025-04,2
Gloucester Co Sheriffs Dept,2025-05,1
Gloucester Co Sheriffs Dept,2025-06,2
Gloucester Co Sheriffs Dept,2025-07,1
Gloucester Co Sheriffs Dept,2025-09,3
Gloucester Co Sheriffs Dept,2025-10,6
Gloucester Co Sheriffs Dept,2026-02,1
Gloucester Co Sheriffs Dept,2026-03,2
Gloucester Co Sheriffs Dept,2026-04,1
Gloucester Co Sheriffs Dept,2026-05,1
Gloucester Co Sheriffs Dept,2026-06,1
Gloucester Co Sheriffs Dept,2026-07,2
Gloucester Twp PD,2020-10,8
Gloucester Twp PD,2020-11,3
Gloucester Twp PD,2020-12,7
Gloucester Twp PD,2021-01,6
Gloucester Twp PD,2021-02,4
Gloucester Twp PD,2021-03,2
Gloucester Twp PD,2021-04,6
Gloucester Twp PD,2021-05,5
Gloucester Twp PD,2021-06,4
Gloucester Twp PD,2021-08,4
Gloucester Twp PD,2021-09,2
Gloucester Twp PD,2021-10,5
Gloucester Twp PD,2021-11,1
Gloucester Twp PD,2021-12,6
Gloucester Twp PD,2022-01,4
Gloucester Twp PD,2022-02,5
Gloucester Twp PD,2022-03,5
Gloucester Twp PD,2022-04,3
Gloucester Twp PD,2022-05,2
Gloucester Twp PD,2022-06,2
Gloucester Twp PD,2022-07,5
Gloucester Twp PD,2022-08,4
Gloucester Twp PD,2022-09,3
Gloucester Twp PD,2022-10,6
Gloucester Twp PD,2022-11,7
Gloucester Twp PD,2022-12,1
Gloucester Twp PD,2023-01,5
Gloucester Twp PD,2023-02,5
Gloucester Twp PD,2023-03,2
Gloucester Twp PD,2023-04,3
Gloucester Twp PD,2023-05,6
Gloucester Twp PD,2023-06,5
Gloucester Twp PD,2023-07,4
Gloucester Twp PD,2023-08,3
Gloucester Twp PD,2023-09,5
Gloucester Twp PD,2023-10,10
Gloucester Twp PD,2023-11,2
Gloucester Twp PD,2023-12,4
Gloucester Twp PD,2024-01,2
Gloucester Twp PD,2024-02,5
Gloucester Twp PD,2024-03,2
Gloucester Twp PD,2024-04,2
Gloucester Twp PD,2024-05,2
Gloucester Twp PD,2024-06,11
Gloucester Twp PD,2024-07,1
Gloucester Twp PD,2024-08,2
Gloucester Twp PD,2024-09,7
Gloucester Twp PD,2024-10,5
Gloucester Twp PD,2024-11,4
Gloucester Twp PD,2024-12,5
Gloucester Twp PD,2025-01,2
Gloucester Twp PD,2025-02,5
Gloucester Twp PD,2025-03,5
Gloucester Twp PD,2025-04,5
Gloucester Twp PD,2025-06,6
Gloucester Twp PD,2025-07,2
Gloucester Twp PD,2025-08,4
Gloucester Twp PD,2025-09,7
Gloucester Twp PD,2025-10,7
Gloucester Twp PD,2025-11,6
Gloucester Twp PD,2025-12,9
Gloucester Twp PD,2026-01,2
Gloucester Twp PD,2026-02,4
Gloucester Twp PD,2026-03,8
Gloucester Twp PD,2026-04,6
Gloucester Twp PD,2026-05,9
Gloucester Twp PD,2026-06,10
Gloucester Twp PD,2026-07,5
Gloucester Twp PD,2026-08,3
Green Brook PD,2021-03,1
Green Brook PD,2021-05,1
Green Brook PD,2021-06,1
Green Brook PD,2021-08,1
Green Brook PD,2021-09,1
Green Brook PD,2021-10,2
Green Brook PD,2021-11,1
Green Brook PD,2021-12,1
Green Brook PD,2022-04,2
Green Brook PD,2022-07,2
Green Brook PD,2023-01,2
Green Brook PD,2023-02,1
Green Brook PD,2023-03,1
Green Brook PD,2023-06,1
Green Brook PD,2023-08,1
Green Brook PD,2023-09,2
Green Brook PD,2023-11,3
Green Brook PD,2023-12,1
Green Brook PD,2024-02,3
Green Brook PD,2024-05,2
Green Brook PD,2024-06,1
Green Brook PD,2024-11,1
Green Brook PD,2025-02,2
Green Brook PD,2025-03,2
Green Brook PD,2025-05,5
Green Brook PD,2025-06,1
Green Brook PD,2025-08,1
Green Brook PD,2025-09,1
Green Brook PD,2025-10,1
Green Brook PD,2025-12,2
Green Brook PD,2026-01,1
Green Brook PD,2026-03,1
Green Brook PD,2026-07,1
Green Brook PD,2026-08,1
Greenwich Twp PD,2020-10,4
Greenwich Twp PD,2021-01,3
Greenwich Twp PD,2021-04,1
Greenwich Twp PD,2021-07,1
Greenwich Twp PD,2021-09,1
Greenwich Twp PD,2022-04,1
Greenwich Twp PD,2022-07,1
Greenwich Twp PD,2022-08,1
Greenwich Twp PD,2022-11,1
Greenwich Twp PD,2022-12,1
Greenwich Twp PD,2023-01,2
Greenwich Twp PD,2023-02,1
Greenwich Twp PD,2023-04,1
Greenwich Twp PD,2023-12,1
Greenwich Twp PD,2024-01,1
Greenwich Twp PD,2024-02,1
Greenwich Twp PD,2024-03,2
Greenwich Twp PD,2024-09,2
Greenwich Twp PD,2024-10,1
Greenwich Twp PD,2024-12,2
Greenwich Twp PD,2025-07,1
Greenwich Twp PD,2025-08,2
Greenwich Twp PD,2026-03,1
Greenwich Twp PD,2026-05,1
Guttenberg PD,2020-10,2
Guttenberg PD,2020-11,2
Guttenberg PD,2020-12,2
Guttenberg PD,2021-01,1
Guttenberg PD,2021-02,3
Guttenberg PD,2021-03,1
Guttenberg PD,2021-05,1
Guttenberg PD,2021-07,2
Guttenberg PD,2021-08,2
Guttenberg PD,2021-10,2
Guttenberg PD,2021-12,2
Guttenberg PD,2022-01,1
Guttenberg PD,2022-02,6
Guttenberg PD,2022-03,1
Guttenberg PD,2022-04,4
Guttenberg PD,2022-07,4
Guttenberg PD,2022-09,2
Guttenberg PD,2022-10,1
Guttenberg PD,2022-12,6
Guttenberg PD,2023-01,3
Guttenberg PD,2023-02,1
Guttenberg PD,2023-03,1
Guttenberg PD,2023-04,2
Guttenberg PD,2023-05,4
Guttenberg PD,2023-06,2
Guttenberg PD,2023-07,2
Guttenberg PD,2023-09,1
Guttenberg PD,2023-12,4
Guttenberg PD,2024-01,4
Guttenberg PD,2024-02,1
Guttenberg PD,2024-03,1
Guttenberg PD,2024-04,3
Guttenberg PD,2024-05,2
Guttenberg PD,2024-06,1
Guttenberg PD,2024-07,2
Guttenberg PD,2024-08,2
Guttenberg PD,2024-09,2
Guttenberg PD,2024-10,3
Guttenberg PD,2024-11,4
Guttenberg PD,2024-12,1
Guttenberg PD,2025-01,5
Guttenberg PD,2025-02,1
Guttenberg PD,2025-03,2
Guttenberg PD,2025-04,2
Guttenberg PD,2025-05,2
Guttenberg PD,2025-06,2
Guttenberg PD,2025-07,3
Guttenberg PD,2025-08,1
Guttenberg PD,2025-09,1
Guttenberg PD,2025-10,1
Guttenberg PD,2025-11,1
Guttenberg PD,2025-12,2
Guttenberg PD,2026-01,2
Guttenberg PD,2026-03,5
Guttenberg PD,2026-04,1
Guttenberg PD,2026-05,4
Guttenberg PD,2026-06,1
Guttenberg PD,2026-07,3
Guttenberg PD,2026-08,1
Hackensack PD,2020-10,4
Hackensack PD,2020-11,1
Hackensack PD,2020-12,4
Hackensack PD,2021-01,1
Hackensack PD,2021-02,5
Hackensack PD,2021-04,2
Hackensack PD,2021-06,2
Hackensack PD,2021-07,2
Hackensack PD,2021-08,3
Hackensack PD,2021-10,3
Hackensack PD,2021-11,3
Hackensack PD,2021-12,4
Hackensack PD,2022-01,3
Hackensack PD,2022-02,5
Hackensack PD,2022-03,5
Hackensack PD,2022-04,10
Hackensack PD,2022-05,1
Hackensack PD,2022-06,3
Hackensack PD,2022-07,3
Hackensack PD,2022-08,5
Hackensack PD,2022-09,3
Hackensack PD,2022-10,3
Hackensack PD,2022-11,4
Hackensack PD,2022-12,7
Hackensack PD,2023-01,2
Hackensack PD,2023-02,3
Hackensack PD,2023-03,3
Hackensack PD,2023-04,2
Hackensack PD,2023-05,1
Hackensack PD,2023-06,3
Hackensack PD,2023-07,4
Hackensack PD,2023-10,3
Hackensack PD,2023-11,4
Hackensack PD,2023-12,1
Hackensack PD,2024-01,3
Hackensack PD,2024-02,3
Hackensack PD,2024-03,4
Hackensack PD,2024-04,2
Hackensack PD,2024-05,2
Hackensack PD,2024-06,4
Hackensack PD,2024-08,4
Hackensack PD,2024-09,1
Hackensack PD,2024-10,1
Hackensack PD,2024-11,1
Hackensack PD,2024-12,4
Hackensack PD,2025-01,3
Hackensack PD,2025-02,1
Hackensack PD,2025-03,2
Hackensack PD,2025-04,2
Hackensack PD,2025-05,1
Hackensack PD,2025-06,3
Hackensack PD,2025-07,3
Hackensack PD,2025-09,5
Hackensack PD,2025-10,6
Hackensack PD,2025-11,1
Hackensack PD,2025-12,4
Hackensack PD,2026-01,2
Hackensack PD,2026-02,3
Hackensack PD,2026-03,2
Hackensack PD,2026-04,2
Hackensack PD,2026-05,4
Hackensack PD,2026-06,1
Hackensack PD,2026-07,2
Hackensack PD,2026-08,7
Hackettstown PD,2021-01,1
Hackettstown PD,2021-07,3
Hackettstown PD,2022-05,2
Hackettstown PD,2022-09,1
Hackettstown PD,2022-10,2
Hackettstown PD,2022-12,1
Hackettstown PD,2024-02,1
Hackettstown PD,2024-03,1
Hackettstown PD,2024-06,1
Hackettstown PD,2024-09,1
Hackettstown PD,2024-10,1
Hackettstown PD,2025-02,1
Hackettstown PD,2025-03,2
Hackettstown PD,2025-07,1
Hackettstown PD,2026-02,2
Haddon Heights PD,2021-01,1
Haddon Heights PD,2021-02,1
Haddon Heights PD,2021-05,1
Haddon Heights PD,2021-07,2
Haddon Heights PD,2021-09,2
Haddon Heights PD,2021-10,1
Haddon Heights PD,2021-11,1
Haddon Heights PD,2022-08,1
Haddon Heights PD,2022-10,1
Haddon Heights PD,2022-11,1
Haddon Heights PD,2023-01,2
Haddon Heights PD,2023-02,2
Haddon Heights PD,2023-03,1
Haddon Heights PD,2023-04,2
Haddon Heights PD,2023-05,1
Haddon Heights PD,2023-06,1
Haddon Heights PD,2023-09,2
Haddon Heights PD,2023-10,1
Haddon Heights PD,2023-11,4
Haddon Heights PD,2024-02,1
Haddon Heights PD,2024-03,1
Haddon Heights PD,2024-05,1
Haddon Heights PD,2024-06,1
Haddon Heights PD,2024-07,2
Haddon Heights PD,2024-08,1
Haddon Heights PD,2024-10,3
Haddon Heights PD,2024-12,2
Haddon Heights PD,2025-02,2
Haddon Heights PD,2025-05,1
Haddon Heights PD,2025-06,1
Haddon Heights PD,2025-11,1
Haddon Heights PD,2025-12,2
Haddon Heights PD,2026-01,1
Haddon Heights PD,2026-02,1
Haddon Heights PD,2026-03,2
Haddon Heights PD,2026-04,2
Haddon Heights PD,2026-05,1
Haddon Heights PD,2026-06,1
Haddon Heights PD,2026-08,1
Haddon Twp PD,2020-10,1
Haddon Twp PD,2020-12,1
Haddon Twp PD,2021-01,2
Haddon Twp PD,2021-03,2
Haddon Twp PD,2021-05,3
Haddon Twp PD,2021-06,2
Haddon Twp PD,2021-07,1
Haddon Twp PD,2021-08,2
Haddon Twp PD,2021-09,2
Haddon Twp PD,2021-10,1
Haddon Twp PD,2021-11,2
Haddon Twp PD,2021-12,1
Haddon Twp PD,2022-01,3
Haddon Twp PD,2022-02,1
Haddon Twp PD,2022-03,1
Haddon Twp PD,2022-04,1
Haddon Twp PD,2022-05,2
Haddon Twp PD,2022-06,1
Haddon Twp PD,2022-07,4
Haddon Twp PD,2022-08,1
Haddon Twp PD,2022-09,2
Haddon Twp PD,2022-10,1
Haddon Twp PD,2023-01,1
Haddon Twp PD,2023-04,1
Haddon Twp PD,2023-05,2
Haddon Twp PD,2023-06,3
Haddon Twp PD,2023-07,5
Haddon Twp PD,2023-08,1
Haddon Twp PD,2023-09,2
Haddon Twp PD,2023-10,1
Haddon Twp PD,2023-11,1
Haddon Twp PD,2024-01,1
Haddon Twp PD,2024-02,1
Haddon Twp PD,2024-03,1
Haddon Twp PD,2024-04,2
Haddon Twp PD,2024-05,1
Haddon Twp PD,2024-08,2
Haddon Twp PD,2024-11,2
Haddon Twp PD,2024-12,2
Haddon Twp PD,2025-01,1
Haddon Twp PD,2025-02,2
Haddon Twp PD,2025-03,2
Haddon Twp PD,2025-04,1
Haddon Twp PD,2025-05,1
Haddon Twp PD,2025-07,3
Haddon Twp PD,2025-08,1
Haddon Twp PD,2025-10,3
Haddon Twp PD,2025-11,1
Haddon Twp PD,2025-12,1
Haddon Twp PD,2026-01,1
Haddon Twp PD,2026-02,1
Haddon Twp PD,2026-03,6
Haddon Twp PD,2026-04,1
Haddon Twp PD,2026-05,1
Haddon Twp PD,2026-06,3
Haddon Twp PD,2026-07,1
Haddonfield PD,2021-03,1
Haddonfield PD,2021-05,1
Haddonfield PD,2021-08,1
Haddonfield PD,2021-10,1
Haddonfield PD,2021-12,1
Haddonfield PD,2022-03,1
Haddonfield PD,2022-04,1
Haddonfield PD,2022-05,1
Haddonfield PD,2022-07,1
Haddonfield PD,2022-10,2
Haddonfield PD,2023-02,1
Haddonfield PD,2023-05,1
Haddonfield PD,2023-06,1
Haddonfield PD,2023-08,2
Haddonfield PD,2023-12,2
Haddonfield PD,2024-01,1
Haddonfield PD,2024-04,1
Haddonfield PD,2024-07,1
Haddonfield PD,2024-09,1
Haddonfield PD,2024-10,1
Haddonfield PD,2024-11,1
Haddonfield PD,2025-02,4
Haddonfield PD,2025-04,1
Haddonfield PD,2025-06,2
Haddonfield PD,2025-07,1
Haddonfield PD,2025-12,1
Haddonfield PD,2026-03,1
Haddonfield PD,2026-05,1
Haledon PD,2021-01,2
Haledon PD,2021-05,2
Haledon PD,2021-06,1
Haledon PD,2021-07,4
Haledon PD,2021-10,2
Haledon PD,2021-11,1
Haledon PD,2021-12,1
Haledon PD,2022-02,1
Haledon PD,2022-03,3
Haledon PD,2022-05,1
Haledon PD,2022-07,1
Haledon PD,2022-10,2
Haledon PD,2023-02,2
Haledon PD,2023-03,1
Haledon PD,2023-04,1
Haledon PD,2023-07,1
Haledon PD,2023-08,1
Haledon PD,2023-09,1
Haledon PD,2023-11,1
Haledon PD,2024-02,4
Haledon PD,2024-03,3
Haledon PD,2024-05,1
Haledon PD,2024-06,1
Haledon PD,2024-07,3
Haledon PD,2024-09,1
Haledon PD,2024-10,2
Haledon PD,2024-11,1
Haledon PD,2024-12,1
Haledon PD,2025-01,2
Haledon PD,2025-02,1
Haledon PD,2025-03,1
Haledon PD,2025-04,2
Haledon PD,2025-05,1
Haledon PD,2025-06,1
Haledon PD,2025-07,2
Haledon PD,2025-09,3
Haledon PD,2025-10,2
Haledon PD,2025-11,1
Haledon PD,2026-01,3
Haledon PD,2026-02,1
Haledon PD,2026-03,1
Haledon PD,2026-04,1
Haledon PD,2026-06,1
Haledon PD,2026-07,3
Hamburg PD,2021-12,2
Hamburg PD,2022-03,1
Hamburg PD,2022-12,2
Hamburg PD,2023-05,1
Hamburg PD,2023-07,1
Hamburg PD,2023-08,3
Hamburg PD,2023-10,2
Hamburg PD,2023-11,1
Hamburg PD,2024-03,1
Hamburg PD,2024-05,1
Hamburg PD,2024-08,2
Hamburg PD,2024-09,2
Hamburg PD,2024-10,1
Hamburg PD,2024-11,1
Hamburg PD,2025-05,1
Hamburg PD,2025-06,2
Hamburg PD,2025-07,1
Hamburg PD,2025-12,1
Hamburg PD,2026-02,1
Hamburg PD,2026-04,2
Hamburg PD,2026-05,1
Hamburg PD,2026-06,1
Hamburg PD,2026-07,1
Hamilton Twp PD,2020-10,16
Hamilton Twp PD,2020-11,7
Hamilton Twp PD,2020-12,8
Hamilton Twp PD,2021-01,16
Hamilton Twp PD,2021-02,7
Hamilton Twp PD,2021-03,5
Hamilton Twp PD,2021-04,7
Hamilton Twp PD,2021-05,3
Hamilton Twp PD,2021-06,8
Hamilton Twp PD,2021-07,5
Hamilton Twp PD,2021-08,6
Hamilton Twp PD,2021-09,10
Hamilton Twp PD,2021-10,10
Hamilton Twp PD,2021-11,12
Hamilton Twp PD,2021-12,3
Hamilton Twp PD,2022-01,7
Hamilton Twp PD,2022-02,8
Hamilton Twp PD,2022-03,11
Hamilton Twp PD,2022-04,5
Hamilton Twp PD,2022-05,2
Hamilton Twp PD,2022-06,9
Hamilton Twp PD,2022-07,13
Hamilton Twp PD,2022-08,11
Hamilton Twp PD,2022-09,6
Hamilton Twp PD,2022-10,4
Hamilton Twp PD,2022-11,6
Hamilton Twp PD,2022-12,12
Hamilton Twp PD,2023-01,7
Hamilton Twp PD,2023-02,10
Hamilton Twp PD,2023-03,14
Hamilton Twp PD,2023-04,11
Hamilton Twp PD,2023-05,5
Hamilton Twp PD,2023-06,6
Hamilton Twp PD,2023-07,5
Hamilton Twp PD,2023-08,5
Hamilton Twp PD,2023-09,10
Hamilton Twp PD,2023-10,14
Hamilton Twp PD,2023-11,2
Hamilton Twp PD,2023-12,8
Hamilton Twp PD,2024-01,10
Hamilton Twp PD,2024-02,7
Hamilton Twp PD,2024-03,5
Hamilton Twp PD,2024-04,3
Hamilton Twp PD,2024-05,8
Hamilton Twp PD,2024-06,11
Hamilton Twp PD,2024-07,3
Hamilton Twp PD,2024-08,12
Hamilton Twp PD,2024-09,2
Hamilton Twp PD,2024-10,9
Hamilton Twp PD,2024-11,16
Hamilton Twp PD,2024-12,10
Hamilton Twp PD,2025-01,8
Hamilton Twp PD,2025-02,8
Hamilton Twp PD,2025-03,10
Hamilton Twp PD,2025-04,7
Hamilton Twp PD,2025-05,9
Hamilton Twp PD,2025-06,7
Hamilton Twp PD,2025-07,5
Hamilton Twp PD,2025-08,7
Hamilton Twp PD,2025-09,2
Hamilton Twp PD,2025-10,16
Hamilton Twp PD,2025-11,9
Hamilton Twp PD,2025-12,12
Hamilton Twp PD,2026-01,3
Hamilton Twp PD,2026-02,11
Hamilton Twp PD,2026-03,7
Hamilton Twp PD,2026-04,6
Hamilton Twp PD,2026-05,10
Hamilton Twp PD,2026-06,8
Hamilton Twp PD,2026-07,7
Hamilton Twp PD,2026-08,12
Hammonton PD,2020-10,1
Hammonton PD,2020-12,1
Hammonton PD,2021-01,1
Hammonton PD,2021-06,1
Hammonton PD,2021-07,2
Hammonton PD,2021-11,1
Hammonton PD,2021-12,3
Hammonton PD,2022-01,4
Hammonton PD,2022-02,2
Hammonton PD,2022-05,4
Hammonton PD,2022-06,3
Hammonton PD,2022-08,8
Hammonton PD,2022-09,2
Hammonton PD,2022-10,2
Hammonton PD,2022-12,4
Hammonton PD,2023-01,1
Hammonton PD,2023-05,1
Hammonton PD,2023-06,1
Hammonton PD,2023-07,4
Hammonton PD,2023-08,2
Hammonton PD,2023-09,1
Hammonton PD,2023-10,1
Hammonton PD,2023-11,1
Hammonton PD,2024-02,1
Hammonton PD,2024-03,1
Hammonton PD,2024-04,1
Hammonton PD,2024-05,1
Hammonton PD,2024-06,1
Hammonton PD,2024-07,3
Hammonton PD,2024-08,1
Hammonton PD,2024-09,2
Hammonton PD,2024-10,2
Hammonton PD,2024-11,1
Hammonton PD,2024-12,1
Hammonton PD,2025-01,4
Hammonton PD,2025-03,6
Hammonton PD,2025-07,1
Hammonton PD,2025-08,1
Hammonton PD,2025-11,1
Hammonton PD,2026-01,1
Hammonton PD,2026-03,1
Hammonton PD,2026-04,3
Hammonton PD,2026-05,2
Hammonton PD,2026-06,3
Hammonton PD,2026-07,3
Hammonton PD,2026-08,2
Hanover Twp PD,2020-11,1
Hanover Twp PD,2021-01,2
Hanover Twp PD,2021-02,3
Hanover Twp PD,2021-03,1
Hanover Twp PD,2021-05,2
Hanover Twp PD,2021-06,1
Hanover Twp PD,2021-07,2
Hanover Twp PD,2021-08,2
Hanover Twp PD,2021-10,2
Hanover Twp PD,2021-11,1
Hanover Twp PD,2021-12,2
Hanover Twp PD,2022-01,1
Hanover Twp PD,2022-02,2
Hanover Twp PD,2022-03,2
Hanover Twp PD,2022-04,1
Hanover Twp PD,2022-05,2
Hanover Twp PD,2022-07,1
Hanover Twp PD,2022-10,3
Hanover Twp PD,2023-03,4
Hanover Twp PD,2023-05,2
Hanover Twp PD,2023-10,2
Hanover Twp PD,2023-11,5
Hanover Twp PD,2023-12,1
Hanover Twp PD,2024-01,2
Hanover Twp PD,2024-02,1
Hanover Twp PD,2024-03,2
Hanover Twp PD,2024-04,2
Hanover Twp PD,2024-06,3
Hanover Twp PD,2024-07,3
Hanover Twp PD,2024-08,5
Hanover Twp PD,2024-09,1
Hanover Twp PD,2024-10,2
Hanover Twp PD,2024-11,1
Hanover Twp PD,2024-12,4
Hanover Twp PD,2025-01,1
Hanover Twp PD,2025-02,2
Hanover Twp PD,2025-03,6
Hanover Twp PD,2025-04,2
Hanover Twp PD,2025-05,4
Hanover Twp PD,2025-06,2
Hanover Twp PD,2025-08,3
Hanover Twp PD,2025-10,3
Hanover Twp PD,2025-11,1
Hanover Twp PD,2025-12,2
Hanover Twp PD,2026-01,2
Hanover Twp PD,2026-04,1
Hanover Twp PD,2026-07,3
Harding Twp PD,2020-12,1
Harding Twp PD,2021-08,1
Harding Twp PD,2021-12,1
Harding Twp PD,2023-08,1
Harding Twp PD,2024-02,1
Harding Twp PD,2025-05,2
Harding Twp PD,2026-07,1
Hardyston Twp Police Dept,2021-05,1
Hardyston Twp Police Dept,2021-12,2
Hardyston Twp Police Dept,2022-03,1
Hardyston Twp Police Dept,2022-06,1
Hardyston Twp Police Dept,2022-08,1
Hardyston Twp Police Dept,2022-09,1
Hardyston Twp Police Dept,2022-10,1
Hardyston Twp Police Dept,2022-12,2
Hardyston Twp Police Dept,2023-01,2
Hardyston Twp Police Dept,2023-06,1
Hardyston Twp Police Dept,2023-12,1
Hardyston Twp Police Dept,2024-06,2
Hardyston Twp Police Dept,2024-07,1
Hardyston Twp Police Dept,2024-10,1
Hardyston Twp Police Dept,2024-11,1
Hardyston Twp Police Dept,2024-12,1
Hardyston Twp Police Dept,2025-01,1
Hardyston Twp Police Dept,2025-06,1
Hardyston Twp Police Dept,2025-08,1
Hardyston Twp Police Dept,2026-04,1
Hardyston Twp Police Dept,2026-05,1
Harrington Park PD,2021-03,2
Harrington Park PD,2023-06,3
Harrington Park PD,2023-11,1
Harrington Park PD,2024-03,1
Harrington Park PD,2024-07,1
Harrington Park PD,2024-08,2
Harrison PD,2020-11,1
Harrison PD,2020-12,2
Harrison PD,2021-03,1
Harrison PD,2021-04,2
Harrison PD,2021-05,2
Harrison PD,2021-06,6
Harrison PD,2021-07,4
Harrison PD,2021-08,2
Harrison PD,2021-09,1
Harrison PD,2021-10,6
Harrison PD,2021-11,6
Harrison PD,2021-12,2
Harrison PD,2022-01,2
Harrison PD,2022-02,4
Harrison PD,2022-03,1
Harrison PD,2022-04,3
Harrison PD,2022-05,3
Harrison PD,2022-06,3
Harrison PD,2022-07,1
Harrison PD,2022-08,2
Harrison PD,2022-09,1
Harrison PD,2022-11,2
Harrison PD,2023-02,2
Harrison PD,2023-04,1
Harrison PD,2023-05,1
Harrison PD,2023-06,4
Harrison PD,2023-07,1
Harrison PD,2023-08,1
Harrison PD,2023-09,1
Harrison PD,2023-10,2
Harrison PD,2023-11,1
Harrison PD,2023-12,2
Harrison PD,2024-01,2
Harrison PD,2024-03,1
Harrison PD,2024-04,1
Harrison PD,2024-05,1
Harrison PD,2024-06,5
Harrison PD,2024-08,4
Harrison PD,2024-09,2
Harrison PD,2024-10,1
Harrison PD,2024-11,1
Harrison PD,2025-01,1
Harrison PD,2025-02,2
Harrison PD,2025-03,2
Harrison PD,2025-04,1
Harrison PD,2025-05,1
Harrison PD,2025-06,3
Harrison PD,2025-08,2
Harrison PD,2025-09,2
Harrison PD,2025-10,6
Harrison PD,2025-11,2
Harrison PD,2026-02,1
Harrison PD,2026-03,2
Harrison PD,2026-04,2
Harrison PD,2026-05,1
Harrison PD,2026-06,3
Harrison PD,2026-07,2
Harrison PD,2026-08,2
Harrison Twp PD,2021-01,1
Harrison Twp PD,2021-05,2
Harrison Twp PD,2021-09,1
Harrison Twp PD,2021-10,1
Harrison Twp PD,2021-11,2
Harrison Twp PD,2022-01,2
Harrison Twp PD,2022-02,1
Harrison Twp PD,2022-04,3
Harrison Twp PD,2022-05,3
Harrison Twp PD,2022-07,1
Harrison Twp PD,2022-09,1
Harrison Twp PD,2022-11,4
Harrison Twp PD,2022-12,1
Harrison Twp PD,2023-01,2
Harrison Twp PD,2023-02,1
Harrison Twp PD,2023-04,2
Harrison Twp PD,2023-06,1
Harrison Twp PD,2023-07,2
Harrison Twp PD,2023-08,1
Harrison Twp PD,2023-10,2
Harrison Twp PD,2023-11,1
Harrison Twp PD,2024-01,1
Harrison Twp PD,2024-03,1
Harrison Twp PD,2024-04,1
Harrison Twp PD,2024-05,1
Harrison Twp PD,2024-07,4
Harrison Twp PD,2025-05,1
Harrison Twp PD,2025-06,1
Harrison Twp PD,2025-09,1
Harrison Twp PD,2026-01,1
Harrison Twp PD,2026-02,1
Harrison Twp PD,2026-03,1
Harrison Twp PD,2026-04,1
Harrison Twp PD,2026-05,2
Harrison Twp PD,2026-07,1
Harrison Twp PD,2026-08,1
Harvey Cedars Boro PD,2020-12,1
Harvey Cedars Boro PD,2021-09,1
Harvey Cedars Boro PD,2026-07,1
Hasbrouck Heights PD,2023-03,3
Hasbrouck Heights PD,2023-04,1
Hasbrouck Heights PD,2023-05,2
Hasbrouck Heights PD,2023-06,3
Hasbrouck Heights PD,2023-07,1
Hasbrouck Heights PD,2023-09,1
Hasbrouck Heights PD,2023-10,1
Hasbrouck Heights PD,2023-11,2
Hasbrouck Heights PD,2024-02,1
Hasbrouck Heights PD,2024-03,2
Hasbrouck Heights PD,2024-05,2
Hasbrouck Heights PD,2024-07,1
Hasbrouck Heights PD,2024-08,2
Hasbrouck Heights PD,2025-02,2
Hasbrouck Heights PD,2025-04,1
Hasbrouck Heights PD,2025-05,1
Hasbrouck Heights PD,2025-08,1
Hasbrouck Heights PD,2026-01,3
Hasbrouck Heights PD,2026-05,1
Haworth PD,2023-05,1
Haworth PD,2024-08,1
Haworth PD,2025-02,1
Hawthorne PD,2020-10,2
Hawthorne PD,2020-11,1
Hawthorne PD,2020-12,2
Hawthorne PD,2021-01,1
Hawthorne PD,2021-09,2
Hawthorne PD,2021-10,1
Hawthorne PD,2021-11,1
Hawthorne PD,2021-12,3
Hawthorne PD,2022-04,2
Hawthorne PD,2022-06,4
Hawthorne PD,2022-07,1
Hawthorne PD,2022-08,1
Hawthorne PD,2022-10,1
Hawthorne PD,2022-11,1
Hawthorne PD,2023-06,1
Hawthorne PD,2023-07,2
Hawthorne PD,2023-08,1
Hawthorne PD,2024-01,1
Hawthorne PD,2024-03,2
Hawthorne PD,2024-05,1
Hawthorne PD,2024-11,3
Hawthorne PD,2025-02,1
Hawthorne PD,2025-07,1
Hawthorne PD,2025-08,1
Hawthorne PD,2025-10,1
Hawthorne PD,2026-06,1
Hawthorne PD,2026-08,2
Hazlet Twp PD,2020-10,2
Hazlet Twp PD,2020-11,2
Hazlet Twp PD,2021-02,1
Hazlet Twp PD,2021-03,1
Hazlet Twp PD,2021-04,3
Hazlet Twp PD,2021-05,1
Hazlet Twp PD,2021-07,1
Hazlet Twp PD,2021-08,3
Hazlet Twp PD,2021-09,1
Hazlet Twp PD,2022-02,2
Hazlet Twp PD,2022-06,1
Hazlet Twp PD,2022-07,2
Hazlet Twp PD,2022-08,1
Hazlet Twp PD,2022-09,2
Hazlet Twp PD,2022-10,3
Hazlet Twp PD,2022-12,1
Hazlet Twp PD,2023-01,3
Hazlet Twp PD,2023-03,1
Hazlet Twp PD,2023-07,1
Hazlet Twp PD,2023-08,3
Hazlet Twp PD,2023-10,1
Hazlet Twp PD,2023-11,1
Hazlet Twp PD,2024-01,2
Hazlet Twp PD,2024-04,1
Hazlet Twp PD,2024-05,1
Hazlet Twp PD,2024-06,1
Hazlet Twp PD,2024-07,3
Hazlet Twp PD,2024-09,1
Hazlet Twp PD,2024-10,1
Hazlet Twp PD,2024-11,1
Hazlet Twp PD,2024-12,2
Hazlet Twp PD,2025-02,1
Hazlet Twp PD,2025-03,2
Hazlet Twp PD,2025-05,1
Hazlet Twp PD,2025-09,1
Hazlet Twp PD,2025-11,1
Hazlet Twp PD,2026-01,1
Hazlet Twp PD,2026-08,1
Hi-Nella PD,2020-11,1
Hi-Nella PD,2021-01,1
Hi-Nella PD,2022-05,1
Hi-Nella PD,2023-02,1
Hi-Nella PD,2023-06,1
Hi-Nella PD,2023-08,1
Hi-Nella PD,2024-08,1
Hi-Nella PD,2026-01,1
High Bridge Boro PD,2020-11,2
High Bridge Boro PD,2021-03,1
High Bridge Boro PD,2021-05,1
High Bridge Boro PD,2022-08,1
High Bridge Boro PD,2026-02,2
High Bridge Boro PD,2026-07,1
Highland Park PD,2021-01,2
Highland Park PD,2021-11,1
Highland Park PD,2022-01,1
Highland Park PD,2022-03,1
Highland Park PD,2022-05,1
Highland Park PD,2022-12,4
Highland Park PD,2023-03,1
Highland Park PD,2023-08,1
Highland Park PD,2023-09,1
Highland Park PD,2024-01,1
Highland Park PD,2024-07,1
Highland Park PD,2024-08,1
Highland Park PD,2024-11,1
Highland Park PD,2025-02,1
Highland Park PD,2025-07,2
Highland Park PD,2026-06,1
Highlands PD,2020-10,1
Highlands PD,2021-01,1
Highlands PD,2021-02,1
Highlands PD,2021-03,2
Highlands PD,2021-05,1
Highlands PD,2021-11,1
Highlands PD,2022-03,1
Highlands PD,2022-06,1
Highlands PD,2022-07,1
Highlands PD,2022-10,2
Highlands PD,2022-11,2
Highlands PD,2023-01,1
Highlands PD,2023-02,1
Highlands PD,2023-03,1
Highlands PD,2023-05,1
Highlands PD,2023-06,2
Highlands PD,2023-07,1
Highlands PD,2023-08,1
Highlands PD,2024-06,2
Highlands PD,2024-07,1
Highlands PD,2024-08,1
Highlands PD,2024-10,1
Highlands PD,2025-01,1
Highlands PD,2025-06,1
Highlands PD,2025-07,2
Highlands PD,2025-08,1
Highlands PD,2025-10,1
Highlands PD,2026-05,1
Hightstown PD,2020-10,1
Hightstown PD,2021-03,2
Hightstown PD,2021-06,1
Hightstown PD,2021-09,1
Hightstown PD,2021-11,1
Hightstown PD,2021-12,1
Hightstown PD,2022-06,1
Hightstown PD,2023-01,1
Hightstown PD,2023-03,1
Hightstown PD,2023-07,1
Hightstown PD,2023-12,1
Hightstown PD,2024-02,1
Hightstown PD,2024-03,1
Hightstown PD,2024-05,1
Hightstown PD,2024-06,2
Hightstown PD,2024-07,1
Hightstown PD,2024-09,1
Hightstown PD,2024-11,1
Hightstown PD,2025-05,2
Hightstown PD,2025-09,3
Hillsborough Twp PD,2020-10,1
Hillsborough Twp PD,2020-11,1
Hillsborough Twp PD,2021-02,2
Hillsborough Twp PD,2021-03,1
Hillsborough Twp PD,2021-06,2
Hillsborough Twp PD,2021-07,1
Hillsborough Twp PD,2021-09,2
Hillsborough Twp PD,2021-10,1
Hillsborough Twp PD,2021-11,2
Hillsborough Twp PD,2022-01,3
Hillsborough Twp PD,2022-02,1
Hillsborough Twp PD,2022-04,1
Hillsborough Twp PD,2022-06,1
Hillsborough Twp PD,2022-07,2
Hillsborough Twp PD,2022-08,1
Hillsborough Twp PD,2022-10,1
Hillsborough Twp PD,2023-02,2
Hillsborough Twp PD,2023-05,2
Hillsborough Twp PD,2023-07,3
Hillsborough Twp PD,2023-09,1
Hillsborough Twp PD,2023-10,4
Hillsborough Twp PD,2023-12,1
Hillsborough Twp PD,2024-01,1
Hillsborough Twp PD,2024-02,1
Hillsborough Twp PD,2024-03,1
Hillsborough Twp PD,2024-04,1
Hillsborough Twp PD,2024-05,1
Hillsborough Twp PD,2024-06,2
Hillsborough Twp PD,2024-08,1
Hillsborough Twp PD,2024-10,1
Hillsborough Twp PD,2024-11,2
Hillsborough Twp PD,2025-01,2
Hillsborough Twp PD,2025-03,4
Hillsborough Twp PD,2025-04,2
Hillsborough Twp PD,2025-05,1
Hillsborough Twp PD,2025-09,5
Hillsborough Twp PD,2025-10,2
Hillsborough Twp PD,2026-01,2
Hillsborough Twp PD,2026-02,1
Hillsborough Twp PD,2026-03,1
Hillsborough Twp PD,2026-04,2
Hillsborough Twp PD,2026-05,3
Hillsborough Twp PD,2026-06,1
Hillsborough Twp PD,2026-07,1
Hillsdale PD,2021-05,1
Hillsdale PD,2021-07,1
Hillsdale PD,2021-08,1
Hillsdale PD,2021-12,1
Hillsdale PD,2022-07,1
Hillsdale PD,2022-10,2
Hillsdale PD,2023-01,1
Hillsdale PD,2023-06,1
Hillsdale PD,2023-08,1
Hillsdale PD,2023-09,1
Hillsdale PD,2023-10,1
Hillsdale PD,2024-02,2
Hillsdale PD,2024-06,1
Hillsdale PD,2024-08,1
Hillsdale PD,2025-01,2
Hillsdale PD,2025-06,1
Hillsdale PD,2026-02,1
Hillsdale PD,2026-03,2
Hillsdale PD,2026-07,1
Hillside PD,2020-10,3
Hillside PD,2020-11,1
Hillside PD,2020-12,2
Hillside PD,2021-01,5
Hillside PD,2021-03,1
Hillside PD,2021-04,1
Hillside PD,2021-05,2
Hillside PD,2021-06,1
Hillside PD,2021-07,2
Hillside PD,2021-08,2
Hillside PD,2021-09,2
Hillside PD,2021-10,3
Hillside PD,2021-11,2
Hillside PD,2021-12,4
Hillside PD,2022-01,1
Hillside PD,2022-02,3
Hillside PD,2022-03,3
Hillside PD,2022-04,2
Hillside PD,2022-05,5
Hillside PD,2022-07,1
Hillside PD,2022-08,1
Hillside PD,2022-09,2
Hillside PD,2022-10,3
Hillside PD,2022-11,5
Hillside PD,2022-12,2
Hillside PD,2023-01,4
Hillside PD,2023-02,1
Hillside PD,2023-04,1
Hillside PD,2023-05,3
Hillside PD,2023-06,2
Hillside PD,2023-10,1
Hillside PD,2023-11,4
Hillside PD,2023-12,4
Hillside PD,2024-02,1
Hillside PD,2024-03,3
Hillside PD,2024-05,1
Hillside PD,2024-06,4
Hillside PD,2024-07,3
Hillside PD,2024-08,1
Hillside PD,2024-09,3
Hillside PD,2024-10,2
Hillside PD,2024-12,1
Hillside PD,2025-01,1
Hillside PD,2025-03,2
Hillside PD,2025-04,1
Hillside PD,2025-05,1
Hillside PD,2025-06,1
Hillside PD,2025-07,1
Hillside PD,2025-10,2
Hillside PD,2025-11,3
Hillside PD,2025-12,4
Hillside PD,2026-01,2
Hillside PD,2026-02,1
Hillside PD,2026-03,1
Hillside PD,2026-04,1
Hillside PD,2026-05,3
Ho-Ho-Kus PD,2022-12,1
Ho-Ho-Kus PD,2025-03,1
Ho-Ho-Kus PD,2025-10,1
Ho-Ho-Kus PD,2026-02,1
Hoboken PD,2020-10,4
Hoboken PD,2020-11,2
Hoboken PD,2020-12,4
Hoboken PD,2021-01,5
Hoboken PD,2021-02,3
Hoboken PD,2021-03,6
Hoboken PD,2021-04,2
Hoboken PD,2021-05,5
Hoboken PD,2021-06,4
Hoboken PD,2021-07,5
Hoboken PD,2021-08,4
Hoboken PD,2021-09,4
Hoboken PD,2021-10,9
Hoboken PD,2021-11,9
Hoboken PD,2021-12,5
Hoboken PD,2022-01,8
Hoboken PD,2022-02,3
Hoboken PD,2022-03,5
Hoboken PD,2022-04,5
Hoboken PD,2022-05,5
Hoboken PD,2022-06,6
Hoboken PD,2022-07,1
Hoboken PD,2022-08,7
Hoboken PD,2022-09,10
Hoboken PD,2022-10,10
Hoboken PD,2022-11,8
Hoboken PD,2022-12,6
Hoboken PD,2023-01,6
Hoboken PD,2023-02,5
Hoboken PD,2023-03,3
Hoboken PD,2023-04,10
Hoboken PD,2023-05,5
Hoboken PD,2023-06,3
Hoboken PD,2023-07,4
Hoboken PD,2023-08,6
Hoboken PD,2023-09,5
Hoboken PD,2023-10,14
Hoboken PD,2023-11,4
Hoboken PD,2023-12,10
Hoboken PD,2024-01,9
Hoboken PD,2024-02,11
Hoboken PD,2024-03,6
Hoboken PD,2024-04,11
Hoboken PD,2024-05,7
Hoboken PD,2024-06,3
Hoboken PD,2024-07,5
Hoboken PD,2024-08,6
Hoboken PD,2024-09,11
Hoboken PD,2024-10,13
Hoboken PD,2024-11,8
Hoboken PD,2024-12,11
Hoboken PD,2025-01,6
Hoboken PD,2025-02,7
Hoboken PD,2025-03,11
Hoboken PD,2025-04,10
Hoboken PD,2025-05,10
Hoboken PD,2025-06,9
Hoboken PD,2025-07,11
Hoboken PD,2025-08,3
Hoboken PD,2025-09,8
Hoboken PD,2025-10,12
Hoboken PD,2025-11,9
Hoboken PD,2025-12,6
Hoboken PD,2026-01,5
Hoboken PD,2026-02,6
Hoboken PD,2026-03,10
Hoboken PD,2026-04,12
Hoboken PD,2026-05,17
Hoboken PD,2026-06,15
Hoboken PD,2026-07,10
Hoboken PD,2026-08,8
Holland Twp PD,2020-11,1
Holland Twp PD,2021-10,1
Holland Twp PD,2022-11,1
Holland Twp PD,2023-02,1
Holland Twp PD,2025-04,1
Holland Twp PD,2025-08,1
Holmdel PD,2020-10,1
Holmdel PD,2020-12,1
Holmdel PD,2021-01,2
Holmdel PD,2021-04,2
Holmdel PD,2021-06,1
Holmdel PD,2021-07,2
Holmdel PD,2021-08,2
Holmdel PD,2021-09,1
Holmdel PD,2021-10,2
Holmdel PD,2021-11,2
Holmdel PD,2021-12,1
Holmdel PD,2022-01,1
Holmdel PD,2022-02,1
Holmdel PD,2022-03,1
Holmdel PD,2022-04,2
Holmdel PD,2022-07,2
Holmdel PD,2022-10,1
Holmdel PD,2022-12,1
Holmdel PD,2023-03,1
Holmdel PD,2023-06,1
Holmdel PD,2023-07,2
Holmdel PD,2023-08,2
Holmdel PD,2023-10,1
Holmdel PD,2023-12,1
Holmdel PD,2024-01,1
Holmdel PD,2024-05,1
Holmdel PD,2024-06,1
Holmdel PD,2024-07,1
Holmdel PD,2024-11,3
Holmdel PD,2025-01,2
Holmdel PD,2025-02,1
Holmdel PD,2025-03,1
Holmdel PD,2025-06,1
Holmdel PD,2025-07,3
Holmdel PD,2025-08,1
Holmdel PD,2025-10,1
Holmdel PD,2026-01,1
Holmdel PD,2026-02,1
Holmdel PD,2026-04,1
Holmdel PD,2026-07,1
Holmdel PD,2026-08,1
Hopatcong PD,2020-11,1
Hopatcong PD,2020-12,2
Hopatcong PD,2021-01,3
Hopatcong PD,2021-03,2
Hopatcong PD,2021-06,1
Hopatcong PD,2021-09,1
Hopatcong PD,2021-10,2
Hopatcong PD,2022-01,2
Hopatcong PD,2022-03,2
Hopatcong PD,2022-04,4
Hopatcong PD,2022-05,2
Hopatcong PD,2022-06,2
Hopatcong PD,2022-07,2
Hopatcong PD,2022-08,1
Hopatcong PD,2022-10,1
Hopatcong PD,2022-11,3
Hopatcong PD,2022-12,1
Hopatcong PD,2023-01,4
Hopatcong PD,2023-02,4
Hopatcong PD,2023-03,1
Hopatcong PD,2023-04,1
Hopatcong PD,2023-07,2
Hopatcong PD,2023-08,1
Hopatcong PD,2023-09,1
Hopatcong PD,2023-10,2
Hopatcong PD,2023-11,1
Hopatcong PD,2023-12,1
Hopatcong PD,2024-01,1
Hopatcong PD,2024-04,2
Hopatcong PD,2024-05,1
Hopatcong PD,2024-08,2
Hopatcong PD,2024-11,3
Hopatcong PD,2024-12,1
Hopatcong PD,2025-01,1
Hopatcong PD,2025-03,1
Hopatcong PD,2025-07,2
Hopatcong PD,2025-09,2
Hopatcong PD,2026-06,1
Hopatcong PD,2026-07,1
Hopewell Twp PD,2020-10,1
Hopewell Twp PD,2020-12,2
Hopewell Twp PD,2021-01,2
Hopewell Twp PD,2021-02,2
Hopewell Twp PD,2021-05,1
Hopewell Twp PD,2021-08,1
Hopewell Twp PD,2021-09,1
Hopewell Twp PD,2021-11,1
Hopewell Twp PD,2022-01,1
Hopewell Twp PD,2022-02,2
Hopewell Twp PD,2022-08,1
Hopewell Twp PD,2022-09,1
Hopewell Twp PD,2023-01,2
Hopewell Twp PD,2023-02,2
Hopewell Twp PD,2023-03,1
Hopewell Twp PD,2023-05,2
Hopewell Twp PD,2023-06,2
Hopewell Twp PD,2023-10,2
Hopewell Twp PD,2023-11,2
Hopewell Twp PD,2024-01,1
Hopewell Twp PD,2024-02,3
Hopewell Twp PD,2024-03,1
Hopewell Twp PD,2024-04,3
Hopewell Twp PD,2024-09,1
Hopewell Twp PD,2024-10,1
Hopewell Twp PD,2024-11,1
Hopewell Twp PD,2025-01,1
Hopewell Twp PD,2025-03,3
Hopewell Twp PD,2025-04,2
Hopewell Twp PD,2025-07,1
Hopewell Twp PD,2025-09,1
Hopewell Twp PD,2025-10,1
Hopewell Twp PD,2026-03,1
Hopewell Twp PD,2026-04,1
Hopewell Twp PD,2026-08,1
Howell Twp PD,2020-10,1
Howell Twp PD,2020-11,5
Howell Twp PD,2020-12,6
Howell Twp PD,2021-01,7
Howell Twp PD,2021-02,5
Howell Twp PD,2021-03,3
Howell Twp PD,2021-04,4
Howell Twp PD,2021-05,1
Howell Twp PD,2021-06,3
Howell Twp PD,2021-07,5
Howell Twp PD,2021-08,6
Howell Twp PD,2021-09,4
Howell Twp PD,2021-10,3
Howell Twp PD,2021-12,3
Howell Twp PD,2022-01,4
Howell Twp PD,2022-02,5
Howell Twp PD,2022-03,8
Howell Twp PD,2022-04,1
Howell Twp PD,2022-05,3
Howell Twp PD,2022-06,2
Howell Twp PD,2022-07,4
Howell Twp PD,2022-08,2
Howell Twp PD,2022-09,3
Howell Twp PD,2022-10,3
Howell Twp PD,2022-11,4
Howell Twp PD,2022-12,3
Howell Twp PD,2023-01,5
Howell Twp PD,2023-02,3
Howell Twp PD,2023-03,5
Howell Twp PD,2023-04,5
Howell Twp PD,2023-05,2
Howell Twp PD,2023-06,2
Howell Twp PD,2023-07,1
Howell Twp PD,2023-08,3
Howell Twp PD,2023-09,3
Howell Twp PD,2023-10,2
Howell Twp PD,2023-11,5
Howell Twp PD,2023-12,2
Howell Twp PD,2024-01,4
Howell Twp PD,2024-02,4
Howell Twp PD,2024-03,1
Howell Twp PD,2024-04,2
Howell Twp PD,2024-05,7
Howell Twp PD,2024-06,2
Howell Twp PD,2024-07,2
Howell Twp PD,2024-08,3
Howell Twp PD,2024-09,3
Howell Twp PD,2024-10,7
Howell Twp PD,2024-11,4
Howell Twp PD,2024-12,2
Howell Twp PD,2025-01,3
Howell Twp PD,2025-02,7
Howell Twp PD,2025-03,4
Howell Twp PD,2025-04,3
Howell Twp PD,2025-05,3
Howell Twp PD,2025-06,5
Howell Twp PD,2025-07,1
Howell Twp PD,2025-08,2
Howell Twp PD,2025-09,3
Howell Twp PD,2025-10,4
Howell Twp PD,2025-11,2
Howell Twp PD,2025-12,2
Howell Twp PD,2026-02,1
Howell Twp PD,2026-03,4
Howell Twp PD,2026-04,3
Howell Twp PD,2026-05,3
Howell Twp PD,2026-06,3
Howell Twp PD,2026-07,3
Hudson Co Corrections,2025-12,1
Hudson Co Corrections,2026-03,1
Hudson Co Corrections,2026-04,4
Hudson Co Corrections,2026-07,1
Hudson Co Prosecutors Office,2022-01,1
Hudson Co Prosecutors Office,2022-03,2
Hudson Co Prosecutors Office,2022-05,1
Hudson Co Prosecutors Office,2022-06,3
Hudson Co Prosecutors Office,2022-09,1
Hudson Co Prosecutors Office,2022-10,1
Hudson Co Prosecutors Office,2022-11,1
Hudson Co Prosecutors Office,2023-01,1
Hudson Co Prosecutors Office,2023-05,1
Hudson Co Prosecutors Office,2023-06,1
Hudson Co Prosecutors Office,2023-08,1
Hudson Co Prosecutors Office,2023-11,2
Hudson Co Prosecutors Office,2023-12,1
Hudson Co Prosecutors Office,2024-12,2
Hudson Co Prosecutors Office,2025-03,1
Hudson Co Prosecutors Office,2025-06,1
Hudson Co Prosecutors Office,2025-10,2
Hudson Co Prosecutors Office,2025-11,2
Hudson Co Prosecutors Office,2025-12,2
Hudson Co Prosecutors Office,2026-04,2
Hudson Co Prosecutors Office,2026-06,2
Hudson Co Prosecutors Office,2026-07,3
Hudson Co Sheriffs Dept,2020-10,1
Hudson Co Sheriffs Dept,2021-03,2
Hudson Co Sheriffs Dept,2021-04,2
Hudson Co Sheriffs Dept,2021-06,2
Hudson Co Sheriffs Dept,2021-07,1
Hudson Co Sheriffs Dept,2021-08,2
Hudson Co Sheriffs Dept,2021-09,1
Hudson Co Sheriffs Dept,2021-10,1
Hudson Co Sheriffs Dept,2021-11,2
Hudson Co Sheriffs Dept,2022-01,1
Hudson Co Sheriffs Dept,2022-02,1
Hudson Co Sheriffs Dept,2022-03,4
Hudson Co Sheriffs Dept,2022-04,1
Hudson Co Sheriffs Dept,2022-05,3
Hudson Co Sheriffs Dept,2022-06,6
Hudson Co Sheriffs Dept,2022-07,4
Hudson Co Sheriffs Dept,2022-08,5
Hudson Co Sheriffs Dept,2022-09,2
Hudson Co Sheriffs Dept,2022-10,1
Hudson Co Sheriffs Dept,2022-11,2
Hudson Co Sheriffs Dept,2022-12,5
Hudson Co Sheriffs Dept,2023-01,3
Hudson Co Sheriffs Dept,2023-02,2
Hudson Co Sheriffs Dept,2023-03,3
Hudson Co Sheriffs Dept,2023-04,3
Hudson Co Sheriffs Dept,2023-06,1
Hudson Co Sheriffs Dept,2023-07,3
Hudson Co Sheriffs Dept,2023-09,3
Hudson Co Sheriffs Dept,2023-10,6
Hudson Co Sheriffs Dept,2023-11,8
Hudson Co Sheriffs Dept,2023-12,1
Hudson Co Sheriffs Dept,2024-01,3
Hudson Co Sheriffs Dept,2024-02,3
Hudson Co Sheriffs Dept,2024-03,3
Hudson Co Sheriffs Dept,2024-04,2
Hudson Co Sheriffs Dept,2024-05,7
Hudson Co Sheriffs Dept,2024-06,3
Hudson Co Sheriffs Dept,2024-07,7
Hudson Co Sheriffs Dept,2024-08,3
Hudson Co Sheriffs Dept,2024-09,5
Hudson Co Sheriffs Dept,2024-10,1
Hudson Co Sheriffs Dept,2024-11,4
Hudson Co Sheriffs Dept,2025-01,1
Hudson Co Sheriffs Dept,2025-02,2
Hudson Co Sheriffs Dept,2025-03,1
Hudson Co Sheriffs Dept,2025-04,1
Hudson Co Sheriffs Dept,2025-05,4
Hudson Co Sheriffs Dept,2025-06,3
Hudson Co Sheriffs Dept,2025-07,4
Hudson Co Sheriffs Dept,2025-08,1
Hudson Co Sheriffs Dept,2025-09,4
Hudson Co Sheriffs Dept,2025-10,8
Hudson Co Sheriffs Dept,2026-01,3
Hudson Co Sheriffs Dept,2026-02,1
Hudson Co Sheriffs Dept,2026-03,3
Hudson Co Sheriffs Dept,2026-04,6
Hudson Co Sheriffs Dept,2026-05,5
Hudson Co Sheriffs Dept,2026-06,7
Hudson Co Sheriffs Dept,2026-07,2
Hunterdon Co Prosecutors Office,2022-04,2
Hunterdon Co Prosecutors Office,2022-07,1
Hunterdon Co Prosecutors Office,2022-09,1
Hunterdon Co Prosecutors Office,2024-09,2
Hunterdon Co Prosecutors Office,2026-03,1
Hunterdon Co Sheriffs Dept,2021-10,2
Hunterdon Co Sheriffs Dept,2022-04,2
Hunterdon Co Sheriffs Dept,2023-04,1
Hunterdon Co Sheriffs Dept,2023-05,1
Hunterdon Co Sheriffs Dept,2023-06,1
Hunterdon Co Sheriffs Dept,2023-08,1
Hunterdon Co Sheriffs Dept,2023-10,1
Hunterdon Co Sheriffs Dept,2023-11,1
Hunterdon Co Sheriffs Dept,2024-02,3
Hunterdon Co Sheriffs Dept,2024-03,2
Hunterdon Co Sheriffs Dept,2024-09,1
Hunterdon Co Sheriffs Dept,2025-03,1
Hunterdon Co Sheriffs Dept,2025-06,2
Hunterdon Co Sheriffs Dept,2026-01,3
Hunterdon Co Sheriffs Dept,2026-04,1
Independence Twp PD,2021-05,1
Independence Twp PD,2021-06,1
Independence Twp PD,2021-07,1
Independence Twp PD,2021-11,1
Independence Twp PD,2022-12,1
Independence Twp PD,2023-04,1
Independence Twp PD,2023-06,1
Independence Twp PD,2023-07,1
Independence Twp PD,2023-10,1
Independence Twp PD,2024-02,1
Independence Twp PD,2024-10,1
Independence Twp PD,2024-12,1
Independence Twp PD,2026-02,1
Independence Twp PD,2026-05,1
Independence Twp PD,2026-06,1
Irvington PD,2020-10,6
Irvington PD,2020-11,6
Irvington PD,2020-12,6
Irvington PD,2021-01,5
Irvington PD,2021-02,2
Irvington PD,2021-03,3
Irvington PD,2021-04,3
Irvington PD,2021-05,4
Irvington PD,2021-06,1
Irvington PD,2021-07,3
Irvington PD,2021-08,1
Irvington PD,2021-09,3
Irvington PD,2021-10,2
Irvington PD,2021-11,7
Irvington PD,2021-12,3
Irvington PD,2022-01,1
Irvington PD,2022-02,5
Irvington PD,2022-03,5
Irvington PD,2022-04,3
Irvington PD,2022-05,8
Irvington PD,2022-06,3
Irvington PD,2022-07,6
Irvington PD,2022-08,11
Irvington PD,2022-09,6
Irvington PD,2022-10,6
Irvington PD,2022-11,5
Irvington PD,2022-12,2
Irvington PD,2023-01,6
Irvington PD,2023-02,3
Irvington PD,2023-03,2
Irvington PD,2023-04,5
Irvington PD,2023-05,3
Irvington PD,2023-06,2
Irvington PD,2023-07,1
Irvington PD,2023-08,7
Irvington PD,2023-09,4
Irvington PD,2023-10,3
Irvington PD,2023-11,6
Irvington PD,2023-12,6
Irvington PD,2024-02,8
Irvington PD,2024-03,5
Irvington PD,2024-04,1
Irvington PD,2024-05,6
Irvington PD,2024-06,4
Irvington PD,2024-07,7
Irvington PD,2024-08,5
Irvington PD,2024-09,5
Irvington PD,2024-10,7
Irvington PD,2024-11,4
Irvington PD,2024-12,5
Irvington PD,2025-01,5
Irvington PD,2025-02,3
Irvington PD,2025-03,1
Irvington PD,2025-04,3
Irvington PD,2025-05,2
Irvington PD,2025-06,6
Irvington PD,2025-07,4
Irvington PD,2025-08,5
Irvington PD,2025-09,8
Irvington PD,2025-10,6
Irvington PD,2025-11,1
Irvington PD,2025-12,1
Irvington PD,2026-01,4
Irvington PD,2026-02,1
Irvington PD,2026-03,5
Irvington PD,2026-05,1
Irvington PD,2026-06,2
Irvington PD,2026-07,4
Irvington PD,2026-08,5
Island Heights PD,2021-01,1
Island Heights PD,2021-06,1
Island Heights PD,2022-07,1
Island Heights PD,2023-03,1
Island Heights PD,2023-07,1
Island Heights PD,2023-08,2
Island Heights PD,2023-12,1
Island Heights PD,2024-06,1
Island Heights PD,2024-10,1
Island Heights PD,2025-04,1
Island Heights PD,2026-06,1
Jackson Twp PD,2020-11,7
Jackson Twp PD,2020-12,2
Jackson Twp PD,2021-01,2
Jackson Twp PD,2021-03,5
Jackson Twp PD,2021-04,3
Jackson Twp PD,2021-06,4
Jackson Twp PD,2021-07,3
Jackson Twp PD,2021-08,1
Jackson Twp PD,2021-09,3
Jackson Twp PD,2021-10,5
Jackson Twp PD,2021-11,4
Jackson Twp PD,2021-12,5
Jackson Twp PD,2022-01,3
Jackson Twp PD,2022-02,7
Jackson Twp PD,2022-03,1
Jackson Twp PD,2022-04,6
Jackson Twp PD,2022-05,4
Jackson Twp PD,2022-07,5
Jackson Twp PD,2022-08,5
Jackson Twp PD,2022-10,5
Jackson Twp PD,2022-11,2
Jackson Twp PD,2022-12,4
Jackson Twp PD,2023-01,2
Jackson Twp PD,2023-02,1
Jackson Twp PD,2023-03,1
Jackson Twp PD,2023-04,1
Jackson Twp PD,2023-05,3
Jackson Twp PD,2023-06,4
Jackson Twp PD,2023-07,2
Jackson Twp PD,2023-08,3
Jackson Twp PD,2023-09,2
Jackson Twp PD,2023-10,2
Jackson Twp PD,2023-11,4
Jackson Twp PD,2023-12,2
Jackson Twp PD,2024-01,4
Jackson Twp PD,2024-02,3
Jackson Twp PD,2024-03,6
Jackson Twp PD,2024-04,2
Jackson Twp PD,2024-05,4
Jackson Twp PD,2024-06,8
Jackson Twp PD,2024-07,4
Jackson Twp PD,2024-08,4
Jackson Twp PD,2024-09,5
Jackson Twp PD,2024-10,2
Jackson Twp PD,2024-11,2
Jackson Twp PD,2024-12,3
Jackson Twp PD,2025-01,1
Jackson Twp PD,2025-02,4
Jackson Twp PD,2025-03,1
Jackson Twp PD,2025-04,1
Jackson Twp PD,2025-05,7
Jackson Twp PD,2025-06,2
Jackson Twp PD,2025-07,3
Jackson Twp PD,2025-08,2
Jackson Twp PD,2025-09,5
Jackson Twp PD,2025-10,4
Jackson Twp PD,2025-11,3
Jackson Twp PD,2025-12,4
Jackson Twp PD,2026-01,7
Jackson Twp PD,2026-02,1
Jackson Twp PD,2026-03,6
Jackson Twp PD,2026-04,2
Jackson Twp PD,2026-05,4
Jackson Twp PD,2026-06,7
Jackson Twp PD,2026-07,5
Jackson Twp PD,2026-08,6
Jamesburg PD,2020-11,1
Jamesburg PD,2020-12,2
Jamesburg PD,2021-01,1
Jamesburg PD,2021-05,1
Jamesburg PD,2021-06,1
Jamesburg PD,2021-08,3
Jamesburg PD,2021-12,1
Jamesburg PD,2022-04,1
Jamesburg PD,2022-07,1
Jamesburg PD,2023-03,1
Jamesburg PD,2023-06,1
Jamesburg PD,2023-07,1
Jamesburg PD,2024-02,1
Jamesburg PD,2025-01,1
Jamesburg PD,2025-04,1
Jamesburg PD,2025-10,1
Jamesburg PD,2026-01,1
Jamesburg PD,2026-02,1
Jamesburg PD,2026-07,1
Jefferson Twp PD,2021-03,1
Jefferson Twp PD,2021-07,1
Jefferson Twp PD,2022-03,2
Jefferson Twp PD,2022-04,1
Jefferson Twp PD,2022-06,1
Jefferson Twp PD,2023-01,1
Jefferson Twp PD,2023-03,2
Jefferson Twp PD,2023-04,2
Jefferson Twp PD,2023-06,2
Jefferson Twp PD,2023-08,1
Jefferson Twp PD,2023-10,1
Jefferson Twp PD,2023-11,1
Jefferson Twp PD,2024-04,2
Jefferson Twp PD,2024-05,1
Jefferson Twp PD,2024-06,1
Jefferson Twp PD,2024-07,1
Jefferson Twp PD,2024-10,1
Jefferson Twp PD,2024-11,1
Jefferson Twp PD,2024-12,1
Jefferson Twp PD,2025-01,1
Jefferson Twp PD,2025-12,1
Jefferson Twp PD,2026-08,2
Jersey City PD,2020-10,33
Jersey City PD,2020-11,18
Jersey City PD,2020-12,11
Jersey City PD,2021-01,28
Jersey City PD,2021-02,26
Jersey City PD,2021-03,24
Jersey City PD,2021-04,19
Jersey City PD,2021-05,31
Jersey City PD,2021-06,24
Jersey City PD,2021-07,17
Jersey City PD,2021-08,21
Jersey City PD,2021-09,26
Jersey City PD,2021-10,22
Jersey City PD,2021-11,20
Jersey City PD,2021-12,19
Jersey City PD,2022-01,18
Jersey City PD,2022-02,18
Jersey City PD,2022-03,40
Jersey City PD,2022-04,26
Jersey City PD,2022-05,28
Jersey City PD,2022-06,22
Jersey City PD,2022-07,26
Jersey City PD,2022-08,15
Jersey City PD,2022-09,27
Jersey City PD,2022-10,15
Jersey City PD,2022-11,17
Jersey City PD,2022-12,25
Jersey City PD,2023-01,26
Jersey City PD,2023-02,20
Jersey City PD,2023-03,39
Jersey City PD,2023-04,16
Jersey City PD,2023-05,37
Jersey City PD,2023-06,29
Jersey City PD,2023-07,34
Jersey City PD,2023-08,29
Jersey City PD,2023-09,26
Jersey City PD,2023-10,29
Jersey City PD,2023-11,23
Jersey City PD,2023-12,21
Jersey City PD,2024-01,30
Jersey City PD,2024-02,27
Jersey City PD,2024-03,31
Jersey City PD,2024-04,27
Jersey City PD,2024-05,33
Jersey City PD,2024-06,31
Jersey City PD,2024-07,37
Jersey City PD,2024-08,26
Jersey City PD,2024-09,19
Jersey City PD,2024-10,27
Jersey City PD,2024-11,22
Jersey City PD,2024-12,23
Jersey City PD,2025-01,26
Jersey City PD,2025-02,16
Jersey City PD,2025-03,25
Jersey City PD,2025-04,21
Jersey City PD,2025-05,17
Jersey City PD,2025-06,20
Jersey City PD,2025-07,29
Jersey City PD,2025-08,22
Jersey City PD,2025-09,21
Jersey City PD,2025-10,25
Jersey City PD,2025-11,21
Jersey City PD,2025-12,28
Jersey City PD,2026-01,19
Jersey City PD,2026-02,16
Jersey City PD,2026-03,26
Jersey City PD,2026-04,21
Jersey City PD,2026-05,44
Jersey City PD,2026-06,22
Jersey City PD,2026-07,23
Jersey City PD,2026-08,27
Kean University PD,2024-01,1
Kean University PD,2026-03,1
Keansburg PD,2020-10,2
Keansburg PD,2020-11,1
Keansburg PD,2021-03,1
Keansburg PD,2021-05,1
Keansburg PD,2021-07,1
Keansburg PD,2021-08,4
Keansburg PD,2021-09,2
Keansburg PD,2021-10,1
Keansburg PD,2021-11,3
Keansburg PD,2021-12,3
Keansburg PD,2022-01,1
Keansburg PD,2022-02,1
Keansburg PD,2022-03,2
Keansburg PD,2022-04,2
Keansburg PD,2022-05,3
Keansburg PD,2022-06,2
Keansburg PD,2022-08,1
Keansburg PD,2022-09,3
Keansburg PD,2023-02,1
Keansburg PD,2023-03,1
Keansburg PD,2023-04,5
Keansburg PD,2023-05,1
Keansburg PD,2023-06,2
Keansburg PD,2023-08,5
Keansburg PD,2023-09,2
Keansburg PD,2023-10,2
Keansburg PD,2023-11,2
Keansburg PD,2023-12,2
Keansburg PD,2024-02,1
Keansburg PD,2024-03,4
Keansburg PD,2024-05,2
Keansburg PD,2024-06,4
Keansburg PD,2024-07,5
Keansburg PD,2024-08,5
Keansburg PD,2024-09,2
Keansburg PD,2024-10,2
Keansburg PD,2024-11,5
Keansburg PD,2025-03,1
Keansburg PD,2025-04,1
Keansburg PD,2025-05,2
Keansburg PD,2025-06,4
Keansburg PD,2025-07,3
Keansburg PD,2025-08,3
Keansburg PD,2025-09,1
Keansburg PD,2026-03,1
Keansburg PD,2026-04,1
Keansburg PD,2026-06,1
Keansburg PD,2026-07,2
Keansburg PD,2026-08,2
Kearny PD,2020-10,3
Kearny PD,2020-11,3
Kearny PD,2020-12,1
Kearny PD,2021-01,5
Kearny PD,2021-02,1
Kearny PD,2021-03,4
Kearny PD,2021-04,2
Kearny PD,2021-05,5
Kearny PD,2021-06,1
Kearny PD,2021-07,2
Kearny PD,2021-08,5
Kearny PD,2021-09,4
Kearny PD,2021-10,4
Kearny PD,2021-11,2
Kearny PD,2021-12,3
Kearny PD,2022-01,3
Kearny PD,2022-02,5
Kearny PD,2022-03,4
Kearny PD,2022-05,2
Kearny PD,2022-06,4
Kearny PD,2022-07,5
Kearny PD,2022-08,2
Kearny PD,2022-09,4
Kearny PD,2022-10,2
Kearny PD,2022-11,4
Kearny PD,2022-12,1
Kearny PD,2023-01,4
Kearny PD,2023-02,3
Kearny PD,2023-03,4
Kearny PD,2023-04,1
Kearny PD,2023-05,2
Kearny PD,2023-06,2
Kearny PD,2023-07,8
Kearny PD,2023-08,1
Kearny PD,2023-09,2
Kearny PD,2023-10,3
Kearny PD,2023-11,1
Kearny PD,2023-12,4
Kearny PD,2024-01,4
Kearny PD,2024-02,4
Kearny PD,2024-03,5
Kearny PD,2024-04,2
Kearny PD,2024-05,7
Kearny PD,2024-06,13
Kearny PD,2024-07,6
Kearny PD,2024-08,2
Kearny PD,2024-09,1
Kearny PD,2024-10,5
Kearny PD,2024-11,5
Kearny PD,2024-12,3
Kearny PD,2025-01,4
Kearny PD,2025-02,5
Kearny PD,2025-03,7
Kearny PD,2025-04,8
Kearny PD,2025-05,5
Kearny PD,2025-06,2
Kearny PD,2025-07,2
Kearny PD,2025-08,4
Kearny PD,2025-09,6
Kearny PD,2025-10,4
Kearny PD,2025-11,2
Kearny PD,2025-12,3
Kearny PD,2026-01,3
Kearny PD,2026-02,6
Kearny PD,2026-03,2
Kearny PD,2026-04,2
Kearny PD,2026-05,7
Kearny PD,2026-06,4
Kearny PD,2026-07,5
Kearny PD,2026-08,11
Kenilworth PD,2020-10,1
Kenilworth PD,2021-01,1
Kenilworth PD,2021-08,1
Kenilworth PD,2021-10,2
Kenilworth PD,2021-11,1
Kenilworth PD,2022-02,2
Kenilworth PD,2022-06,1
Kenilworth PD,2023-06,1
Kenilworth PD,2023-08,1
Kenilworth PD,2023-10,1
Kenilworth PD,2023-12,1
Kenilworth PD,2024-02,1
Kenilworth PD,2024-04,1
Kenilworth PD,2024-06,1
Kenilworth PD,2025-04,2
Kenilworth PD,2025-05,1
Kenilworth PD,2025-06,1
Kenilworth PD,2025-12,1
Keyport PD,2020-11,1
Keyport PD,2020-12,1
Keyport PD,2021-01,1
Keyport PD,2021-04,1
Keyport PD,2021-06,2
Keyport PD,2021-07,1
Keyport PD,2021-11,2
Keyport PD,2022-02,1
Keyport PD,2022-03,1
Keyport PD,2022-08,1
Keyport PD,2022-10,1
Keyport PD,2023-07,1
Keyport PD,2023-08,1
Keyport PD,2023-12,1
Keyport PD,2024-02,1
Keyport PD,2024-03,1
Keyport PD,2024-04,1
Keyport PD,2024-05,3
Keyport PD,2024-06,1
Keyport PD,2024-07,2
Keyport PD,2024-11,1
Keyport PD,2025-04,1
Keyport PD,2025-05,1
Keyport PD,2025-06,1
Keyport PD,2025-07,1
Keyport PD,2025-09,1
Keyport PD,2025-11,2
Keyport PD,2026-03,1
Keyport PD,2026-04,1
Keyport PD,2026-06,4
Keyport PD,2026-08,1
Kinnelon Boro PD,2020-10,3
Kinnelon Boro PD,2020-11,1
Kinnelon Boro PD,2021-09,2
Kinnelon Boro PD,2022-06,1
Kinnelon Boro PD,2023-08,1
Kinnelon Boro PD,2023-12,1
Kinnelon Boro PD,2024-03,1
Kinnelon Boro PD,2024-12,1
Kinnelon Boro PD,2025-02,1
Kinnelon Boro PD,2025-05,1
Kinnelon Boro PD,2025-06,1
Kinnelon Boro PD,2025-08,3
Kinnelon Boro PD,2025-09,1
Kinnelon Boro PD,2026-03,2
Kinnelon Boro PD,2026-05,1
Lacey Twp PD,2020-10,1
Lacey Twp PD,2020-11,1
Lacey Twp PD,2020-12,4
Lacey Twp PD,2021-02,3
Lacey Twp PD,2021-03,4
Lacey Twp PD,2021-04,4
Lacey Twp PD,2021-06,4
Lacey Twp PD,2021-07,5
Lacey Twp PD,2021-08,4
Lacey Twp PD,2021-09,2
Lacey Twp PD,2021-10,3
Lacey Twp PD,2021-11,3
Lacey Twp PD,2021-12,1
Lacey Twp PD,2022-01,4
Lacey Twp PD,2022-02,2
Lacey Twp PD,2022-03,2
Lacey Twp PD,2022-04,1
Lacey Twp PD,2022-05,4
Lacey Twp PD,2022-06,2
Lacey Twp PD,2022-07,3
Lacey Twp PD,2022-08,1
Lacey Twp PD,2022-09,1
Lacey Twp PD,2022-10,3
Lacey Twp PD,2022-11,1
Lacey Twp PD,2022-12,2
Lacey Twp PD,2023-01,2
Lacey Twp PD,2023-02,2
Lacey Twp PD,2023-03,1
Lacey Twp PD,2023-04,1
Lacey Twp PD,2023-05,1
Lacey Twp PD,2023-06,1
Lacey Twp PD,2023-07,2
Lacey Twp PD,2023-10,1
Lacey Twp PD,2023-11,1
Lacey Twp PD,2023-12,2
Lacey Twp PD,2024-01,1
Lacey Twp PD,2024-03,2
Lacey Twp PD,2024-04,3
Lacey Twp PD,2024-05,2
Lacey Twp PD,2024-06,1
Lacey Twp PD,2024-07,4
Lacey Twp PD,2024-08,1
Lacey Twp PD,2024-10,2
Lacey Twp PD,2024-11,1
Lacey Twp PD,2025-01,1
Lacey Twp PD,2025-02,1
Lacey Twp PD,2025-03,1
Lacey Twp PD,2025-04,3
Lacey Twp PD,2025-05,1
Lacey Twp PD,2025-07,1
Lacey Twp PD,2025-08,2
Lacey Twp PD,2025-09,1
Lacey Twp PD,2025-10,2
Lacey Twp PD,2025-11,1
Lacey Twp PD,2025-12,2
Lacey Twp PD,2026-01,3
Lacey Twp PD,2026-02,1
Lacey Twp PD,2026-03,1
Lacey Twp PD,2026-04,2
Lacey Twp PD,2026-05,1
Lacey Twp PD,2026-06,3
Lacey Twp PD,2026-07,3
Lacey Twp PD,2026-08,1
Lakehurst Boro PD,2021-01,2
Lakehurst Boro PD,2021-04,1
Lakehurst Boro PD,2021-10,2
Lakehurst Boro PD,2022-07,1
Lakehurst Boro PD,2022-11,1
Lakehurst Boro PD,2023-01,1
Lakehurst Boro PD,2023-07,1
Lakehurst Boro PD,2023-08,1
Lakehurst Boro PD,2023-09,3
Lakehurst Boro PD,2024-02,1
Lakehurst Boro PD,2024-06,1
Lakehurst Boro PD,2024-07,2
Lakehurst Boro PD,2024-10,1
Lakehurst Boro PD,2024-12,2
Lakehurst Boro PD,2025-01,2
Lakehurst Boro PD,2025-09,1
Lakehurst Boro PD,2025-10,1
Lakehurst Boro PD,2025-11,1
Lakehurst Boro PD,2025-12,3
Lakehurst Boro PD,2026-01,1
Lakehurst Boro PD,2026-03,1
Lakehurst Boro PD,2026-07,2
Lakewood PD,2020-10,6
Lakewood PD,2020-11,3
Lakewood PD,2020-12,4
Lakewood PD,2021-01,6
Lakewood PD,2021-02,6
Lakewood PD,2021-03,9
Lakewood PD,2021-04,8
Lakewood PD,2021-05,5
Lakewood PD,2021-06,7
Lakewood PD,2021-07,7
Lakewood PD,2021-08,10
Lakewood PD,2021-09,9
Lakewood PD,2021-10,4
Lakewood PD,2021-11,4
Lakewood PD,2021-12,7
Lakewood PD,2022-01,7
Lakewood PD,2022-02,3
Lakewood PD,2022-03,3
Lakewood PD,2022-04,6
Lakewood PD,2022-05,8
Lakewood PD,2022-06,10
Lakewood PD,2022-07,9
Lakewood PD,2022-08,5
Lakewood PD,2022-09,4
Lakewood PD,2022-10,5
Lakewood PD,2022-11,9
Lakewood PD,2022-12,5
Lakewood PD,2023-01,8
Lakewood PD,2023-02,5
Lakewood PD,2023-03,5
Lakewood PD,2023-04,7
Lakewood PD,2023-05,8
Lakewood PD,2023-06,7
Lakewood PD,2023-07,10
Lakewood PD,2023-08,8
Lakewood PD,2023-09,8
Lakewood PD,2023-10,8
Lakewood PD,2023-11,12
Lakewood PD,2023-12,6
Lakewood PD,2024-01,8
Lakewood PD,2024-02,11
Lakewood PD,2024-03,6
Lakewood PD,2024-04,16
Lakewood PD,2024-05,5
Lakewood PD,2024-06,11
Lakewood PD,2024-07,5
Lakewood PD,2024-08,5
Lakewood PD,2024-09,3
Lakewood PD,2024-10,4
Lakewood PD,2024-11,9
Lakewood PD,2024-12,11
Lakewood PD,2025-01,10
Lakewood PD,2025-02,4
Lakewood PD,2025-03,7
Lakewood PD,2025-04,14
Lakewood PD,2025-05,7
Lakewood PD,2025-06,5
Lakewood PD,2025-07,6
Lakewood PD,2025-08,10
Lakewood PD,2025-09,11
Lakewood PD,2025-10,4
Lakewood PD,2025-11,11
Lakewood PD,2025-12,7
Lakewood PD,2026-01,6
Lakewood PD,2026-02,8
Lakewood PD,2026-03,11
Lakewood PD,2026-04,13
Lakewood PD,2026-05,10
Lakewood PD,2026-06,14
Lakewood PD,2026-07,8
Lakewood PD,2026-08,12
Lambertville City PD,2021-01,1
Lambertville City PD,2021-06,2
Lambertville City PD,2021-09,1
Lambertville City PD,2021-12,1
Lambertville City PD,2022-03,2
Lambertville City PD,2022-09,2
Lambertville City PD,2022-12,1
Lambertville City PD,2023-06,1
Lambertville City PD,2023-08,1
Lambertville City PD,2023-11,1
Lambertville City PD,2023-12,2
Lambertville City PD,2024-03,3
Lambertville City PD,2024-07,1
Lambertville City PD,2024-12,1
Laurel Springs PD,2021-04,1
Laurel Springs PD,2021-05,1
Laurel Springs PD,2021-06,1
Laurel Springs PD,2021-07,2
Laurel Springs PD,2021-11,1
Laurel Springs PD,2022-01,1
Laurel Springs PD,2022-08,2
Laurel Springs PD,2023-02,1
Laurel Springs PD,2023-04,1
Laurel Springs PD,2023-05,1
Laurel Springs PD,2023-10,2
Laurel Springs PD,2024-01,1
Laurel Springs PD,2024-05,1
Laurel Springs PD,2024-07,1
Laurel Springs PD,2024-08,1
Laurel Springs PD,2024-11,1
Laurel Springs PD,2026-06,1
Lavallette PD,2021-06,1
Lavallette PD,2021-09,1
Lavallette PD,2022-04,1
Lavallette PD,2024-03,1
Lavallette PD,2024-08,2
Lavallette PD,2024-10,1
Lavallette PD,2025-03,1
Lavallette PD,2025-07,1
Lavallette PD,2025-10,1
Lavallette PD,2026-07,1
Lawnside Boro PD,2020-10,1
Lawnside Boro PD,2021-01,1
Lawnside Boro PD,2021-03,1
Lawnside Boro PD,2021-04,1
Lawnside Boro PD,2021-08,1
Lawnside Boro PD,2021-09,2
Lawnside Boro PD,2021-10,1
Lawnside Boro PD,2021-11,1
Lawnside Boro PD,2021-12,1
Lawnside Boro PD,2023-09,1
Lawnside Boro PD,2023-12,1
Lawnside Boro PD,2024-02,1
Lawnside Boro PD,2024-03,1
Lawnside Boro PD,2024-07,1
Lawnside Boro PD,2024-08,2
Lawnside Boro PD,2024-10,2
Lawnside Boro PD,2025-06,1
Lawnside Boro PD,2025-08,1
Lawnside Boro PD,2025-09,1
Lawnside Boro PD,2025-10,1
Lawnside Boro PD,2026-02,1
Lawnside Boro PD,2026-05,1
Lawnside Boro PD,2026-08,1
Lawrence Twp PD,2020-10,1
Lawrence Twp PD,2020-11,1
Lawrence Twp PD,2021-01,3
Lawrence Twp PD,2021-02,6
Lawrence Twp PD,2021-03,3
Lawrence Twp PD,2021-04,4
Lawrence Twp PD,2021-05,4
Lawrence Twp PD,2021-07,5
Lawrence Twp PD,2021-08,6
Lawrence Twp PD,2021-09,3
Lawrence Twp PD,2021-10,2
Lawrence Twp PD,2021-11,4
Lawrence Twp PD,2021-12,2
Lawrence Twp PD,2022-01,1
Lawrence Twp PD,2022-02,2
Lawrence Twp PD,2022-03,2
Lawrence Twp PD,2022-04,1
Lawrence Twp PD,2022-05,7
Lawrence Twp PD,2022-07,1
Lawrence Twp PD,2022-08,2
Lawrence Twp PD,2022-09,5
Lawrence Twp PD,2022-10,3
Lawrence Twp PD,2022-11,1
Lawrence Twp PD,2022-12,4
Lawrence Twp PD,2023-01,1
Lawrence Twp PD,2023-03,3
Lawrence Twp PD,2023-04,5
Lawrence Twp PD,2023-05,1
Lawrence Twp PD,2023-08,4
Lawrence Twp PD,2023-09,4
Lawrence Twp PD,2023-10,1
Lawrence Twp PD,2023-11,2
Lawrence Twp PD,2023-12,1
Lawrence Twp PD,2024-01,2
Lawrence Twp PD,2024-02,3
Lawrence Twp PD,2024-03,1
Lawrence Twp PD,2024-04,1
Lawrence Twp PD,2024-06,1
Lawrence Twp PD,2024-07,1
Lawrence Twp PD,2024-08,3
Lawrence Twp PD,2024-09,2
Lawrence Twp PD,2024-10,3
Lawrence Twp PD,2024-11,5
Lawrence Twp PD,2025-01,2
Lawrence Twp PD,2025-03,5
Lawrence Twp PD,2025-04,4
Lawrence Twp PD,2025-05,7
Lawrence Twp PD,2025-06,1
Lawrence Twp PD,2025-07,5
Lawrence Twp PD,2025-08,2
Lawrence Twp PD,2025-10,4
Lawrence Twp PD,2025-11,3
Lawrence Twp PD,2025-12,3
Lawrence Twp PD,2026-02,2
Lawrence Twp PD,2026-03,1
Lawrence Twp PD,2026-04,2
Lawrence Twp PD,2026-05,3
Lawrence Twp PD,2026-06,3
Lawrence Twp PD,2026-07,5
Lebanon Twp PD,2020-10,1
Lebanon Twp PD,2021-01,1
Lebanon Twp PD,2021-05,2
Lebanon Twp PD,2022-02,1
Lebanon Twp PD,2022-07,1
Lebanon Twp PD,2022-11,2
Lebanon Twp PD,2023-02,1
Lebanon Twp PD,2024-01,1
Lebanon Twp PD,2024-05,1
Lebanon Twp PD,2024-06,1
Lebanon Twp PD,2024-07,2
Lebanon Twp PD,2024-10,1
Lebanon Twp PD,2024-11,1
Lebanon Twp PD,2025-03,2
Lebanon Twp PD,2026-02,1
Lebanon Twp PD,2026-07,2
Leonia PD,2021-02,1
Leonia PD,2021-04,1
Leonia PD,2021-08,2
Leonia PD,2021-12,1
Leonia PD,2022-02,3
Leonia PD,2022-03,1
Leonia PD,2022-04,1
Leonia PD,2022-05,1
Leonia PD,2022-08,1
Leonia PD,2022-11,1
Leonia PD,2023-04,1
Leonia PD,2023-10,1
Leonia PD,2023-12,3
Leonia PD,2024-01,2
Leonia PD,2024-02,1
Leonia PD,2024-03,2
Leonia PD,2024-08,1
Leonia PD,2024-11,1
Leonia PD,2024-12,1
Leonia PD,2025-07,1
Leonia PD,2025-11,2
Leonia PD,2026-02,1
Leonia PD,2026-07,2
Lincoln Park PD,2021-01,2
Lincoln Park PD,2021-07,1
Lincoln Park PD,2021-09,1
Lincoln Park PD,2021-12,2
Lincoln Park PD,2022-10,1
Lincoln Park PD,2022-12,1
Lincoln Park PD,2023-03,1
Lincoln Park PD,2023-09,1
Lincoln Park PD,2023-10,1
Lincoln Park PD,2024-03,1
Lincoln Park PD,2024-06,1
Lincoln Park PD,2024-09,1
Lincoln Park PD,2025-05,1
Lincoln Park PD,2025-08,1
Lincoln Park PD,2026-07,1
Linden PD,2020-10,4
Linden PD,2020-11,4
Linden PD,2020-12,5
Linden PD,2021-01,2
Linden PD,2021-02,1
Linden PD,2021-03,2
Linden PD,2021-04,2
Linden PD,2021-05,2
Linden PD,2021-06,3
Linden PD,2021-07,1
Linden PD,2021-08,2
Linden PD,2021-09,6
Linden PD,2021-10,7
Linden PD,2021-11,4
Linden PD,2021-12,1
Linden PD,2022-02,5
Linden PD,2022-03,4
Linden PD,2022-04,7
Linden PD,2022-05,4
Linden PD,2022-06,5
Linden PD,2022-08,6
Linden PD,2022-09,3
Linden PD,2022-10,4
Linden PD,2022-11,1
Linden PD,2022-12,2
Linden PD,2023-02,3
Linden PD,2023-03,4
Linden PD,2023-04,5
Linden PD,2023-05,9
Linden PD,2023-06,8
Linden PD,2023-07,5
Linden PD,2023-08,4
Linden PD,2023-09,7
Linden PD,2023-10,9
Linden PD,2023-11,4
Linden PD,2023-12,2
Linden PD,2024-01,5
Linden PD,2024-02,4
Linden PD,2024-03,9
Linden PD,2024-04,5
Linden PD,2024-05,7
Linden PD,2024-06,4
Linden PD,2024-07,10
Linden PD,2024-08,1
Linden PD,2024-09,4
Linden PD,2024-10,3
Linden PD,2024-11,2
Linden PD,2024-12,5
Linden PD,2025-01,6
Linden PD,2025-02,3
Linden PD,2025-03,2
Linden PD,2025-04,5
Linden PD,2025-05,5
Linden PD,2025-06,2
Linden PD,2025-07,7
Linden PD,2025-08,8
Linden PD,2025-09,4
Linden PD,2025-10,1
Linden PD,2025-11,4
Linden PD,2025-12,4
Linden PD,2026-01,5
Linden PD,2026-02,2
Linden PD,2026-03,2
Linden PD,2026-04,6
Linden PD,2026-05,7
Linden PD,2026-06,4
Linden PD,2026-07,6
Linden PD,2026-08,3
Lindenwold Boro PD,2020-11,1
Lindenwold Boro PD,2021-03,4
Lindenwold Boro PD,2021-05,3
Lindenwold Boro PD,2021-06,3
Lindenwold Boro PD,2021-07,2
Lindenwold Boro PD,2021-08,5
Lindenwold Boro PD,2021-09,5
Lindenwold Boro PD,2021-10,4
Lindenwold Boro PD,2021-11,2
Lindenwold Boro PD,2021-12,2
Lindenwold Boro PD,2022-01,2
Lindenwold Boro PD,2022-02,1
Lindenwold Boro PD,2022-03,3
Lindenwold Boro PD,2022-05,3
Lindenwold Boro PD,2022-07,3
Lindenwold Boro PD,2022-08,1
Lindenwold Boro PD,2022-09,1
Lindenwold Boro PD,2022-10,1
Lindenwold Boro PD,2022-12,1
Lindenwold Boro PD,2023-01,3
Lindenwold Boro PD,2023-02,1
Lindenwold Boro PD,2023-03,1
Lindenwold Boro PD,2023-04,1
Lindenwold Boro PD,2023-06,3
Lindenwold Boro PD,2023-07,3
Lindenwold Boro PD,2023-08,1
Lindenwold Boro PD,2023-09,2
Lindenwold Boro PD,2023-10,7
Lindenwold Boro PD,2023-11,1
Lindenwold Boro PD,2023-12,1
Lindenwold Boro PD,2024-01,4
Lindenwold Boro PD,2024-02,2
Lindenwold Boro PD,2024-03,3
Lindenwold Boro PD,2024-04,1
Lindenwold Boro PD,2024-05,2
Lindenwold Boro PD,2024-06,1
Lindenwold Boro PD,2024-07,1
Lindenwold Boro PD,2024-08,1
Lindenwold Boro PD,2024-09,1
Lindenwold Boro PD,2024-10,3
Lindenwold Boro PD,2025-01,2
Lindenwold Boro PD,2025-02,1
Lindenwold Boro PD,2025-03,2
Lindenwold Boro PD,2025-05,2
Lindenwold Boro PD,2025-06,4
Lindenwold Boro PD,2025-07,1
Lindenwold Boro PD,2025-09,2
Lindenwold Boro PD,2025-10,1
Lindenwold Boro PD,2025-11,1
Lindenwold Boro PD,2025-12,2
Lindenwold Boro PD,2026-01,1
Lindenwold Boro PD,2026-02,2
Lindenwold Boro PD,2026-04,3
Lindenwold Boro PD,2026-05,1
Lindenwold Boro PD,2026-07,2
Linwood City PD,2021-04,1
Linwood City PD,2021-12,1
Linwood City PD,2022-02,1
Linwood City PD,2022-03,4
Linwood City PD,2022-05,1
Linwood City PD,2023-02,2
Linwood City PD,2023-05,4
Linwood City PD,2023-08,2
Linwood City PD,2023-11,3
Linwood City PD,2024-06,1
Linwood City PD,2025-01,2
Linwood City PD,2025-03,2
Linwood City PD,2025-10,1
Linwood City PD,2026-03,5
Linwood City PD,2026-05,1
Little Egg Harbor Twp PD,2020-10,1
Little Egg Harbor Twp PD,2020-11,2
Little Egg Harbor Twp PD,2020-12,2
Little Egg Harbor Twp PD,2021-01,2
Little Egg Harbor Twp PD,2021-02,2
Little Egg Harbor Twp PD,2021-03,2
Little Egg Harbor Twp PD,2021-04,2
Little Egg Harbor Twp PD,2021-05,1
Little Egg Harbor Twp PD,2021-06,3
Little Egg Harbor Twp PD,2021-07,1
Little Egg Harbor Twp PD,2021-08,4
Little Egg Harbor Twp PD,2021-09,9
Little Egg Harbor Twp PD,2021-10,4
Little Egg Harbor Twp PD,2021-11,3
Little Egg Harbor Twp PD,2021-12,1
Little Egg Harbor Twp PD,2022-01,3
Little Egg Harbor Twp PD,2022-02,3
Little Egg Harbor Twp PD,2022-03,3
Little Egg Harbor Twp PD,2022-04,3
Little Egg Harbor Twp PD,2022-05,2
Little Egg Harbor Twp PD,2022-07,4
Little Egg Harbor Twp PD,2022-08,1
Little Egg Harbor Twp PD,2022-09,3
Little Egg Harbor Twp PD,2022-10,1
Little Egg Harbor Twp PD,2022-11,1
Little Egg Harbor Twp PD,2022-12,1
Little Egg Harbor Twp PD,2023-01,1
Little Egg Harbor Twp PD,2023-02,2
Little Egg Harbor Twp PD,2023-03,3
Little Egg Harbor Twp PD,2023-04,3
Little Egg Harbor Twp PD,2023-05,5
Little Egg Harbor Twp PD,2023-06,1
Little Egg Harbor Twp PD,2023-07,1
Little Egg Harbor Twp PD,2023-08,3
Little Egg Harbor Twp PD,2023-09,2
Little Egg Harbor Twp PD,2023-10,2
Little Egg Harbor Twp PD,2023-11,2
Little Egg Harbor Twp PD,2023-12,5
Little Egg Harbor Twp PD,2024-01,2
Little Egg Harbor Twp PD,2024-04,3
Little Egg Harbor Twp PD,2024-05,1
Little Egg Harbor Twp PD,2024-06,2
Little Egg Harbor Twp PD,2024-09,2
Little Egg Harbor Twp PD,2024-10,1
Little Egg Harbor Twp PD,2024-11,1
Little Egg Harbor Twp PD,2024-12,3
Little Egg Harbor Twp PD,2025-01,1
Little Egg Harbor Twp PD,2025-03,1
Little Egg Harbor Twp PD,2025-04,3
Little Egg Harbor Twp PD,2025-06,1
Little Egg Harbor Twp PD,2025-11,1
Little Egg Harbor Twp PD,2025-12,1
Little Egg Harbor Twp PD,2026-01,3
Little Egg Harbor Twp PD,2026-02,2
Little Egg Harbor Twp PD,2026-03,1
Little Egg Harbor Twp PD,2026-04,1
Little Egg Harbor Twp PD,2026-05,1
Little Egg Harbor Twp PD,2026-07,4
Little Egg Harbor Twp PD,2026-08,2
Little Falls PD,2020-11,2
Little Falls PD,2021-01,1
Little Falls PD,2021-06,2
Little Falls PD,2021-08,2
Little Falls PD,2021-12,1
Little Falls PD,2022-04,1
Little Falls PD,2022-05,1
Little Falls PD,2022-11,1
Little Falls PD,2023-09,1
Little Falls PD,2023-10,1
Little Falls PD,2023-12,1
Little Falls PD,2024-03,1
Little Falls PD,2024-05,2
Little Falls PD,2024-06,2
Little Falls PD,2024-12,2
Little Falls PD,2025-03,1
Little Falls PD,2025-04,1
Little Falls PD,2025-07,3
Little Falls PD,2025-08,2
Little Falls PD,2025-09,1
Little Falls PD,2025-10,1
Little Falls PD,2026-03,2
Little Falls PD,2026-04,2
Little Ferry PD,2020-11,2
Little Ferry PD,2021-01,1
Little Ferry PD,2021-05,1
Little Ferry PD,2021-06,1
Little Ferry PD,2021-07,2
Little Ferry PD,2021-10,1
Little Ferry PD,2021-12,1
Little Ferry PD,2022-01,1
Little Ferry PD,2022-03,4
Little Ferry PD,2022-04,3
Little Ferry PD,2022-05,1
Little Ferry PD,2022-06,2
Little Ferry PD,2022-08,2
Little Ferry PD,2022-09,1
Little Ferry PD,2022-10,1
Little Ferry PD,2022-11,1
Little Ferry PD,2022-12,1
Little Ferry PD,2023-01,1
Little Ferry PD,2023-02,1
Little Ferry PD,2023-05,2
Little Ferry PD,2023-06,2
Little Ferry PD,2023-08,1
Little Ferry PD,2023-10,1
Little Ferry PD,2024-01,1
Little Ferry PD,2024-02,1
Little Ferry PD,2024-04,3
Little Ferry PD,2024-08,1
Little Ferry PD,2024-09,1
Little Ferry PD,2024-12,1
Little Ferry PD,2025-02,2
Little Ferry PD,2025-03,1
Little Ferry PD,2026-03,1
Little Ferry PD,2026-05,1
Little Silver PD,2020-11,1
Little Silver PD,2021-03,1
Little Silver PD,2021-07,1
Little Silver PD,2021-08,1
Little Silver PD,2021-10,1
Little Silver PD,2021-11,1
Little Silver PD,2023-03,1
Little Silver PD,2024-11,1
Little Silver PD,2025-04,1
Little Silver PD,2026-06,1
Livingston PD,2020-10,2
Livingston PD,2020-12,3
Livingston PD,2021-01,1
Livingston PD,2021-04,3
Livingston PD,2021-05,2
Livingston PD,2021-07,1
Livingston PD,2021-08,4
Livingston PD,2021-10,2
Livingston PD,2021-11,5
Livingston PD,2021-12,3
Livingston PD,2022-02,1
Livingston PD,2022-08,2
Livingston PD,2022-10,1
Livingston PD,2022-12,4
Livingston PD,2023-01,7
Livingston PD,2023-02,4
Livingston PD,2023-06,2
Livingston PD,2023-09,3
Livingston PD,2023-10,3
Livingston PD,2023-11,1
Livingston PD,2024-03,4
Livingston PD,2024-09,2
Livingston PD,2024-10,2
Livingston PD,2025-04,3
Livingston PD,2025-06,2
Livingston PD,2025-07,2
Livingston PD,2025-08,3
Livingston PD,2025-11,7
Livingston PD,2026-01,1
Livingston PD,2026-04,5
Livingston PD,2026-05,2
Livingston PD,2026-07,3
Lodi PD,2020-10,1
Lodi PD,2021-05,1
Lodi PD,2022-02,1
Lodi PD,2022-05,1
Lodi PD,2022-06,1
Lodi PD,2022-07,1
Lodi PD,2022-10,1
Lodi PD,2022-11,1
Lodi PD,2022-12,1
Lodi PD,2023-04,2
Lodi PD,2023-06,1
Lodi PD,2023-12,3
Lodi PD,2024-04,1
Lodi PD,2024-09,1
Lodi PD,2024-10,1
Lodi PD,2024-11,1
Lodi PD,2024-12,2
Lodi PD,2025-08,1
Lodi PD,2025-10,1
Lodi PD,2026-01,1
Lodi PD,2026-03,1
Lodi PD,2026-08,1
Logan Twp PD,2020-11,1
Logan Twp PD,2020-12,1
Logan Twp PD,2021-01,1
Logan Twp PD,2021-04,2
Logan Twp PD,2021-06,1
Logan Twp PD,2021-07,2
Logan Twp PD,2021-09,1
Logan Twp PD,2021-12,1
Logan Twp PD,2022-03,1
Logan Twp PD,2022-05,1
Logan Twp PD,2022-08,1
Logan Twp PD,2022-12,1
Logan Twp PD,2023-02,2
Logan Twp PD,2023-05,1
Logan Twp PD,2023-09,1
Logan Twp PD,2023-10,1
Logan Twp PD,2024-11,1
Logan Twp PD,2025-01,1
Logan Twp PD,2025-02,1
Logan Twp PD,2025-03,2
Logan Twp PD,2025-04,1
Logan Twp PD,2025-07,1
Logan Twp PD,2025-08,1
Logan Twp PD,2025-11,1
Logan Twp PD,2026-03,2
Logan Twp PD,2026-07,2
Long Beach Twp PD,2020-11,1
Long Beach Twp PD,2021-03,2
Long Beach Twp PD,2021-07,1
Long Beach Twp PD,2021-08,2
Long Beach Twp PD,2021-10,2
Long Beach Twp PD,2022-01,1
Long Beach Twp PD,2022-05,1
Long Beach Twp PD,2022-07,1
Long Beach Twp PD,2022-08,2
Long Beach Twp PD,2022-09,1
Long Beach Twp PD,2023-06,2
Long Beach Twp PD,2023-08,1
Long Beach Twp PD,2023-09,1
Long Beach Twp PD,2024-03,1
Long Beach Twp PD,2024-06,1
Long Beach Twp PD,2024-08,1
Long Beach Twp PD,2025-02,1
Long Beach Twp PD,2025-03,1
Long Beach Twp PD,2025-08,2
Long Beach Twp PD,2025-10,1
Long Beach Twp PD,2026-07,6
Long Beach Twp PD,2026-08,1
Long Branch PD,2020-10,2
Long Branch PD,2020-11,3
Long Branch PD,2020-12,1
Long Branch PD,2021-01,2
Long Branch PD,2021-02,5
Long Branch PD,2021-03,6
Long Branch PD,2021-04,5
Long Branch PD,2021-05,6
Long Branch PD,2021-06,5
Long Branch PD,2021-07,7
Long Branch PD,2021-08,7
Long Branch PD,2021-09,3
Long Branch PD,2021-10,4
Long Branch PD,2021-11,5
Long Branch PD,2021-12,5
Long Branch PD,2022-01,3
Long Branch PD,2022-02,2
Long Branch PD,2022-03,8
Long Branch PD,2022-04,8
Long Branch PD,2022-05,6
Long Branch PD,2022-06,5
Long Branch PD,2022-07,4
Long Branch PD,2022-08,6
Long Branch PD,2022-09,5
Long Branch PD,2022-10,5
Long Branch PD,2022-11,1
Long Branch PD,2022-12,4
Long Branch PD,2023-01,9
Long Branch PD,2023-02,10
Long Branch PD,2023-03,8
Long Branch PD,2023-04,8
Long Branch PD,2023-05,7
Long Branch PD,2023-06,7
Long Branch PD,2023-07,11
Long Branch PD,2023-08,5
Long Branch PD,2023-09,5
Long Branch PD,2023-10,7
Long Branch PD,2023-11,6
Long Branch PD,2023-12,8
Long Branch PD,2024-01,3
Long Branch PD,2024-02,5
Long Branch PD,2024-03,4
Long Branch PD,2024-04,5
Long Branch PD,2024-05,3
Long Branch PD,2024-06,8
Long Branch PD,2024-07,6
Long Branch PD,2024-08,7
Long Branch PD,2024-09,7
Long Branch PD,2024-10,1
Long Branch PD,2024-11,8
Long Branch PD,2024-12,5
Long Branch PD,2025-01,4
Long Branch PD,2025-02,8
Long Branch PD,2025-03,3
Long Branch PD,2025-04,6
Long Branch PD,2025-05,12
Long Branch PD,2025-06,7
Long Branch PD,2025-07,9
Long Branch PD,2025-08,9
Long Branch PD,2025-09,8
Long Branch PD,2025-10,5
Long Branch PD,2025-11,4
Long Branch PD,2025-12,3
Long Branch PD,2026-01,7
Long Branch PD,2026-02,5
Long Branch PD,2026-03,8
Long Branch PD,2026-05,7
Long Branch PD,2026-06,4
Long Branch PD,2026-07,6
Long Branch PD,2026-08,1
Long Hill Twp PD,2021-08,1
Long Hill Twp PD,2021-09,1
Long Hill Twp PD,2021-12,1
Long Hill Twp PD,2023-02,1
Long Hill Twp PD,2023-04,1
Long Hill Twp PD,2023-10,1
Long Hill Twp PD,2024-02,1
Long Hill Twp PD,2024-03,1
Long Hill Twp PD,2024-05,1
Long Hill Twp PD,2024-06,1
Long Hill Twp PD,2024-07,1
Long Hill Twp PD,2025-03,1
Long Hill Twp PD,2025-12,1
Long Hill Twp PD,2026-02,1
Long Hill Twp PD,2026-04,2
Long Hill Twp PD,2026-06,1
Longport PD,2021-11,1
Longport PD,2022-01,1
Longport PD,2022-07,1
Longport PD,2023-12,1
Longport PD,2026-07,1
Lopatcong Twp PD,2020-11,1
Lopatcong Twp PD,2021-02,1
Lopatcong Twp PD,2021-03,2
Lopatcong Twp PD,2021-04,1
Lopatcong Twp PD,2021-05,1
Lopatcong Twp PD,2021-06,1
Lopatcong Twp PD,2021-09,2
Lopatcong Twp PD,2021-10,1
Lopatcong Twp PD,2021-12,2
Lopatcong Twp PD,2022-01,1
Lopatcong Twp PD,2022-03,2
Lopatcong Twp PD,2022-04,1
Lopatcong Twp PD,2022-06,1
Lopatcong Twp PD,2022-07,1
Lopatcong Twp PD,2022-08,1
Lopatcong Twp PD,2022-12,1
Lopatcong Twp PD,2023-01,2
Lopatcong Twp PD,2023-02,1
Lopatcong Twp PD,2023-04,1
Lopatcong Twp PD,2023-11,1
Lopatcong Twp PD,2023-12,1
Lopatcong Twp PD,2024-03,1
Lopatcong Twp PD,2024-06,1
Lopatcong Twp PD,2024-07,1
Lopatcong Twp PD,2024-09,1
Lopatcong Twp PD,2024-10,1
Lopatcong Twp PD,2025-05,1
Lopatcong Twp PD,2025-08,1
Lopatcong Twp PD,2026-01,1
Lopatcong Twp PD,2026-02,1
Lopatcong Twp PD,2026-05,1
Lopatcong Twp PD,2026-07,1
Lower Alloways Creek Twp PD,2020-10,1
Lower Alloways Creek Twp PD,2021-06,1
Lower Alloways Creek Twp PD,2021-09,1
Lower Alloways Creek Twp PD,2023-01,1
Lower Alloways Creek Twp PD,2023-02,1
Lower Alloways Creek Twp PD,2023-09,1
Lower Alloways Creek Twp PD,2025-09,1
Lower Alloways Creek Twp PD,2026-06,1
Lower Alloways Creek Twp PD,2026-07,1
Lower Twp PD,2020-11,1
Lower Twp PD,2021-03,1
Lower Twp PD,2021-05,2
Lower Twp PD,2021-09,1
Lower Twp PD,2021-11,1
Lower Twp PD,2021-12,1
Lower Twp PD,2022-01,2
Lower Twp PD,2022-02,3
Lower Twp PD,2022-03,2
Lower Twp PD,2022-04,1
Lower Twp PD,2022-05,2
Lower Twp PD,2022-06,3
Lower Twp PD,2022-07,2
Lower Twp PD,2022-08,1
Lower Twp PD,2022-11,1
Lower Twp PD,2022-12,2
Lower Twp PD,2023-02,1
Lower Twp PD,2023-03,1
Lower Twp PD,2023-06,2
Lower Twp PD,2023-07,1
Lower Twp PD,2023-08,1
Lower Twp PD,2023-09,4
Lower Twp PD,2023-10,2
Lower Twp PD,2024-03,1
Lower Twp PD,2024-04,1
Lower Twp PD,2024-05,1
Lower Twp PD,2024-06,4
Lower Twp PD,2024-07,1
Lower Twp PD,2024-08,1
Lower Twp PD,2024-09,3
Lower Twp PD,2024-10,2
Lower Twp PD,2024-12,2
Lower Twp PD,2025-02,1
Lower Twp PD,2025-03,2
Lower Twp PD,2025-04,1
Lower Twp PD,2025-05,1
Lower Twp PD,2025-06,1
Lower Twp PD,2025-07,5
Lower Twp PD,2025-08,1
Lower Twp PD,2025-09,2
Lower Twp PD,2025-10,2
Lower Twp PD,2025-12,2
Lower Twp PD,2026-01,2
Lower Twp PD,2026-03,1
Lower Twp PD,2026-04,4
Lower Twp PD,2026-05,2
Lower Twp PD,2026-07,2
Lower Twp PD,2026-08,3
Lumberton Twp PD,2021-01,3
Lumberton Twp PD,2021-03,4
Lumberton Twp PD,2021-04,1
Lumberton Twp PD,2021-05,1
Lumberton Twp PD,2021-08,1
Lumberton Twp PD,2021-12,2
Lumberton Twp PD,2022-01,3
Lumberton Twp PD,2022-04,1
Lumberton Twp PD,2022-05,2
Lumberton Twp PD,2022-07,1
Lumberton Twp PD,2022-08,1
Lumberton Twp PD,2022-12,2
Lumberton Twp PD,2023-01,2
Lumberton Twp PD,2023-03,1
Lumberton Twp PD,2023-04,1
Lumberton Twp PD,2023-05,1
Lumberton Twp PD,2023-08,2
Lumberton Twp PD,2023-10,1
Lumberton Twp PD,2023-12,1
Lumberton Twp PD,2024-02,3
Lumberton Twp PD,2024-04,2
Lumberton Twp PD,2024-05,1
Lumberton Twp PD,2024-07,1
Lumberton Twp PD,2024-09,1
Lumberton Twp PD,2024-10,1
Lumberton Twp PD,2025-02,1
Lumberton Twp PD,2025-06,3
Lumberton Twp PD,2025-07,2
Lumberton Twp PD,2025-08,2
Lumberton Twp PD,2025-09,1
Lumberton Twp PD,2025-11,1
Lumberton Twp PD,2025-12,1
Lumberton Twp PD,2026-01,3
Lumberton Twp PD,2026-02,1
Lumberton Twp PD,2026-03,2
Lumberton Twp PD,2026-04,3
Lumberton Twp PD,2026-06,1
Lumberton Twp PD,2026-07,2
Lumberton Twp PD,2026-08,2
Lyndhurst PD,2020-11,3
Lyndhurst PD,2020-12,4
Lyndhurst PD,2021-01,2
Lyndhurst PD,2021-05,2
Lyndhurst PD,2021-10,1
Lyndhurst PD,2021-11,1
Lyndhurst PD,2022-01,1
Lyndhurst PD,2022-02,1
Lyndhurst PD,2022-03,1
Lyndhurst PD,2022-06,1
Lyndhurst PD,2022-07,3
Lyndhurst PD,2022-08,1
Lyndhurst PD,2023-02,2
Lyndhurst PD,2023-04,1
Lyndhurst PD,2023-10,1
Lyndhurst PD,2023-11,3
Lyndhurst PD,2024-01,1
Lyndhurst PD,2024-03,1
Lyndhurst PD,2024-04,1
Lyndhurst PD,2024-06,1
Lyndhurst PD,2024-08,1
Lyndhurst PD,2024-09,1
Lyndhurst PD,2025-02,1
Lyndhurst PD,2025-03,2
Lyndhurst PD,2025-04,1
Lyndhurst PD,2025-05,2
Lyndhurst PD,2025-09,1
Lyndhurst PD,2025-11,2
Lyndhurst PD,2025-12,1
Madison PD,2020-11,1
Madison PD,2021-02,1
Madison PD,2021-04,1
Madison PD,2021-08,1
Madison PD,2022-05,1
Madison PD,2022-08,1
Madison PD,2022-09,1
Madison PD,2022-10,1
Madison PD,2023-01,1
Madison PD,2023-02,1
Madison PD,2023-03,2
Madison PD,2023-10,1
Madison PD,2023-11,1
Madison PD,2024-04,1
Madison PD,2024-05,1
Madison PD,2024-06,1
Madison PD,2024-10,1
Madison PD,2025-02,1
Madison PD,2026-03,1
Madison PD,2026-08,1
Magnolia PD,2020-10,1
Magnolia PD,2021-02,1
Magnolia PD,2021-04,1
Magnolia PD,2021-05,1
Magnolia PD,2021-08,1
Magnolia PD,2021-11,1
Magnolia PD,2022-04,2
Magnolia PD,2022-05,1
Magnolia PD,2022-06,1
Magnolia PD,2022-07,2
Magnolia PD,2022-08,2
Magnolia PD,2022-09,1
Magnolia PD,2022-12,1
Magnolia PD,2023-02,2
Magnolia PD,2023-03,2
Magnolia PD,2023-05,1
Magnolia PD,2023-09,2
Magnolia PD,2023-11,1
Magnolia PD,2024-04,1
Magnolia PD,2024-06,1
Magnolia PD,2024-07,1
Magnolia PD,2024-11,1
Magnolia PD,2024-12,1
Magnolia PD,2025-01,1
Magnolia PD,2025-03,1
Magnolia PD,2025-05,1
Magnolia PD,2025-09,2
Magnolia PD,2025-10,1
Magnolia PD,2025-11,1
Magnolia PD,2026-01,1
Magnolia PD,2026-02,1
Magnolia PD,2026-03,1
Magnolia PD,2026-05,2
Magnolia PD,2026-06,1
Mahwah Twp PD,2020-12,1
Mahwah Twp PD,2021-04,2
Mahwah Twp PD,2021-06,1
Mahwah Twp PD,2021-07,2
Mahwah Twp PD,2021-08,1
Mahwah Twp PD,2021-09,1
Mahwah Twp PD,2021-12,3
Mahwah Twp PD,2022-02,9
Mahwah Twp PD,2022-03,2
Mahwah Twp PD,2022-06,1
Mahwah Twp PD,2022-07,3
Mahwah Twp PD,2022-09,1
Mahwah Twp PD,2022-10,2
Mahwah Twp PD,2023-01,1
Mahwah Twp PD,2023-02,1
Mahwah Twp PD,2023-03,4
Mahwah Twp PD,2023-04,1
Mahwah Twp PD,2023-06,1
Mahwah Twp PD,2023-07,1
Mahwah Twp PD,2023-09,1
Mahwah Twp PD,2023-10,2
Mahwah Twp PD,2023-11,2
Mahwah Twp PD,2023-12,1
Mahwah Twp PD,2024-01,1
Mahwah Twp PD,2024-02,1
Mahwah Twp PD,2024-03,2
Mahwah Twp PD,2024-04,1
Mahwah Twp PD,2024-06,1
Mahwah Twp PD,2024-07,2
Mahwah Twp PD,2024-11,3
Mahwah Twp PD,2024-12,2
Mahwah Twp PD,2025-01,2
Mahwah Twp PD,2025-02,1
Mahwah Twp PD,2025-04,5
Mahwah Twp PD,2025-05,1
Mahwah Twp PD,2025-06,1
Mahwah Twp PD,2025-07,1
Mahwah Twp PD,2025-08,1
Mahwah Twp PD,2025-10,3
Mahwah Twp PD,2025-11,4
Mahwah Twp PD,2025-12,3
Mahwah Twp PD,2026-01,2
Mahwah Twp PD,2026-02,1
Mahwah Twp PD,2026-03,2
Mahwah Twp PD,2026-04,1
Mahwah Twp PD,2026-06,1
Mahwah Twp PD,2026-08,2
Manalapan Twp PD,2020-10,3
Manalapan Twp PD,2021-01,3
Manalapan Twp PD,2021-02,4
Manalapan Twp PD,2021-03,1
Manalapan Twp PD,2021-04,2
Manalapan Twp PD,2021-05,1
Manalapan Twp PD,2021-10,3
Manalapan Twp PD,2022-01,1
Manalapan Twp PD,2022-02,1
Manalapan Twp PD,2022-03,2
Manalapan Twp PD,2022-04,1
Manalapan Twp PD,2022-05,3
Manalapan Twp PD,2022-06,1
Manalapan Twp PD,2022-08,3
Manalapan Twp PD,2022-10,1
Manalapan Twp PD,2022-11,2
Manalapan Twp PD,2022-12,1
Manalapan Twp PD,2023-02,1
Manalapan Twp PD,2023-03,3
Manalapan Twp PD,2023-04,4
Manalapan Twp PD,2023-06,1
Manalapan Twp PD,2023-08,2
Manalapan Twp PD,2023-09,1
Manalapan Twp PD,2023-10,1
Manalapan Twp PD,2023-11,4
Manalapan Twp PD,2023-12,1
Manalapan Twp PD,2024-01,1
Manalapan Twp PD,2024-02,1
Manalapan Twp PD,2024-03,2
Manalapan Twp PD,2024-04,1
Manalapan Twp PD,2024-07,2
Manalapan Twp PD,2024-08,2
Manalapan Twp PD,2024-11,2
Manalapan Twp PD,2024-12,1
Manalapan Twp PD,2025-01,3
Manalapan Twp PD,2025-02,1
Manalapan Twp PD,2025-03,1
Manalapan Twp PD,2025-04,1
Manalapan Twp PD,2025-05,1
Manalapan Twp PD,2025-06,1
Manalapan Twp PD,2025-07,2
Manalapan Twp PD,2025-10,1
Manalapan Twp PD,2025-12,1
Manalapan Twp PD,2026-02,2
Manalapan Twp PD,2026-03,1
Manalapan Twp PD,2026-04,1
Manalapan Twp PD,2026-05,2
Manalapan Twp PD,2026-07,2
Manalapan Twp PD,2026-08,1
Manasquan PD,2021-01,1
Manasquan PD,2021-02,1
Manasquan PD,2021-03,1
Manasquan PD,2021-05,1
Manasquan PD,2021-07,2
Manasquan PD,2021-09,1
Manasquan PD,2021-11,1
Manasquan PD,2022-01,1
Manasquan PD,2022-08,1
Manasquan PD,2023-07,3
Manasquan PD,2023-10,1
Manasquan PD,2024-01,1
Manasquan PD,2025-01,2
Manasquan PD,2025-03,2
Manasquan PD,2025-05,1
Manasquan PD,2025-06,2
Manasquan PD,2025-07,2
Manasquan PD,2025-08,2
Manasquan PD,2025-10,2
Manasquan PD,2026-04,1
Manasquan PD,2026-06,1
Manasquan PD,2026-07,3
Manasquan PD,2026-08,2
Manchester Twp PD,2020-10,6
Manchester Twp PD,2020-11,3
Manchester Twp PD,2020-12,2
Manchester Twp PD,2021-01,4
Manchester Twp PD,2021-02,4
Manchester Twp PD,2021-03,5
Manchester Twp PD,2021-04,3
Manchester Twp PD,2021-05,4
Manchester Twp PD,2021-06,4
Manchester Twp PD,2021-08,4
Manchester Twp PD,2021-09,6
Manchester Twp PD,2021-10,4
Manchester Twp PD,2021-11,4
Manchester Twp PD,2022-01,4
Manchester Twp PD,2022-03,3
Manchester Twp PD,2022-04,1
Manchester Twp PD,2022-05,1
Manchester Twp PD,2022-06,3
Manchester Twp PD,2022-07,2
Manchester Twp PD,2022-08,1
Manchester Twp PD,2022-09,6
Manchester Twp PD,2022-10,3
Manchester Twp PD,2022-11,2
Manchester Twp PD,2022-12,1
Manchester Twp PD,2023-01,2
Manchester Twp PD,2023-02,1
Manchester Twp PD,2023-03,6
Manchester Twp PD,2023-04,5
Manchester Twp PD,2023-05,5
Manchester Twp PD,2023-06,6
Manchester Twp PD,2023-07,3
Manchester Twp PD,2023-08,3
Manchester Twp PD,2023-09,2
Manchester Twp PD,2023-10,2
Manchester Twp PD,2023-12,6
Manchester Twp PD,2024-01,2
Manchester Twp PD,2024-02,3
Manchester Twp PD,2024-03,3
Manchester Twp PD,2024-04,6
Manchester Twp PD,2024-05,4
Manchester Twp PD,2024-06,4
Manchester Twp PD,2024-07,4
Manchester Twp PD,2024-08,3
Manchester Twp PD,2024-09,5
Manchester Twp PD,2024-10,3
Manchester Twp PD,2024-11,2
Manchester Twp PD,2024-12,4
Manchester Twp PD,2025-01,2
Manchester Twp PD,2025-02,3
Manchester Twp PD,2025-03,1
Manchester Twp PD,2025-04,1
Manchester Twp PD,2025-05,3
Manchester Twp PD,2025-06,6
Manchester Twp PD,2025-07,2
Manchester Twp PD,2025-08,1
Manchester Twp PD,2025-09,4
Manchester Twp PD,2025-10,2
Manchester Twp PD,2025-11,4
Manchester Twp PD,2025-12,7
Manchester Twp PD,2026-01,3
Manchester Twp PD,2026-02,3
Manchester Twp PD,2026-03,5
Manchester Twp PD,2026-05,2
Manchester Twp PD,2026-06,5
Manchester Twp PD,2026-07,1
Manchester Twp PD,2026-08,2
Mansfield Twp PD,2020-10,2
Mansfield Twp PD,2021-02,2
Mansfield Twp PD,2021-03,1
Mansfield Twp PD,2021-06,1
Mansfield Twp PD,2021-07,2
Mansfield Twp PD,2021-08,2
Mansfield Twp PD,2021-09,1
Mansfield Twp PD,2022-01,2
Mansfield Twp PD,2022-04,1
Mansfield Twp PD,2022-05,1
Mansfield Twp PD,2022-06,1
Mansfield Twp PD,2022-07,4
Mansfield Twp PD,2022-09,1
Mansfield Twp PD,2023-03,2
Mansfield Twp PD,2023-07,2
Mansfield Twp PD,2023-08,3
Mansfield Twp PD,2023-09,3
Mansfield Twp PD,2023-10,2
Mansfield Twp PD,2023-12,1
Mansfield Twp PD,2024-03,2
Mansfield Twp PD,2024-04,1
Mansfield Twp PD,2024-05,1
Mansfield Twp PD,2024-06,1
Mansfield Twp PD,2024-08,3
Mansfield Twp PD,2024-09,1
Mansfield Twp PD,2024-10,3
Mansfield Twp PD,2024-11,2
Mansfield Twp PD,2024-12,5
Mansfield Twp PD,2025-02,1
Mansfield Twp PD,2025-03,1
Mansfield Twp PD,2025-04,1
Mansfield Twp PD,2025-06,2
Mansfield Twp PD,2025-07,1
Mansfield Twp PD,2025-08,2
Mansfield Twp PD,2025-10,1
Mansfield Twp PD,2026-03,1
Mansfield Twp PD,2026-04,3
Mansfield Twp PD,2026-06,1
Mantoloking Boro PD,2021-10,1
Mantoloking Boro PD,2023-07,1
Mantoloking Boro PD,2023-11,1
Mantoloking Boro PD,2024-04,1
Mantoloking Boro PD,2025-06,1
Mantoloking Boro PD,2026-07,1
Mantua Twp PD,2020-10,2
Mantua Twp PD,2020-11,3
Mantua Twp PD,2020-12,1
Mantua Twp PD,2021-01,1
Mantua Twp PD,2021-02,2
Mantua Twp PD,2021-03,2
Mantua Twp PD,2021-04,2
Mantua Twp PD,2021-05,2
Mantua Twp PD,2021-06,2
Mantua Twp PD,2021-07,1
Mantua Twp PD,2021-09,3
Mantua Twp PD,2021-11,2
Mantua Twp PD,2021-12,2
Mantua Twp PD,2022-03,2
Mantua Twp PD,2022-07,2
Mantua Twp PD,2022-10,1
Mantua Twp PD,2022-11,3
Mantua Twp PD,2022-12,2
Mantua Twp PD,2023-01,1
Mantua Twp PD,2023-04,3
Mantua Twp PD,2023-05,1
Mantua Twp PD,2023-06,1
Mantua Twp PD,2023-07,1
Mantua Twp PD,2023-09,1
Mantua Twp PD,2023-10,1
Mantua Twp PD,2023-12,1
Mantua Twp PD,2024-01,2
Mantua Twp PD,2024-02,3
Mantua Twp PD,2024-05,2
Mantua Twp PD,2024-07,1
Mantua Twp PD,2024-09,1
Mantua Twp PD,2024-11,1
Mantua Twp PD,2024-12,1
Mantua Twp PD,2025-01,1
Mantua Twp PD,2025-02,1
Mantua Twp PD,2025-05,2
Mantua Twp PD,2025-07,1
Mantua Twp PD,2025-09,2
Mantua Twp PD,2025-12,1
Mantua Twp PD,2026-02,2
Mantua Twp PD,2026-04,1
Mantua Twp PD,2026-05,3
Mantua Twp PD,2026-08,2
Manville PD,2020-11,1
Manville PD,2020-12,1
Manville PD,2021-04,1
Manville PD,2021-05,2
Manville PD,2021-06,2
Manville PD,2021-09,1
Manville PD,2021-10,1
Manville PD,2021-12,1
Manville PD,2022-03,1
Manville PD,2022-05,1
Manville PD,2022-10,1
Manville PD,2023-01,1
Manville PD,2023-06,2
Manville PD,2023-07,3
Manville PD,2024-02,1
Manville PD,2024-09,3
Manville PD,2025-01,1
Manville PD,2025-08,3
Manville PD,2025-11,1
Maple Shade PD,2020-10,3
Maple Shade PD,2020-11,1
Maple Shade PD,2021-01,2
Maple Shade PD,2021-03,1
Maple Shade PD,2021-04,1
Maple Shade PD,2021-05,2
Maple Shade PD,2021-06,1
Maple Shade PD,2021-07,1
Maple Shade PD,2021-08,1
Maple Shade PD,2021-09,2
Maple Shade PD,2021-10,3
Maple Shade PD,2021-11,2
Maple Shade PD,2022-01,1
Maple Shade PD,2022-02,3
Maple Shade PD,2022-03,4
Maple Shade PD,2022-06,3
Maple Shade PD,2022-07,5
Maple Shade PD,2022-08,2
Maple Shade PD,2022-09,4
Maple Shade PD,2022-10,3
Maple Shade PD,2022-11,1
Maple Shade PD,2022-12,1
Maple Shade PD,2023-01,4
Maple Shade PD,2023-04,1
Maple Shade PD,2023-05,3
Maple Shade PD,2023-06,3
Maple Shade PD,2023-09,1
Maple Shade PD,2023-10,3
Maple Shade PD,2023-11,3
Maple Shade PD,2023-12,1
Maple Shade PD,2024-01,4
Maple Shade PD,2024-03,3
Maple Shade PD,2024-04,1
Maple Shade PD,2024-05,1
Maple Shade PD,2024-07,2
Maple Shade PD,2024-08,2
Maple Shade PD,2024-09,1
Maple Shade PD,2024-10,2
Maple Shade PD,2024-11,3
Maple Shade PD,2024-12,1
Maple Shade PD,2025-02,2
Maple Shade PD,2025-04,2
Maple Shade PD,2025-06,1
Maple Shade PD,2025-07,1
Maple Shade PD,2025-11,3
Maple Shade PD,2025-12,1
Maple Shade PD,2026-02,1
Maple Shade PD,2026-03,4
Maple Shade PD,2026-06,2
Maple Shade PD,2026-07,1
Maple Shade PD,2026-08,1
Maplewood PD,2020-10,1
Maplewood PD,2020-11,1
Maplewood PD,2021-02,2
Maplewood PD,2021-03,2
Maplewood PD,2021-04,1
Maplewood PD,2021-05,2
Maplewood PD,2021-07,1
Maplewood PD,2021-08,3
Maplewood PD,2021-12,1
Maplewood PD,2022-01,3
Maplewood PD,2022-04,1
Maplewood PD,2022-05,4
Maplewood PD,2022-07,1
Maplewood PD,2022-08,3
Maplewood PD,2022-09,3
Maplewood PD,2022-11,2
Maplewood PD,2022-12,2
Maplewood PD,2023-03,3
Maplewood PD,2023-04,3
Maplewood PD,2023-05,1
Maplewood PD,2023-06,2
Maplewood PD,2023-07,1
Maplewood PD,2023-08,3
Maplewood PD,2023-09,1
Maplewood PD,2023-11,4
Maplewood PD,2023-12,4
Maplewood PD,2024-01,3
Maplewood PD,2024-02,2
Maplewood PD,2024-03,3
Maplewood PD,2024-05,2
Maplewood PD,2024-07,1
Maplewood PD,2024-09,6
Maplewood PD,2024-10,2
Maplewood PD,2025-01,1
Maplewood PD,2025-03,1
Maplewood PD,2025-04,4
Maplewood PD,2025-05,3
Maplewood PD,2025-06,1
Maplewood PD,2025-07,1
Maplewood PD,2025-08,2
Maplewood PD,2025-09,2
Maplewood PD,2025-11,1
Maplewood PD,2025-12,1
Maplewood PD,2026-02,1
Maplewood PD,2026-05,2
Maplewood PD,2026-06,3
Maplewood PD,2026-07,2
Margate PD,2021-05,1
Margate PD,2021-09,1
Margate PD,2022-05,1
Margate PD,2022-07,2
Margate PD,2022-10,1
Margate PD,2023-01,1
Margate PD,2023-05,1
Margate PD,2023-08,1
Margate PD,2024-01,1
Margate PD,2024-06,2
Margate PD,2024-07,1
Margate PD,2024-09,1
Margate PD,2025-08,4
Margate PD,2025-10,1
Margate PD,2025-12,1
Margate PD,2026-01,1
Margate PD,2026-05,1
Margate PD,2026-06,1
Margate PD,2026-08,2
Marlboro Twp PD,2020-10,4
Marlboro Twp PD,2021-01,2
Marlboro Twp PD,2021-03,2
Marlboro Twp PD,2021-05,1
Marlboro Twp PD,2021-06,1
Marlboro Twp PD,2021-07,2
Marlboro Twp PD,2021-09,8
Marlboro Twp PD,2021-10,3
Marlboro Twp PD,2021-11,2
Marlboro Twp PD,2021-12,1
Marlboro Twp PD,2022-01,2
Marlboro Twp PD,2022-02,5
Marlboro Twp PD,2022-03,1
Marlboro Twp PD,2022-05,1
Marlboro Twp PD,2022-07,1
Marlboro Twp PD,2022-09,3
Marlboro Twp PD,2022-10,2
Marlboro Twp PD,2022-11,2
Marlboro Twp PD,2023-01,1
Marlboro Twp PD,2023-03,1
Marlboro Twp PD,2023-05,2
Marlboro Twp PD,2023-06,1
Marlboro Twp PD,2023-07,1
Marlboro Twp PD,2023-08,3
Marlboro Twp PD,2023-09,2
Marlboro Twp PD,2023-10,1
Marlboro Twp PD,2023-11,1
Marlboro Twp PD,2024-01,4
Marlboro Twp PD,2024-02,4
Marlboro Twp PD,2024-03,1
Marlboro Twp PD,2024-04,1
Marlboro Twp PD,2024-05,1
Marlboro Twp PD,2024-07,3
Marlboro Twp PD,2024-08,5
Marlboro Twp PD,2024-09,1
Marlboro Twp PD,2024-10,1
Marlboro Twp PD,2024-11,1
Marlboro Twp PD,2025-02,4
Marlboro Twp PD,2025-03,1
Marlboro Twp PD,2025-04,4
Marlboro Twp PD,2025-06,2
Marlboro Twp PD,2025-07,1
Marlboro Twp PD,2025-08,2
Marlboro Twp PD,2025-09,2
Marlboro Twp PD,2025-10,2
Marlboro Twp PD,2025-12,1
Marlboro Twp PD,2026-03,2
Marlboro Twp PD,2026-05,1
Marlboro Twp PD,2026-06,1
Marlboro Twp PD,2026-07,1
Marlboro Twp PD,2026-08,1
Matawan PD,2020-12,1
Matawan PD,2021-03,1
Matawan PD,2021-04,1
Matawan PD,2021-05,3
Matawan PD,2021-06,1
Matawan PD,2021-08,2
Matawan PD,2021-10,2
Matawan PD,2022-02,1
Matawan PD,2022-03,1
Matawan PD,2023-03,1
Matawan PD,2023-05,1
Matawan PD,2023-07,1
Matawan PD,2023-09,2
Matawan PD,2023-10,1
Matawan PD,2024-02,1
Matawan PD,2024-04,1
Matawan PD,2024-06,1
Matawan PD,2024-08,1
Matawan PD,2024-11,1
Matawan PD,2024-12,1
Matawan PD,2026-03,3
Matawan PD,2026-04,2
Matawan PD,2026-05,1
Matawan PD,2026-06,1
Matawan PD,2026-07,1
Matawan PD,2026-08,1
Maywood PD,2020-12,2
Maywood PD,2021-02,1
Maywood PD,2021-03,1
Maywood PD,2021-05,1
Maywood PD,2021-06,2
Maywood PD,2022-02,1
Maywood PD,2022-03,2
Maywood PD,2022-05,1
Maywood PD,2022-06,4
Maywood PD,2022-07,1
Maywood PD,2022-09,1
Maywood PD,2023-05,2
Maywood PD,2023-11,1
Maywood PD,2024-01,1
Maywood PD,2024-03,1
Maywood PD,2024-05,1
Maywood PD,2024-07,4
Maywood PD,2024-08,1
Maywood PD,2024-10,1
Maywood PD,2024-12,1
Maywood PD,2025-01,1
Maywood PD,2025-06,2
Maywood PD,2025-07,1
Maywood PD,2025-09,1
Maywood PD,2026-01,1
Maywood PD,2026-03,3
Maywood PD,2026-04,1
Medford Lakes PD,2021-05,1
Medford Lakes PD,2021-09,1
Medford Lakes PD,2022-04,1
Medford Lakes PD,2022-07,1
Medford Lakes PD,2022-09,1
Medford Lakes PD,2023-04,1
Medford Lakes PD,2024-05,1
Medford Lakes PD,2024-07,2
Medford Lakes PD,2026-07,1
Medford Twp PD,2020-11,2
Medford Twp PD,2021-04,2
Medford Twp PD,2021-12,1
Medford Twp PD,2022-04,1
Medford Twp PD,2023-01,1
Medford Twp PD,2023-06,1
Medford Twp PD,2023-08,1
Medford Twp PD,2023-10,1
Medford Twp PD,2023-12,2
Medford Twp PD,2024-01,1
Medford Twp PD,2024-05,2
Medford Twp PD,2024-07,1
Medford Twp PD,2024-09,1
Medford Twp PD,2024-11,2
Medford Twp PD,2025-01,4
Medford Twp PD,2025-04,1
Medford Twp PD,2025-06,3
Medford Twp PD,2025-09,1
Medford Twp PD,2026-01,1
Medford Twp PD,2026-07,1
Medford Twp PD,2026-08,1
Mendham Boro PD,2021-04,1
Mendham Boro PD,2021-12,1
Mendham Boro PD,2023-03,1
Mendham Boro PD,2023-08,1
Mendham Boro PD,2023-10,1
Mendham Boro PD,2023-11,1
Mendham Boro PD,2025-03,1
Mendham Twp PD,2022-08,1
Mendham Twp PD,2023-03,1
Mendham Twp PD,2024-05,1
Mendham Twp PD,2024-07,2
Mendham Twp PD,2025-08,2
Mendham Twp PD,2025-10,1
Mendham Twp PD,2026-01,2
Mercer Co Prosecutors Office,2020-11,3
Mercer Co Prosecutors Office,2021-01,1
Mercer Co Prosecutors Office,2021-08,1
Mercer Co Prosecutors Office,2021-10,1
Mercer Co Prosecutors Office,2022-04,1
Mercer Co Prosecutors Office,2022-05,1
Mercer Co Prosecutors Office,2022-07,1
Mercer Co Prosecutors Office,2023-01,1
Mercer Co Prosecutors Office,2023-07,1
Mercer Co Prosecutors Office,2023-08,2
Mercer Co Prosecutors Office,2023-11,2
Mercer Co Prosecutors Office,2024-05,1
Mercer Co Prosecutors Office,2024-08,3
Mercer Co Prosecutors Office,2024-09,1
Mercer Co Prosecutors Office,2024-11,2
Mercer Co Prosecutors Office,2025-01,1
Mercer Co Prosecutors Office,2025-06,1
Mercer Co Prosecutors Office,2025-07,1
Mercer Co Prosecutors Office,2026-07,2
Mercer Co Sheriffs Dept,2021-01,1
Mercer Co Sheriffs Dept,2021-09,2
Mercer Co Sheriffs Dept,2021-10,1
Mercer Co Sheriffs Dept,2021-11,3
Mercer Co Sheriffs Dept,2021-12,2
Mercer Co Sheriffs Dept,2022-01,1
Mercer Co Sheriffs Dept,2022-02,1
Mercer Co Sheriffs Dept,2022-03,1
Mercer Co Sheriffs Dept,2022-04,2
Mercer Co Sheriffs Dept,2022-05,1
Mercer Co Sheriffs Dept,2022-06,1
Mercer Co Sheriffs Dept,2022-08,2
Mercer Co Sheriffs Dept,2022-09,3
Mercer Co Sheriffs Dept,2022-10,1
Mercer Co Sheriffs Dept,2022-11,1
Mercer Co Sheriffs Dept,2023-01,2
Mercer Co Sheriffs Dept,2023-03,3
Mercer Co Sheriffs Dept,2023-05,2
Mercer Co Sheriffs Dept,2023-07,2
Mercer Co Sheriffs Dept,2023-08,1
Mercer Co Sheriffs Dept,2023-09,1
Mercer Co Sheriffs Dept,2023-12,1
Mercer Co Sheriffs Dept,2024-02,1
Mercer Co Sheriffs Dept,2024-03,1
Mercer Co Sheriffs Dept,2024-06,1
Mercer Co Sheriffs Dept,2024-07,1
Mercer Co Sheriffs Dept,2024-09,2
Mercer Co Sheriffs Dept,2025-02,1
Mercer Co Sheriffs Dept,2025-04,3
Mercer Co Sheriffs Dept,2025-07,1
Mercer Co Sheriffs Dept,2025-09,1
Mercer Co Sheriffs Dept,2025-11,2
Mercer Co Sheriffs Dept,2025-12,1
Mercer Co Sheriffs Dept,2026-02,1
Mercer Co Sheriffs Dept,2026-03,1
Mercer Co Sheriffs Dept,2026-06,2
Mercer Co Sheriffs Dept,2026-07,3
Mercer Co Sheriffs Dept,2026-08,2
Merchantville PD,2020-10,1
Merchantville PD,2020-12,1
Merchantville PD,2021-02,2
Merchantville PD,2021-04,1
Merchantville PD,2021-05,1
Merchantville PD,2021-07,1
Merchantville PD,2021-09,1
Merchantville PD,2021-12,1
Merchantville PD,2022-07,1
Merchantville PD,2022-08,1
Merchantville PD,2023-02,1
Merchantville PD,2023-04,1
Merchantville PD,2023-05,1
Merchantville PD,2023-06,1
Merchantville PD,2023-08,2
Merchantville PD,2023-09,1
Merchantville PD,2023-11,1
Merchantville PD,2024-01,1
Merchantville PD,2024-02,2
Merchantville PD,2024-03,1
Merchantville PD,2024-08,1
Merchantville PD,2024-09,2
Merchantville PD,2024-10,1
Merchantville PD,2025-02,1
Merchantville PD,2025-03,1
Merchantville PD,2025-07,2
Merchantville PD,2025-09,1
Merchantville PD,2025-10,1
Merchantville PD,2025-11,1
Merchantville PD,2026-02,1
Merchantville PD,2026-08,1
Metuchen PD,2021-01,2
Metuchen PD,2021-03,1
Metuchen PD,2021-04,1
Metuchen PD,2021-07,1
Metuchen PD,2021-08,1
Metuchen PD,2021-09,1
Metuchen PD,2021-10,1
Metuchen PD,2021-12,1
Metuchen PD,2022-06,1
Metuchen PD,2022-08,1
Metuchen PD,2022-10,2
Metuchen PD,2022-12,1
Metuchen PD,2023-01,1
Metuchen PD,2023-02,1
Metuchen PD,2023-03,2
Metuchen PD,2023-04,2
Metuchen PD,2023-05,1
Metuchen PD,2023-06,2
Metuchen PD,2023-07,1
Metuchen PD,2023-08,1
Metuchen PD,2023-09,1
Metuchen PD,2024-02,1
Metuchen PD,2024-03,1
Metuchen PD,2024-04,1
Metuchen PD,2024-05,1
Metuchen PD,2024-06,1
Metuchen PD,2024-07,1
Metuchen PD,2024-11,2
Metuchen PD,2025-01,1
Metuchen PD,2025-04,1
Metuchen PD,2025-05,1
Metuchen PD,2025-12,1
Metuchen PD,2026-02,1
Metuchen PD,2026-03,2
Middle Twp PD,2020-10,3
Middle Twp PD,2020-11,2
Middle Twp PD,2020-12,3
Middle Twp PD,2021-01,3
Middle Twp PD,2021-02,1
Middle Twp PD,2021-04,11
Middle Twp PD,2021-05,2
Middle Twp PD,2021-06,1
Middle Twp PD,2021-07,6
Middle Twp PD,2021-08,4
Middle Twp PD,2021-09,1
Middle Twp PD,2021-10,8
Middle Twp PD,2021-11,4
Middle Twp PD,2021-12,9
Middle Twp PD,2022-01,1
Middle Twp PD,2022-02,2
Middle Twp PD,2022-03,4
Middle Twp PD,2022-04,1
Middle Twp PD,2022-05,2
Middle Twp PD,2022-06,4
Middle Twp PD,2022-07,2
Middle Twp PD,2022-08,6
Middle Twp PD,2022-09,5
Middle Twp PD,2022-10,2
Middle Twp PD,2022-11,4
Middle Twp PD,2022-12,3
Middle Twp PD,2023-01,1
Middle Twp PD,2023-02,5
Middle Twp PD,2023-03,2
Middle Twp PD,2023-04,3
Middle Twp PD,2023-05,5
Middle Twp PD,2023-06,2
Middle Twp PD,2023-07,5
Middle Twp PD,2023-08,3
Middle Twp PD,2023-09,6
Middle Twp PD,2023-10,1
Middle Twp PD,2023-11,4
Middle Twp PD,2023-12,3
Middle Twp PD,2024-01,4
Middle Twp PD,2024-02,4
Middle Twp PD,2024-03,1
Middle Twp PD,2024-04,2
Middle Twp PD,2024-05,3
Middle Twp PD,2024-06,6
Middle Twp PD,2024-07,3
Middle Twp PD,2024-08,1
Middle Twp PD,2024-09,6
Middle Twp PD,2024-10,2
Middle Twp PD,2024-11,6
Middle Twp PD,2024-12,1
Middle Twp PD,2025-01,1
Middle Twp PD,2025-02,6
Middle Twp PD,2025-03,2
Middle Twp PD,2025-04,4
Middle Twp PD,2025-05,4
Middle Twp PD,2025-06,6
Middle Twp PD,2025-07,2
Middle Twp PD,2025-08,2
Middle Twp PD,2025-09,4
Middle Twp PD,2025-10,6
Middle Twp PD,2025-11,3
Middle Twp PD,2025-12,2
Middle Twp PD,2026-01,2
Middle Twp PD,2026-02,7
Middle Twp PD,2026-03,6
Middle Twp PD,2026-04,3
Middle Twp PD,2026-05,4
Middle Twp PD,2026-06,2
Middle Twp PD,2026-07,2
Middle Twp PD,2026-08,2
Middlesex Boro PD,2020-10,2
Middlesex Boro PD,2021-04,2
Middlesex Boro PD,2021-05,4
Middlesex Boro PD,2021-07,2
Middlesex Boro PD,2021-08,1
Middlesex Boro PD,2021-12,1
Middlesex Boro PD,2022-01,2
Middlesex Boro PD,2022-02,3
Middlesex Boro PD,2022-05,1
Middlesex Boro PD,2022-06,1
Middlesex Boro PD,2022-08,1
Middlesex Boro PD,2022-10,1
Middlesex Boro PD,2022-11,1
Middlesex Boro PD,2023-02,1
Middlesex Boro PD,2023-05,1
Middlesex Boro PD,2023-06,2
Middlesex Boro PD,2023-10,1
Middlesex Boro PD,2023-12,2
Middlesex Boro PD,2024-01,1
Middlesex Boro PD,2024-03,1
Middlesex Boro PD,2024-04,1
Middlesex Boro PD,2024-07,1
Middlesex Boro PD,2024-12,1
Middlesex Boro PD,2025-02,1
Middlesex Boro PD,2025-03,1
Middlesex Boro PD,2025-06,1
Middlesex Boro PD,2025-07,1
Middlesex Boro PD,2025-09,1
Middlesex Boro PD,2025-10,1
Middlesex Boro PD,2025-11,1
Middlesex Boro PD,2026-01,1
Middlesex Boro PD,2026-03,1
Middlesex Boro PD,2026-06,1
Middlesex Co College PD,2023-02,1
Middlesex Co College PD,2023-04,1
Middlesex Co College PD,2026-06,1
Middlesex Co Prosecutors Office,2021-03,1
Middlesex Co Prosecutors Office,2021-12,1
Middlesex Co Prosecutors Office,2022-01,3
Middlesex Co Prosecutors Office,2022-05,3
Middlesex Co Prosecutors Office,2022-07,1
Middlesex Co Prosecutors Office,2022-09,1
Middlesex Co Prosecutors Office,2023-01,2
Middlesex Co Prosecutors Office,2023-06,1
Middlesex Co Prosecutors Office,2023-08,1
Middlesex Co Prosecutors Office,2023-09,1
Middlesex Co Prosecutors Office,2023-10,1
Middlesex Co Prosecutors Office,2023-11,1
Middlesex Co Prosecutors Office,2024-02,2
Middlesex Co Prosecutors Office,2024-03,1
Middlesex Co Prosecutors Office,2024-04,1
Middlesex Co Prosecutors Office,2024-05,1
Middlesex Co Prosecutors Office,2024-07,1
Middlesex Co Prosecutors Office,2024-11,2
Middlesex Co Prosecutors Office,2024-12,1
Middlesex Co Prosecutors Office,2025-01,1
Middlesex Co Prosecutors Office,2025-03,4
Middlesex Co Prosecutors Office,2025-06,1
Middlesex Co Prosecutors Office,2025-07,3
Middlesex Co Prosecutors Office,2025-11,1
Middlesex Co Prosecutors Office,2026-06,1
Middlesex Co Sheriffs Dept,2020-11,1
Middlesex Co Sheriffs Dept,2021-02,1
Middlesex Co Sheriffs Dept,2021-05,2
Middlesex Co Sheriffs Dept,2021-06,1
Middlesex Co Sheriffs Dept,2021-07,5
Middlesex Co Sheriffs Dept,2021-09,2
Middlesex Co Sheriffs Dept,2021-10,5
Middlesex Co Sheriffs Dept,2021-11,1
Middlesex Co Sheriffs Dept,2022-01,1
Middlesex Co Sheriffs Dept,2022-02,2
Middlesex Co Sheriffs Dept,2022-03,1
Middlesex Co Sheriffs Dept,2022-04,2
Middlesex Co Sheriffs Dept,2022-07,3
Middlesex Co Sheriffs Dept,2022-09,1
Middlesex Co Sheriffs Dept,2022-12,1
Middlesex Co Sheriffs Dept,2023-02,2
Middlesex Co Sheriffs Dept,2023-04,2
Middlesex Co Sheriffs Dept,2023-05,1
Middlesex Co Sheriffs Dept,2023-06,1
Middlesex Co Sheriffs Dept,2023-07,1
Middlesex Co Sheriffs Dept,2023-12,3
Middlesex Co Sheriffs Dept,2024-01,2
Middlesex Co Sheriffs Dept,2024-02,2
Middlesex Co Sheriffs Dept,2024-03,2
Middlesex Co Sheriffs Dept,2024-04,1
Middlesex Co Sheriffs Dept,2024-05,1
Middlesex Co Sheriffs Dept,2024-06,2
Middlesex Co Sheriffs Dept,2024-07,4
Middlesex Co Sheriffs Dept,2024-08,3
Middlesex Co Sheriffs Dept,2024-09,1
Middlesex Co Sheriffs Dept,2024-10,2
Middlesex Co Sheriffs Dept,2024-12,4
Middlesex Co Sheriffs Dept,2025-03,1
Middlesex Co Sheriffs Dept,2025-04,1
Middlesex Co Sheriffs Dept,2025-06,1
Middlesex Co Sheriffs Dept,2025-08,1
Middlesex Co Sheriffs Dept,2025-09,1
Middlesex Co Sheriffs Dept,2025-10,1
Middlesex Co Sheriffs Dept,2025-12,2
Middlesex Co Sheriffs Dept,2026-02,2
Middlesex Co Sheriffs Dept,2026-05,2
Middlesex Co Sheriffs Dept,2026-06,1
Middlesex Co Sheriffs Dept,2026-08,2
Middletown PD,2020-10,3
Middletown PD,2020-11,1
Middletown PD,2020-12,3
Middletown PD,2021-03,1
Middletown PD,2021-04,1
Middletown PD,2021-05,2
Middletown PD,2021-06,1
Middletown PD,2021-07,1
Middletown PD,2021-09,2
Middletown PD,2021-11,3
Middletown PD,2021-12,1
Middletown PD,2022-02,5
Middletown PD,2022-03,3
Middletown PD,2022-04,3
Middletown PD,2022-05,4
Middletown PD,2022-06,1
Middletown PD,2022-07,1
Middletown PD,2022-08,3
Middletown PD,2022-09,2
Middletown PD,2022-10,2
Middletown PD,2022-11,2
Middletown PD,2022-12,3
Middletown PD,2023-01,3
Middletown PD,2023-02,4
Middletown PD,2023-03,2
Middletown PD,2023-04,3
Middletown PD,2023-05,5
Middletown PD,2023-06,3
Middletown PD,2023-07,4
Middletown PD,2023-08,2
Middletown PD,2023-09,2
Middletown PD,2023-10,3
Middletown PD,2023-11,3
Middletown PD,2023-12,1
Middletown PD,2024-01,4
Middletown PD,2024-02,4
Middletown PD,2024-03,1
Middletown PD,2024-04,3
Middletown PD,2024-05,9
Middletown PD,2024-06,6
Middletown PD,2024-07,6
Middletown PD,2024-08,4
Middletown PD,2024-09,4
Middletown PD,2024-10,3
Middletown PD,2024-11,1
Middletown PD,2024-12,3
Middletown PD,2025-01,1
Middletown PD,2025-03,9
Middletown PD,2025-04,4
Middletown PD,2025-05,2
Middletown PD,2025-06,4
Middletown PD,2025-07,6
Middletown PD,2025-08,9
Middletown PD,2025-09,1
Middletown PD,2025-10,5
Middletown PD,2025-11,4
Middletown PD,2025-12,3
Middletown PD,2026-01,7
Middletown PD,2026-02,3
Middletown PD,2026-03,5
Middletown PD,2026-04,1
Middletown PD,2026-05,1
Middletown PD,2026-06,1
Middletown PD,2026-07,6
Middletown PD,2026-08,1
Midland Park PD,2020-10,1
Midland Park PD,2021-01,1
Midland Park PD,2021-07,1
Midland Park PD,2022-01,2
Midland Park PD,2022-04,1
Midland Park PD,2022-10,1
Midland Park PD,2023-01,1
Midland Park PD,2023-02,1
Midland Park PD,2023-07,1
Midland Park PD,2023-11,1
Midland Park PD,2024-04,1
Midland Park PD,2024-12,1
Midland Park PD,2025-03,1
Midland Park PD,2025-07,1
Midland Park PD,2025-12,1
Midland Park PD,2026-06,1
Midland Park PD,2026-07,1
Millburn PD,2020-11,1
Millburn PD,2020-12,1
Millburn PD,2021-02,1
Millburn PD,2021-04,2
Millburn PD,2021-07,1
Millburn PD,2021-09,2
Millburn PD,2021-10,2
Millburn PD,2021-12,2
Millburn PD,2022-02,1
Millburn PD,2022-03,1
Millburn PD,2022-05,3
Millburn PD,2022-07,2
Millburn PD,2022-08,4
Millburn PD,2022-10,2
Millburn PD,2022-11,1
Millburn PD,2022-12,3
Millburn PD,2023-01,2
Millburn PD,2023-02,1
Millburn PD,2023-03,2
Millburn PD,2023-06,2
Millburn PD,2023-09,1
Millburn PD,2023-10,1
Millburn PD,2023-11,1
Millburn PD,2023-12,1
Millburn PD,2024-01,2
Millburn PD,2024-02,2
Millburn PD,2024-03,1
Millburn PD,2024-05,2
Millburn PD,2024-06,1
Millburn PD,2024-09,2
Millburn PD,2024-10,2
Millburn PD,2024-12,3
Millburn PD,2025-01,3
Millburn PD,2025-02,2
Millburn PD,2025-04,1
Millburn PD,2025-05,2
Millburn PD,2025-07,1
Millburn PD,2025-09,1
Millburn PD,2025-11,1
Millburn PD,2026-02,1
Millburn PD,2026-03,3
Millburn PD,2026-06,1
Milltown PD,2020-10,1
Milltown PD,2020-12,2
Milltown PD,2021-06,1
Milltown PD,2021-07,1
Milltown PD,2021-11,1
Milltown PD,2022-01,2
Milltown PD,2022-09,1
Milltown PD,2023-10,2
Milltown PD,2024-06,2
Milltown PD,2025-04,3
Milltown PD,2025-06,2
Milltown PD,2025-09,1
Milltown PD,2026-06,1
Millville PD,2020-10,4
Millville PD,2020-11,2
Millville PD,2020-12,6
Millville PD,2021-01,11
Millville PD,2021-02,6
Millville PD,2021-03,2
Millville PD,2021-04,6
Millville PD,2021-05,6
Millville PD,2021-06,9
Millville PD,2021-07,4
Millville PD,2021-08,6
Millville PD,2021-09,13
Millville PD,2021-10,5
Millville PD,2021-11,5
Millville PD,2021-12,2
Millville PD,2022-01,4
Millville PD,2022-02,6
Millville PD,2022-03,3
Millville PD,2022-04,5
Millville PD,2022-05,5
Millville PD,2022-06,8
Millville PD,2022-07,9
Millville PD,2022-08,8
Millville PD,2022-09,10
Millville PD,2022-10,7
Millville PD,2022-11,5
Millville PD,2022-12,10
Millville PD,2023-01,7
Millville PD,2023-02,1
Millville PD,2023-03,2
Millville PD,2023-04,5
Millville PD,2023-05,4
Millville PD,2023-06,8
Millville PD,2023-07,6
Millville PD,2023-08,6
Millville PD,2023-09,6
Millville PD,2023-10,5
Millville PD,2023-11,3
Millville PD,2023-12,5
Millville PD,2024-01,2
Millville PD,2024-02,3
Millville PD,2024-03,2
Millville PD,2024-04,6
Millville PD,2024-05,10
Millville PD,2024-06,3
Millville PD,2024-07,5
Millville PD,2024-08,8
Millville PD,2024-09,4
Millville PD,2024-11,3
Millville PD,2024-12,5
Millville PD,2025-01,6
Millville PD,2025-02,5
Millville PD,2025-03,3
Millville PD,2025-04,7
Millville PD,2025-05,5
Millville PD,2025-06,4
Millville PD,2025-07,4
Millville PD,2025-08,2
Millville PD,2025-10,5
Millville PD,2025-11,3
Millville PD,2025-12,6
Millville PD,2026-01,4
Millville PD,2026-02,3
Millville PD,2026-03,4
Millville PD,2026-04,3
Millville PD,2026-05,4
Millville PD,2026-06,4
Millville PD,2026-07,8
Monmouth Beach PD,2021-04,1
Monmouth Beach PD,2021-07,1
Monmouth Beach PD,2021-12,1
Monmouth Beach PD,2022-03,1
Monmouth Beach PD,2023-10,1
Monmouth Beach PD,2024-03,2
Monmouth Beach PD,2025-01,1
Monmouth Beach PD,2025-07,1
Monmouth Beach PD,2025-08,2
Monmouth Beach PD,2025-11,1
Monmouth Beach PD,2026-06,1
Monmouth Co Corrections,2023-12,1
Monmouth Co Corrections,2024-02,1
Monmouth Co Corrections,2024-05,1
Monmouth Co Corrections,2025-06,1
Monmouth Co Corrections,2025-08,1
Monmouth Co Prosecutors Office,2020-10,1
Monmouth Co Prosecutors Office,2021-04,1
Monmouth Co Prosecutors Office,2021-11,1
Monmouth Co Prosecutors Office,2022-04,3
Monmouth Co Prosecutors Office,2022-08,1
Monmouth Co Prosecutors Office,2022-11,2
Monmouth Co Prosecutors Office,2023-01,2
Monmouth Co Prosecutors Office,2023-02,1
Monmouth Co Prosecutors Office,2023-08,1
Monmouth Co Prosecutors Office,2023-09,1
Monmouth Co Prosecutors Office,2023-10,2
Monmouth Co Prosecutors Office,2024-01,2
Monmouth Co Prosecutors Office,2024-03,1
Monmouth Co Prosecutors Office,2024-06,1
Monmouth Co Prosecutors Office,2024-12,2
Monmouth Co Prosecutors Office,2025-01,1
Monmouth Co Prosecutors Office,2025-02,4
Monmouth Co Prosecutors Office,2025-05,2
Monmouth Co Prosecutors Office,2025-09,3
Monmouth Co Prosecutors Office,2026-01,1
Monmouth Co Prosecutors Office,2026-03,1
Monmouth Co Prosecutors Office,2026-04,1
Monmouth Co Prosecutors Office,2026-08,1
Monmouth Co Sheriffs Dept,2020-10,1
Monmouth Co Sheriffs Dept,2020-11,1
Monmouth Co Sheriffs Dept,2021-05,2
Monmouth Co Sheriffs Dept,2021-07,2
Monmouth Co Sheriffs Dept,2021-08,1
Monmouth Co Sheriffs Dept,2021-09,2
Monmouth Co Sheriffs Dept,2022-01,1
Monmouth Co Sheriffs Dept,2022-02,1
Monmouth Co Sheriffs Dept,2022-07,2
Monmouth Co Sheriffs Dept,2022-10,1
Monmouth Co Sheriffs Dept,2022-11,1
Monmouth Co Sheriffs Dept,2022-12,1
Monmouth Co Sheriffs Dept,2023-01,1
Monmouth Co Sheriffs Dept,2023-02,1
Monmouth Co Sheriffs Dept,2023-05,1
Monmouth Co Sheriffs Dept,2023-06,1
Monmouth Co Sheriffs Dept,2023-07,2
Monmouth Co Sheriffs Dept,2023-09,1
Monmouth Co Sheriffs Dept,2023-11,1
Monmouth Co Sheriffs Dept,2023-12,1
Monmouth Co Sheriffs Dept,2024-02,1
Monmouth Co Sheriffs Dept,2024-03,2
Monmouth Co Sheriffs Dept,2024-04,1
Monmouth Co Sheriffs Dept,2024-05,1
Monmouth Co Sheriffs Dept,2024-06,2
Monmouth Co Sheriffs Dept,2024-07,2
Monmouth Co Sheriffs Dept,2024-08,3
Monmouth Co Sheriffs Dept,2024-10,2
Monmouth Co Sheriffs Dept,2024-12,3
Monmouth Co Sheriffs Dept,2025-01,6
Monmouth Co Sheriffs Dept,2025-02,2
Monmouth Co Sheriffs Dept,2025-03,1
Monmouth Co Sheriffs Dept,2025-04,2
Monmouth Co Sheriffs Dept,2025-05,1
Monmouth Co Sheriffs Dept,2025-06,2
Monmouth Co Sheriffs Dept,2025-07,1
Monmouth Co Sheriffs Dept,2025-08,4
Monmouth Co Sheriffs Dept,2025-09,1
Monmouth Co Sheriffs Dept,2025-10,1
Monmouth Co Sheriffs Dept,2025-11,1
Monmouth Co Sheriffs Dept,2025-12,2
Monmouth Co Sheriffs Dept,2026-02,1
Monmouth Co Sheriffs Dept,2026-03,6
Monmouth Co Sheriffs Dept,2026-04,1
Monmouth Co Sheriffs Dept,2026-05,3
Monmouth Co Sheriffs Dept,2026-06,4
Monmouth Co Sheriffs Dept,2026-07,5
Monmouth Co Sheriffs Dept,2026-08,1
Monmouth University PD,2025-11,1
Monroe Twp PD,2020-10,4
Monroe Twp PD,2020-11,2
Monroe Twp PD,2020-12,7
Monroe Twp PD,2021-01,4
Monroe Twp PD,2021-02,2
Monroe Twp PD,2021-03,3
Monroe Twp PD,2021-04,6
Monroe Twp PD,2021-05,3
Monroe Twp PD,2021-06,5
Monroe Twp PD,2021-07,1
Monroe Twp PD,2021-08,9
Monroe Twp PD,2021-09,4
Monroe Twp PD,2021-10,3
Monroe Twp PD,2021-11,5
Monroe Twp PD,2021-12,4
Monroe Twp PD,2022-01,1
Monroe Twp PD,2022-02,10
Monroe Twp PD,2022-03,3
Monroe Twp PD,2022-04,3
Monroe Twp PD,2022-05,7
Monroe Twp PD,2022-06,4
Monroe Twp PD,2022-07,2
Monroe Twp PD,2022-08,6
Monroe Twp PD,2022-09,3
Monroe Twp PD,2022-10,3
Monroe Twp PD,2022-11,3
Monroe Twp PD,2023-01,3
Monroe Twp PD,2023-02,2
Monroe Twp PD,2023-03,6
Monroe Twp PD,2023-04,9
Monroe Twp PD,2023-05,1
Monroe Twp PD,2023-08,3
Monroe Twp PD,2023-09,5
Monroe Twp PD,2023-10,2
Monroe Twp PD,2023-11,3
Monroe Twp PD,2023-12,3
Monroe Twp PD,2024-01,3
Monroe Twp PD,2024-02,1
Monroe Twp PD,2024-03,3
Monroe Twp PD,2024-04,6
Monroe Twp PD,2024-05,4
Monroe Twp PD,2024-06,2
Monroe Twp PD,2024-07,4
Monroe Twp PD,2024-08,3
Monroe Twp PD,2024-09,2
Monroe Twp PD,2024-10,2
Monroe Twp PD,2024-11,3
Monroe Twp PD,2024-12,3
Monroe Twp PD,2025-01,3
Monroe Twp PD,2025-02,3
Monroe Twp PD,2025-04,6
Monroe Twp PD,2025-05,4
Monroe Twp PD,2025-06,4
Monroe Twp PD,2025-07,3
Monroe Twp PD,2025-08,3
Monroe Twp PD,2025-09,6
Monroe Twp PD,2025-10,1
Monroe Twp PD,2025-11,5
Monroe Twp PD,2026-01,2
Monroe Twp PD,2026-02,1
Monroe Twp PD,2026-03,5
Monroe Twp PD,2026-04,4
Monroe Twp PD,2026-05,1
Monroe Twp PD,2026-06,4
Monroe Twp PD,2026-08,4
Montclair PD,2020-10,1
Montclair PD,2020-11,1
Montclair PD,2021-01,4
Montclair PD,2021-02,3
Montclair PD,2021-03,2
Montclair PD,2021-04,2
Montclair PD,2021-05,2
Montclair PD,2021-07,3
Montclair PD,2021-08,4
Montclair PD,2021-09,1
Montclair PD,2021-10,3
Montclair PD,2021-11,7
Montclair PD,2021-12,3
Montclair PD,2022-01,8
Montclair PD,2022-03,3
Montclair PD,2022-04,5
Montclair PD,2022-05,3
Montclair PD,2022-07,2
Montclair PD,2022-08,2
Montclair PD,2022-09,1
Montclair PD,2022-10,3
Montclair PD,2022-11,9
Montclair PD,2022-12,1
Montclair PD,2023-01,5
Montclair PD,2023-03,4
Montclair PD,2023-04,2
Montclair PD,2023-05,5
Montclair PD,2023-06,1
Montclair PD,2023-07,6
Montclair PD,2023-09,3
Montclair PD,2023-10,1
Montclair PD,2023-11,4
Montclair PD,2023-12,5
Montclair PD,2024-01,3
Montclair PD,2024-02,3
Montclair PD,2024-03,2
Montclair PD,2024-04,2
Montclair PD,2024-05,5
Montclair PD,2024-06,4
Montclair PD,2024-07,2
Montclair PD,2024-09,1
Montclair PD,2024-10,3
Montclair PD,2025-01,1
Montclair PD,2025-02,3
Montclair PD,2025-03,2
Montclair PD,2025-05,3
Montclair PD,2025-06,3
Montclair PD,2025-07,5
Montclair PD,2025-08,2
Montclair PD,2025-09,2
Montclair PD,2025-11,4
Montclair PD,2025-12,1
Montclair PD,2026-02,2
Montclair PD,2026-03,4
Montclair PD,2026-04,2
Montclair PD,2026-05,1
Montclair PD,2026-06,3
Montclair PD,2026-07,5
Montclair PD,2026-08,3
Montclair State College PD,2021-10,1
Montclair State College PD,2022-02,1
Montclair State College PD,2022-04,1
Montclair State College PD,2023-01,1
Montclair State College PD,2023-04,1
Montclair State College PD,2024-01,1
Montclair State College PD,2024-03,2
Montclair State College PD,2024-04,2
Montclair State College PD,2024-08,1
Montclair State College PD,2024-09,1
Montclair State College PD,2024-10,1
Montclair State College PD,2024-11,1
Montclair State College PD,2024-12,1
Montclair State College PD,2025-05,1
Montclair State College PD,2025-11,1
Montclair State College PD,2026-04,1
Montclair State College PD,2026-07,1
Montgomery Twp PD,2020-12,2
Montgomery Twp PD,2021-04,1
Montgomery Twp PD,2021-08,1
Montgomery Twp PD,2022-01,1
Montgomery Twp PD,2022-03,1
Montgomery Twp PD,2022-06,3
Montgomery Twp PD,2022-11,1
Montgomery Twp PD,2023-04,1
Montgomery Twp PD,2023-05,1
Montgomery Twp PD,2023-06,1
Montgomery Twp PD,2023-09,1
Montgomery Twp PD,2024-04,1
Montgomery Twp PD,2024-08,1
Montgomery Twp PD,2024-09,1
Montgomery Twp PD,2024-11,2
Montgomery Twp PD,2025-01,2
Montgomery Twp PD,2025-04,1
Montgomery Twp PD,2025-05,1
Montgomery Twp PD,2025-06,2
Montgomery Twp PD,2025-12,2
Montgomery Twp PD,2026-01,3
Montgomery Twp PD,2026-03,1
Montgomery Twp PD,2026-04,1
Montgomery Twp PD,2026-06,2
Montvale PD,2021-02,1
Montvale PD,2021-08,1
Montvale PD,2022-01,1
Montvale PD,2022-09,1
Montvale PD,2023-01,1
Montvale PD,2023-02,1
Montvale PD,2023-08,1
Montvale PD,2023-09,1
Montvale PD,2024-02,1
Montvale PD,2024-04,1
Montvale PD,2024-05,1
Montvale PD,2024-10,1
Montvale PD,2024-11,2
Montvale PD,2025-01,1
Montvale PD,2025-04,3
Montvale PD,2025-06,1
Montvale PD,2025-07,1
Montvale PD,2025-10,1
Montvale PD,2026-04,1
Montville Twp PD,2021-01,1
Montville Twp PD,2021-07,1
Montville Twp PD,2022-08,3
Montville Twp PD,2022-09,3
Montville Twp PD,2022-12,2
Montville Twp PD,2023-01,2
Montville Twp PD,2023-02,3
Montville Twp PD,2023-05,1
Montville Twp PD,2023-08,1
Montville Twp PD,2023-12,3
Montville Twp PD,2024-01,1
Montville Twp PD,2024-03,3
Montville Twp PD,2024-05,3
Montville Twp PD,2024-07,2
Montville Twp PD,2024-11,3
Montville Twp PD,2025-02,1
Montville Twp PD,2025-04,2
Montville Twp PD,2025-05,1
Montville Twp PD,2025-06,2
Montville Twp PD,2025-07,2
Montville Twp PD,2025-08,2
Montville Twp PD,2025-10,1
Montville Twp PD,2026-08,1
Moonachie PD,2021-03,1
Moonachie PD,2021-06,1
Moonachie PD,2021-07,2
Moonachie PD,2022-04,1
Moonachie PD,2022-06,1
Moonachie PD,2022-08,2
Moonachie PD,2023-07,1
Moonachie PD,2023-10,1
Moonachie PD,2024-07,2
Moonachie PD,2025-05,1
Moonachie PD,2025-07,1
Moonachie PD,2026-01,1
Moonachie PD,2026-07,1
Moorestown PD,2020-10,1
Moorestown PD,2021-03,1
Moorestown PD,2021-07,1
Moorestown PD,2021-08,1
Moorestown PD,2021-10,1
Moorestown PD,2021-12,1
Moorestown PD,2022-01,1
Moorestown PD,2022-06,2
Moorestown PD,2022-09,1
Moorestown PD,2022-10,1
Moorestown PD,2022-11,1
Moorestown PD,2023-02,1
Moorestown PD,2023-03,1
Moorestown PD,2023-09,1
Moorestown PD,2024-02,1
Moorestown PD,2024-08,1
Moorestown PD,2024-09,1
Moorestown PD,2024-10,1
Moorestown PD,2025-06,1
Moorestown PD,2025-08,1
Moorestown PD,2025-11,1
Moorestown PD,2026-03,1
Moorestown PD,2026-04,1
Moorestown PD,2026-08,1
Morris Co Corrections,2021-07,1
Morris Co Corrections,2024-02,1
Morris Co Corrections,2025-05,1
Morris Co Prosecutors Office,2021-01,1
Morris Co Prosecutors Office,2021-06,1
Morris Co Prosecutors Office,2022-04,1
Morris Co Prosecutors Office,2022-12,1
Morris Co Prosecutors Office,2023-09,1
Morris Co Prosecutors Office,2024-05,1
Morris Co Sheriffs Dept,2020-10,1
Morris Co Sheriffs Dept,2021-10,1
Morris Co Sheriffs Dept,2022-03,1
Morris Co Sheriffs Dept,2022-04,3
Morris Co Sheriffs Dept,2022-05,1
Morris Co Sheriffs Dept,2022-09,1
Morris Co Sheriffs Dept,2022-10,1
Morris Co Sheriffs Dept,2022-11,1
Morris Co Sheriffs Dept,2022-12,3
Morris Co Sheriffs Dept,2023-01,1
Morris Co Sheriffs Dept,2023-06,1
Morris Co Sheriffs Dept,2023-08,1
Morris Co Sheriffs Dept,2023-09,1
Morris Co Sheriffs Dept,2023-10,1
Morris Co Sheriffs Dept,2023-11,1
Morris Co Sheriffs Dept,2023-12,1
Morris Co Sheriffs Dept,2024-02,1
Morris Co Sheriffs Dept,2024-07,1
Morris Co Sheriffs Dept,2024-08,2
Morris Co Sheriffs Dept,2024-10,2
Morris Co Sheriffs Dept,2024-11,1
Morris Co Sheriffs Dept,2025-01,1
Morris Co Sheriffs Dept,2025-03,3
Morris Co Sheriffs Dept,2025-05,1
Morris Co Sheriffs Dept,2025-06,1
Morris Co Sheriffs Dept,2025-07,1
Morris Co Sheriffs Dept,2025-08,2
Morris Co Sheriffs Dept,2025-12,2
Morris Co Sheriffs Dept,2026-01,1
Morris Co Sheriffs Dept,2026-03,2
Morris Plains PD,2022-02,1
Morris Plains PD,2022-04,1
Morris Plains PD,2022-07,1
Morris Plains PD,2022-08,1
Morris Plains PD,2022-09,1
Morris Plains PD,2023-04,1
Morris Plains PD,2023-08,1
Morris Plains PD,2024-09,1
Morris Plains PD,2025-03,1
Morris Plains PD,2026-06,2
Morris Twp PD,2020-10,2
Morris Twp PD,2020-11,2
Morris Twp PD,2020-12,2
Morris Twp PD,2021-02,1
Morris Twp PD,2021-03,3
Morris Twp PD,2021-04,2
Morris Twp PD,2021-07,1
Morris Twp PD,2021-08,1
Morris Twp PD,2021-09,1
Morris Twp PD,2021-10,1
Morris Twp PD,2021-11,1
Morris Twp PD,2022-02,2
Morris Twp PD,2022-03,2
Morris Twp PD,2022-05,2
Morris Twp PD,2022-06,2
Morris Twp PD,2022-09,3
Morris Twp PD,2022-10,3
Morris Twp PD,2022-11,2
Morris Twp PD,2022-12,3
Morris Twp PD,2023-01,2
Morris Twp PD,2023-07,1
Morris Twp PD,2024-01,1
Morris Twp PD,2024-04,2
Morris Twp PD,2024-05,2
Morris Twp PD,2024-12,2
Morris Twp PD,2025-03,1
Morris Twp PD,2025-04,1
Morris Twp PD,2025-05,1
Morris Twp PD,2025-07,1
Morris Twp PD,2025-09,1
Morris Twp PD,2025-11,1
Morris Twp PD,2026-01,1
Morris Twp PD,2026-04,2
Morris Twp PD,2026-08,2
Morristown PD,2020-10,1
Morristown PD,2020-11,2
Morristown PD,2020-12,1
Morristown PD,2021-02,2
Morristown PD,2021-03,1
Morristown PD,2021-05,1
Morristown PD,2021-07,2
Morristown PD,2021-08,1
Morristown PD,2021-09,1
Morristown PD,2021-10,2
Morristown PD,2021-11,4
Morristown PD,2021-12,5
Morristown PD,2022-01,7
Morristown PD,2022-02,3
Morristown PD,2022-03,2
Morristown PD,2022-04,3
Morristown PD,2022-05,1
Morristown PD,2022-06,1
Morristown PD,2022-07,1
Morristown PD,2022-08,1
Morristown PD,2022-09,1
Morristown PD,2022-10,5
Morristown PD,2022-12,2
Morristown PD,2023-01,2
Morristown PD,2023-02,2
Morristown PD,2023-03,3
Morristown PD,2023-05,1
Morristown PD,2023-06,3
Morristown PD,2023-07,1
Morristown PD,2023-08,3
Morristown PD,2023-09,2
Morristown PD,2023-10,2
Morristown PD,2023-11,2
Morristown PD,2023-12,1
Morristown PD,2024-01,1
Morristown PD,2024-02,1
Morristown PD,2024-03,2
Morristown PD,2024-05,5
Morristown PD,2024-06,1
Morristown PD,2024-07,2
Morristown PD,2024-08,4
Morristown PD,2024-09,1
Morristown PD,2024-11,2
Morristown PD,2024-12,1
Morristown PD,2025-01,1
Morristown PD,2025-02,3
Morristown PD,2025-03,2
Morristown PD,2025-04,2
Morristown PD,2025-05,3
Morristown PD,2025-06,1
Morristown PD,2025-07,1
Morristown PD,2025-08,1
Morristown PD,2025-09,3
Morristown PD,2025-10,1
Morristown PD,2025-11,2
Morristown PD,2025-12,4
Morristown PD,2026-04,2
Morristown PD,2026-05,2
Morristown PD,2026-06,2
Morristown PD,2026-07,2
Mount Arlington Boro PD,2020-10,2
Mount Arlington Boro PD,2021-05,1
Mount Arlington Boro PD,2022-07,1
Mount Arlington Boro PD,2023-05,1
Mount Arlington Boro PD,2023-06,1
Mount Arlington Boro PD,2024-05,1
Mount Arlington Boro PD,2024-09,1
Mount Arlington Boro PD,2025-05,1
Mount Arlington Boro PD,2025-08,1
Mount Arlington Boro PD,2025-11,1
Mount Holly PD,2020-10,8
Mount Holly PD,2020-11,4
Mount Holly PD,2020-12,2
Mount Holly PD,2021-01,1
Mount Holly PD,2021-02,2
Mount Holly PD,2021-03,2
Mount Holly PD,2021-04,1
Mount Holly PD,2021-05,2
Mount Holly PD,2021-06,1
Mount Holly PD,2021-07,2
Mount Holly PD,2021-09,2
Mount Holly PD,2021-10,2
Mount Holly PD,2021-11,1
Mount Holly PD,2021-12,3
Mount Holly PD,2022-01,5
Mount Holly PD,2022-02,4
Mount Holly PD,2022-03,1
Mount Holly PD,2022-04,2
Mount Holly PD,2022-05,3
Mount Holly PD,2022-06,3
Mount Holly PD,2022-07,1
Mount Holly PD,2022-08,6
Mount Holly PD,2022-09,1
Mount Holly PD,2022-10,1
Mount Holly PD,2023-01,1
Mount Holly PD,2023-02,1
Mount Holly PD,2023-03,2
Mount Holly PD,2023-06,2
Mount Holly PD,2023-07,4
Mount Holly PD,2023-08,1
Mount Holly PD,2023-09,5
Mount Holly PD,2023-10,2
Mount Holly PD,2023-11,1
Mount Holly PD,2023-12,3
Mount Holly PD,2024-01,3
Mount Holly PD,2024-02,3
Mount Holly PD,2024-03,2
Mount Holly PD,2024-04,3
Mount Holly PD,2024-05,2
Mount Holly PD,2024-06,1
Mount Holly PD,2024-07,1
Mount Holly PD,2024-08,2
Mount Holly PD,2024-09,4
Mount Holly PD,2024-12,1
Mount Holly PD,2025-01,1
Mount Holly PD,2025-02,2
Mount Holly PD,2025-03,2
Mount Holly PD,2025-04,4
Mount Holly PD,2025-05,1
Mount Holly PD,2025-06,1
Mount Holly PD,2025-07,4
Mount Holly PD,2025-09,4
Mount Holly PD,2025-11,1
Mount Holly PD,2025-12,1
Mount Holly PD,2026-03,1
Mount Holly PD,2026-04,4
Mount Holly PD,2026-05,1
Mount Laurel Twp PD,2020-11,1
Mount Laurel Twp PD,2021-01,1
Mount Laurel Twp PD,2021-02,3
Mount Laurel Twp PD,2021-03,1
Mount Laurel Twp PD,2021-04,2
Mount Laurel Twp PD,2021-05,5
Mount Laurel Twp PD,2021-06,1
Mount Laurel Twp PD,2021-07,1
Mount Laurel Twp PD,2021-08,3
Mount Laurel Twp PD,2021-09,1
Mount Laurel Twp PD,2021-10,2
Mount Laurel Twp PD,2021-11,1
Mount Laurel Twp PD,2021-12,4
Mount Laurel Twp PD,2022-01,2
Mount Laurel Twp PD,2022-02,3
Mount Laurel Twp PD,2022-03,3
Mount Laurel Twp PD,2022-04,2
Mount Laurel Twp PD,2022-05,1
Mount Laurel Twp PD,2022-06,2
Mount Laurel Twp PD,2022-07,4
Mount Laurel Twp PD,2022-08,5
Mount Laurel Twp PD,2022-09,3
Mount Laurel Twp PD,2022-10,1
Mount Laurel Twp PD,2022-11,2
Mount Laurel Twp PD,2022-12,1
Mount Laurel Twp PD,2023-01,1
Mount Laurel Twp PD,2023-02,3
Mount Laurel Twp PD,2023-03,5
Mount Laurel Twp PD,2023-04,3
Mount Laurel Twp PD,2023-05,1
Mount Laurel Twp PD,2023-06,4
Mount Laurel Twp PD,2023-07,4
Mount Laurel Twp PD,2023-09,3
Mount Laurel Twp PD,2023-10,3
Mount Laurel Twp PD,2023-11,2
Mount Laurel Twp PD,2023-12,1
Mount Laurel Twp PD,2024-01,2
Mount Laurel Twp PD,2024-03,3
Mount Laurel Twp PD,2024-04,1
Mount Laurel Twp PD,2024-05,1
Mount Laurel Twp PD,2024-06,2
Mount Laurel Twp PD,2024-08,2
Mount Laurel Twp PD,2024-09,2
Mount Laurel Twp PD,2024-10,3
Mount Laurel Twp PD,2024-11,4
Mount Laurel Twp PD,2024-12,2
Mount Laurel Twp PD,2025-01,3
Mount Laurel Twp PD,2025-02,4
Mount Laurel Twp PD,2025-03,1
Mount Laurel Twp PD,2025-04,3
Mount Laurel Twp PD,2025-05,2
Mount Laurel Twp PD,2025-06,3
Mount Laurel Twp PD,2025-07,2
Mount Laurel Twp PD,2025-08,1
Mount Laurel Twp PD,2025-09,2
Mount Laurel Twp PD,2025-10,3
Mount Laurel Twp PD,2025-11,6
Mount Laurel Twp PD,2025-12,1
Mount Laurel Twp PD,2026-01,5
Mount Laurel Twp PD,2026-02,3
Mount Laurel Twp PD,2026-03,2
Mount Laurel Twp PD,2026-04,1
Mount Laurel Twp PD,2026-06,1
Mount Laurel Twp PD,2026-07,1
Mount Olive Twp PD,2020-12,4
Mount Olive Twp PD,2021-01,1
Mount Olive Twp PD,2021-02,1
Mount Olive Twp PD,2021-04,1
Mount Olive Twp PD,2021-07,1
Mount Olive Twp PD,2021-08,1
Mount Olive Twp PD,2021-10,2
Mount Olive Twp PD,2022-02,1
Mount Olive Twp PD,2022-05,1
Mount Olive Twp PD,2022-08,2
Mount Olive Twp PD,2022-09,2
Mount Olive Twp PD,2022-12,2
Mount Olive Twp PD,2023-05,1
Mount Olive Twp PD,2023-07,2
Mount Olive Twp PD,2023-09,1
Mount Olive Twp PD,2023-10,3
Mount Olive Twp PD,2024-03,3
Mount Olive Twp PD,2024-04,1
Mount Olive Twp PD,2024-05,1
Mount Olive Twp PD,2024-06,1
Mount Olive Twp PD,2024-07,4
Mount Olive Twp PD,2024-08,1
Mount Olive Twp PD,2024-10,1
Mount Olive Twp PD,2024-11,1
Mount Olive Twp PD,2025-05,1
Mount Olive Twp PD,2025-07,2
Mount Olive Twp PD,2025-08,1
Mount Olive Twp PD,2025-11,2
Mount Olive Twp PD,2026-01,1
Mount Olive Twp PD,2026-02,1
Mount Olive Twp PD,2026-04,2
Mount Olive Twp PD,2026-06,1
Mount Olive Twp PD,2026-07,1
Mountain Lakes PD,2021-03,2
Mountain Lakes PD,2021-07,1
Mountain Lakes PD,2022-07,1
Mountain Lakes PD,2022-11,1
Mountain Lakes PD,2022-12,1
Mountain Lakes PD,2023-01,1
Mountain Lakes PD,2023-03,2
Mountain Lakes PD,2023-06,1
Mountain Lakes PD,2023-08,1
Mountain Lakes PD,2024-02,1
Mountain Lakes PD,2025-03,1
Mountain Lakes PD,2025-09,2
Mountain Lakes PD,2026-01,1
Mountainside PD,2022-04,1
Mountainside PD,2022-06,1
Mountainside PD,2023-04,1
Mountainside PD,2023-05,1
Mountainside PD,2024-01,1
Mountainside PD,2024-02,1
Mountainside PD,2024-06,1
Mountainside PD,2024-10,1
Mountainside PD,2024-11,1
Mountainside PD,2025-11,2
Mt. Ephraim PD,2020-10,1
Mt. Ephraim PD,2020-11,1
Mt. Ephraim PD,2021-01,1
Mt. Ephraim PD,2021-02,2
Mt. Ephraim PD,2021-05,1
Mt. Ephraim PD,2021-06,1
Mt. Ephraim PD,2021-12,1
Mt. Ephraim PD,2022-05,1
Mt. Ephraim PD,2022-08,1
Mt. Ephraim PD,2022-09,1
Mt. Ephraim PD,2022-10,1
Mt. Ephraim PD,2023-02,1
Mt. Ephraim PD,2023-03,1
Mt. Ephraim PD,2023-04,2
Mt. Ephraim PD,2023-07,2
Mt. Ephraim PD,2023-08,1
Mt. Ephraim PD,2023-10,2
Mt. Ephraim PD,2023-11,1
Mt. Ephraim PD,2023-12,2
Mt. Ephraim PD,2024-01,2
Mt. Ephraim PD,2024-03,1
Mt. Ephraim PD,2024-04,1
Mt. Ephraim PD,2024-08,1
Mt. Ephraim PD,2024-09,1
Mt. Ephraim PD,2024-10,2
Mt. Ephraim PD,2025-03,3
Mt. Ephraim PD,2025-04,1
Mt. Ephraim PD,2025-06,1
Mt. Ephraim PD,2025-08,2
Mt. Ephraim PD,2025-12,1
Mt. Ephraim PD,2026-01,2
Mt. Ephraim PD,2026-04,1
Mt. Ephraim PD,2026-07,3
Mullica Twp PD,2021-02,1
Mullica Twp PD,2021-03,2
Mullica Twp PD,2021-04,2
Mullica Twp PD,2021-05,1
Mullica Twp PD,2021-06,1
Mullica Twp PD,2021-07,2
Mullica Twp PD,2022-01,1
Mullica Twp PD,2022-07,2
Mullica Twp PD,2022-09,1
Mullica Twp PD,2022-11,1
Mullica Twp PD,2023-02,2
Mullica Twp PD,2023-06,3
Mullica Twp PD,2023-08,2
Mullica Twp PD,2023-10,1
Mullica Twp PD,2024-05,2
Mullica Twp PD,2024-07,2
Mullica Twp PD,2025-02,3
Mullica Twp PD,2025-05,3
Mullica Twp PD,2025-06,2
Mullica Twp PD,2025-07,1
Mullica Twp PD,2025-08,2
Mullica Twp PD,2025-10,2
Mullica Twp PD,2026-02,2
Mullica Twp PD,2026-07,1
NJ Juvenile Justice Commission,2023-03,1
NJ Juvenile Justice Commission,2026-03,2
NJ State Human Services,2020-11,3
NJ State Human Services,2020-12,1
NJ State Human Services,2021-04,2
NJ State Human Services,2021-07,2
NJ State Human Services,2021-08,3
NJ State Human Services,2021-09,5
NJ State Human Services,2021-10,1
NJ State Human Services,2022-01,1
NJ State Human Services,2022-04,2
NJ State Human Services,2022-05,1
NJ State Human Services,2022-06,1
NJ State Human Services,2022-07,2
NJ State Human Services,2022-08,1
NJ State Human Services,2022-09,3
NJ State Human Services,2022-10,5
NJ State Human Services,2022-11,1
NJ State Human Services,2022-12,1
NJ State Human Services,2023-04,2
NJ State Human Services,2023-05,2
NJ State Human Services,2023-06,2
NJ State Human Services,2023-07,2
NJ State Human Services,2023-09,3
NJ State Human Services,2023-10,5
NJ State Human Services,2023-11,1
NJ State Human Services,2023-12,1
NJ State Human Services,2024-03,4
NJ State Human Services,2024-04,2
NJ State Human Services,2024-05,9
NJ State Human Services,2024-06,4
NJ State Human Services,2024-07,6
NJ State Human Services,2024-08,1
NJ State Human Services,2024-09,4
NJ State Human Services,2024-10,2
NJ State Human Services,2024-11,3
NJ State Human Services,2025-02,1
NJ State Human Services,2025-05,2
NJ State Human Services,2025-07,1
NJ State Human Services,2025-08,2
NJ State Human Services,2025-09,1
NJ State Human Services,2025-11,1
NJ State Human Services,2025-12,2
NJ State Human Services,2026-03,5
NJ State Human Services,2026-04,1
NJ State Human Services,2026-05,1
NJ State Human Services,2026-06,3
NJ State Human Services,2026-08,3
Neptune City PD,2020-11,2
Neptune City PD,2020-12,1
Neptune City PD,2021-03,1
Neptune City PD,2021-05,1
Neptune City PD,2021-06,2
Neptune City PD,2021-07,1
Neptune City PD,2021-08,3
Neptune City PD,2021-10,1
Neptune City PD,2022-01,1
Neptune City PD,2022-02,2
Neptune City PD,2022-03,1
Neptune City PD,2022-05,3
Neptune City PD,2022-10,1
Neptune City PD,2022-11,1
Neptune City PD,2023-03,1
Neptune City PD,2023-06,2
Neptune City PD,2023-07,1
Neptune City PD,2023-08,3
Neptune City PD,2023-10,1
Neptune City PD,2023-11,2
Neptune City PD,2023-12,1
Neptune City PD,2024-04,1
Neptune City PD,2024-05,1
Neptune City PD,2024-09,1
Neptune City PD,2024-10,1
Neptune City PD,2025-03,1
Neptune City PD,2025-04,2
Neptune City PD,2025-06,2
Neptune City PD,2025-08,1
Neptune City PD,2025-09,1
Neptune City PD,2025-11,1
Neptune City PD,2026-07,2
Neptune City PD,2026-08,1
Neptune Twp PD,2020-10,5
Neptune Twp PD,2020-11,7
Neptune Twp PD,2020-12,11
Neptune Twp PD,2021-01,1
Neptune Twp PD,2021-02,2
Neptune Twp PD,2021-03,4
Neptune Twp PD,2021-04,2
Neptune Twp PD,2021-05,8
Neptune Twp PD,2021-06,9
Neptune Twp PD,2021-07,6
Neptune Twp PD,2021-08,3
Neptune Twp PD,2021-09,4
Neptune Twp PD,2021-10,5
Neptune Twp PD,2021-11,4
Neptune Twp PD,2021-12,4
Neptune Twp PD,2022-01,4
Neptune Twp PD,2022-02,5
Neptune Twp PD,2022-03,7
Neptune Twp PD,2022-04,1
Neptune Twp PD,2022-05,7
Neptune Twp PD,2022-06,5
Neptune Twp PD,2022-07,7
Neptune Twp PD,2022-08,2
Neptune Twp PD,2022-09,6
Neptune Twp PD,2022-10,10
Neptune Twp PD,2022-11,14
Neptune Twp PD,2022-12,7
Neptune Twp PD,2023-01,10
Neptune Twp PD,2023-02,7
Neptune Twp PD,2023-03,10
Neptune Twp PD,2023-04,6
Neptune Twp PD,2023-05,11
Neptune Twp PD,2023-06,16
Neptune Twp PD,2023-07,7
Neptune Twp PD,2023-08,13
Neptune Twp PD,2023-09,5
Neptune Twp PD,2023-10,12
Neptune Twp PD,2023-11,7
Neptune Twp PD,2023-12,7
Neptune Twp PD,2024-01,9
Neptune Twp PD,2024-02,4
Neptune Twp PD,2024-03,9
Neptune Twp PD,2024-04,6
Neptune Twp PD,2024-05,3
Neptune Twp PD,2024-06,7
Neptune Twp PD,2024-07,3
Neptune Twp PD,2024-08,9
Neptune Twp PD,2024-09,8
Neptune Twp PD,2024-10,7
Neptune Twp PD,2024-11,3
Neptune Twp PD,2024-12,4
Neptune Twp PD,2025-01,8
Neptune Twp PD,2025-02,11
Neptune Twp PD,2025-03,7
Neptune Twp PD,2025-04,11
Neptune Twp PD,2025-05,9
Neptune Twp PD,2025-06,8
Neptune Twp PD,2025-07,4
Neptune Twp PD,2025-08,9
Neptune Twp PD,2025-09,2
Neptune Twp PD,2025-10,3
Neptune Twp PD,2025-11,7
Neptune Twp PD,2025-12,5
Neptune Twp PD,2026-01,6
Neptune Twp PD,2026-02,5
Neptune Twp PD,2026-03,9
Neptune Twp PD,2026-04,10
Neptune Twp PD,2026-05,11
Neptune Twp PD,2026-06,6
Neptune Twp PD,2026-07,3
Neptune Twp PD,2026-08,7
Netcong Boro PD,2021-04,1
Netcong Boro PD,2021-05,1
Netcong Boro PD,2021-08,2
Netcong Boro PD,2022-10,1
Netcong Boro PD,2023-04,1
Netcong Boro PD,2024-03,1
Netcong Boro PD,2024-04,1
Netcong Boro PD,2024-05,2
Netcong Boro PD,2024-06,1
Netcong Boro PD,2024-08,1
Netcong Boro PD,2024-09,2
Netcong Boro PD,2025-02,1
Netcong Boro PD,2025-03,1
New Brunswick PD,2020-10,8
New Brunswick PD,2020-11,5
New Brunswick PD,2020-12,1
New Brunswick PD,2021-01,1
New Brunswick PD,2021-02,3
New Brunswick PD,2021-03,4
New Brunswick PD,2021-04,5
New Brunswick PD,2021-05,4
New Brunswick PD,2021-06,7
New Brunswick PD,2021-07,6
New Brunswick PD,2021-08,5
New Brunswick PD,2021-09,5
New Brunswick PD,2021-10,2
New Brunswick PD,2021-11,2
New Brunswick PD,2021-12,3
New Brunswick PD,2022-01,6
New Brunswick PD,2022-02,4
New Brunswick PD,2022-03,4
New Brunswick PD,2022-04,4
New Brunswick PD,2022-05,4
New Brunswick PD,2022-06,11
New Brunswick PD,2022-07,9
New Brunswick PD,2022-08,5
New Brunswick PD,2022-09,5
New Brunswick PD,2022-10,4
New Brunswick PD,2022-11,6
New Brunswick PD,2022-12,5
New Brunswick PD,2023-01,7
New Brunswick PD,2023-02,3
New Brunswick PD,2023-03,7
New Brunswick PD,2023-04,5
New Brunswick PD,2023-05,4
New Brunswick PD,2023-06,6
New Brunswick PD,2023-07,9
New Brunswick PD,2023-08,8
New Brunswick PD,2023-09,2
New Brunswick PD,2023-10,1
New Brunswick PD,2023-11,2
New Brunswick PD,2023-12,6
New Brunswick PD,2024-01,4
New Brunswick PD,2024-02,5
New Brunswick PD,2024-03,7
New Brunswick PD,2024-04,4
New Brunswick PD,2024-05,6
New Brunswick PD,2024-06,7
New Brunswick PD,2024-07,7
New Brunswick PD,2024-08,4
New Brunswick PD,2024-09,5
New Brunswick PD,2024-10,6
New Brunswick PD,2024-11,8
New Brunswick PD,2024-12,3
New Brunswick PD,2025-01,5
New Brunswick PD,2025-02,7
New Brunswick PD,2025-03,8
New Brunswick PD,2025-04,5
New Brunswick PD,2025-05,3
New Brunswick PD,2025-06,8
New Brunswick PD,2025-07,6
New Brunswick PD,2025-08,5
New Brunswick PD,2025-09,6
New Brunswick PD,2025-10,8
New Brunswick PD,2025-11,9
New Brunswick PD,2025-12,5
New Brunswick PD,2026-01,4
New Brunswick PD,2026-02,3
New Brunswick PD,2026-03,3
New Brunswick PD,2026-04,6
New Brunswick PD,2026-05,10
New Brunswick PD,2026-06,8
New Brunswick PD,2026-07,4
New Brunswick PD,2026-08,4
New Hanover Twp PD,2021-07,1
New Hanover Twp PD,2022-06,1
New Hanover Twp PD,2022-09,1
New Hanover Twp PD,2023-09,1
New Hanover Twp PD,2025-05,1
New Hanover Twp PD,2025-07,2
New Hanover Twp PD,2025-08,1
New Jersey Institute Of Technology,2020-10,2
New Jersey Institute Of Technology,2021-06,1
New Jersey Institute Of Technology,2021-11,1
New Jersey Institute Of Technology,2022-12,1
New Jersey Institute Of Technology,2023-01,1
New Jersey Institute Of Technology,2023-05,2
New Jersey Institute Of Technology,2023-06,2
New Jersey Institute Of Technology,2023-09,2
New Jersey Institute Of Technology,2023-10,1
New Jersey Institute Of Technology,2024-02,1
New Jersey Institute Of Technology,2024-07,2
New Jersey Institute Of Technology,2024-11,2
New Jersey Institute Of Technology,2025-02,4
New Jersey Institute Of Technology,2025-07,2
New Jersey Institute Of Technology,2025-08,1
New Jersey Institute Of Technology,2025-11,4
New Jersey Institute Of Technology,2025-12,2
New Jersey Institute Of Technology,2026-02,2
New Jersey Institute Of Technology,2026-04,4
New Jersey Transit Police,2020-10,19
New Jersey Transit Police,2020-11,21
New Jersey Transit Police,2020-12,16
New Jersey Transit Police,2021-01,14
New Jersey Transit Police,2021-02,19
New Jersey Transit Police,2021-03,25
New Jersey Transit Police,2021-04,18
New Jersey Transit Police,2021-05,19
New Jersey Transit Police,2021-06,19
New Jersey Transit Police,2021-07,12
New Jersey Transit Police,2021-08,32
New Jersey Transit Police,2021-09,21
New Jersey Transit Police,2021-10,18
New Jersey Transit Police,2021-11,27
New Jersey Transit Police,2021-12,26
New Jersey Transit Police,2022-01,26
New Jersey Transit Police,2022-02,20
New Jersey Transit Police,2022-03,24
New Jersey Transit Police,2022-04,33
New Jersey Transit Police,2022-05,18
New Jersey Transit Police,2022-06,22
New Jersey Transit Police,2022-07,13
New Jersey Transit Police,2022-08,22
New Jersey Transit Police,2022-09,14
New Jersey Transit Police,2022-10,28
New Jersey Transit Police,2022-11,23
New Jersey Transit Police,2022-12,30
New Jersey Transit Police,2023-01,36
New Jersey Transit Police,2023-02,23
New Jersey Transit Police,2023-03,32
New Jersey Transit Police,2023-04,27
New Jersey Transit Police,2023-05,34
New Jersey Transit Police,2023-06,16
New Jersey Transit Police,2023-07,17
New Jersey Transit Police,2023-08,29
New Jersey Transit Police,2023-09,23
New Jersey Transit Police,2023-10,29
New Jersey Transit Police,2023-11,28
New Jersey Transit Police,2023-12,38
New Jersey Transit Police,2024-01,28
New Jersey Transit Police,2024-02,26
New Jersey Transit Police,2024-03,37
New Jersey Transit Police,2024-04,28
New Jersey Transit Police,2024-05,25
New Jersey Transit Police,2024-06,20
New Jersey Transit Police,2024-07,22
New Jersey Transit Police,2024-08,21
New Jersey Transit Police,2024-09,27
New Jersey Transit Police,2024-10,20
New Jersey Transit Police,2024-11,28
New Jersey Transit Police,2024-12,37
New Jersey Transit Police,2025-01,40
New Jersey Transit Police,2025-02,33
New Jersey Transit Police,2025-03,37
New Jersey Transit Police,2025-04,22
New Jersey Transit Police,2025-05,21
New Jersey Transit Police,2025-06,30
New Jersey Transit Police,2025-07,21
New Jersey Transit Police,2025-08,30
New Jersey Transit Police,2025-09,25
New Jersey Transit Police,2025-10,22
New Jersey Transit Police,2025-11,27
New Jersey Transit Police,2025-12,35
New Jersey Transit Police,2026-01,34
New Jersey Transit Police,2026-02,33
New Jersey Transit Police,2026-03,24
New Jersey Transit Police,2026-04,26
New Jersey Transit Police,2026-05,22
New Jersey Transit Police,2026-06,26
New Jersey Transit Police,2026-07,29
New Jersey Transit Police,2026-08,30
New Milford PD,2020-10,2
New Milford PD,2020-11,1
New Milford PD,2020-12,4
New Milford PD,2021-03,1
New Milford PD,2021-04,4
New Milford PD,2021-05,2
New Milford PD,2021-06,2
New Milford PD,2021-07,3
New Milford PD,2021-09,4
New Milford PD,2021-10,1
New Milford PD,2022-04,1
New Milford PD,2022-06,1
New Milford PD,2022-07,1
New Milford PD,2022-08,1
New Milford PD,2022-11,1
New Milford PD,2023-02,1
New Milford PD,2023-12,1
New Milford PD,2024-04,1
New Milford PD,2024-05,1
New Milford PD,2024-07,3
New Milford PD,2024-08,1
New Milford PD,2024-11,2
New Milford PD,2025-01,2
New Milford PD,2025-02,1
New Milford PD,2025-03,2
New Milford PD,2025-05,1
New Milford PD,2025-06,1
New Milford PD,2025-07,2
New Milford PD,2025-08,1
New Milford PD,2025-09,5
New Milford PD,2025-10,2
New Milford PD,2025-11,1
New Milford PD,2025-12,3
New Milford PD,2026-03,2
New Providence PD,2020-11,1
New Providence PD,2021-06,3
New Providence PD,2021-08,1
New Providence PD,2021-11,2
New Providence PD,2021-12,2
New Providence PD,2022-10,2
New Providence PD,2022-12,3
New Providence PD,2023-03,2
New Providence PD,2023-04,1
New Providence PD,2023-05,2
New Providence PD,2023-09,1
New Providence PD,2023-10,1
New Providence PD,2024-07,1
New Providence PD,2025-02,1
New Providence PD,2025-05,2
New Providence PD,2025-07,1
New Providence PD,2025-08,1
New Providence PD,2025-09,1
New Providence PD,2025-10,1
New Providence PD,2025-12,1
New Providence PD,2026-04,1
New Providence PD,2026-06,1
New Providence PD,2026-07,1
Newark PD,2020-10,69
Newark PD,2020-11,64
Newark PD,2020-12,63
Newark PD,2021-01,69
Newark PD,2021-02,39
Newark PD,2021-03,58
Newark PD,2021-04,69
Newark PD,2021-05,56
Newark PD,2021-06,59
Newark PD,2021-07,45
Newark PD,2021-08,34
Newark PD,2021-09,39
Newark PD,2021-10,37
Newark PD,2021-11,33
Newark PD,2021-12,31
Newark PD,2022-01,21
Newark PD,2022-02,31
Newark PD,2022-03,52
Newark PD,2022-04,51
Newark PD,2022-05,52
Newark PD,2022-06,41
Newark PD,2022-07,52
Newark PD,2022-08,48
Newark PD,2022-09,55
Newark PD,2022-10,37
Newark PD,2022-11,37
Newark PD,2022-12,41
Newark PD,2023-01,40
Newark PD,2023-02,37
Newark PD,2023-03,52
Newark PD,2023-04,60
Newark PD,2023-05,59
Newark PD,2023-06,56
Newark PD,2023-07,63
Newark PD,2023-08,42
Newark PD,2023-09,50
Newark PD,2023-10,49
Newark PD,2023-11,51
Newark PD,2023-12,63
Newark PD,2024-01,49
Newark PD,2024-02,55
Newark PD,2024-03,56
Newark PD,2024-04,47
Newark PD,2024-05,51
Newark PD,2024-06,46
Newark PD,2024-07,60
Newark PD,2024-08,43
Newark PD,2024-09,48
Newark PD,2024-10,41
Newark PD,2024-11,64
Newark PD,2024-12,47
Newark PD,2025-01,27
Newark PD,2025-02,41
Newark PD,2025-03,36
Newark PD,2025-04,64
Newark PD,2025-05,52
Newark PD,2025-06,53
Newark PD,2025-07,63
Newark PD,2025-08,43
Newark PD,2025-09,46
Newark PD,2025-10,36
Newark PD,2025-11,56
Newark PD,2025-12,37
Newark PD,2026-01,51
Newark PD,2026-02,47
Newark PD,2026-03,60
Newark PD,2026-04,48
Newark PD,2026-05,64
Newark PD,2026-06,48
Newark PD,2026-07,58
Newark PD,2026-08,57
Newton PD,2020-10,1
Newton PD,2020-11,1
Newton PD,2020-12,3
Newton PD,2021-01,4
Newton PD,2021-06,2
Newton PD,2021-07,3
Newton PD,2021-08,2
Newton PD,2021-12,2
Newton PD,2022-01,2
Newton PD,2022-02,2
Newton PD,2022-03,2
Newton PD,2022-04,2
Newton PD,2022-09,2
Newton PD,2022-10,4
Newton PD,2023-04,1
Newton PD,2023-07,2
Newton PD,2023-12,1
Newton PD,2024-04,1
Newton PD,2024-06,2
Newton PD,2024-07,2
Newton PD,2024-10,1
Newton PD,2024-12,1
Newton PD,2025-06,1
Newton PD,2025-12,1
Newton PD,2026-07,1
North Arlington PD,2021-04,1
North Arlington PD,2021-06,1
North Arlington PD,2021-10,3
North Arlington PD,2022-01,2
North Arlington PD,2022-04,2
North Arlington PD,2022-05,1
North Arlington PD,2022-07,1
North Arlington PD,2022-12,1
North Arlington PD,2023-01,2
North Arlington PD,2023-04,1
North Arlington PD,2024-01,2
North Arlington PD,2024-05,1
North Arlington PD,2024-08,2
North Arlington PD,2024-12,1
North Arlington PD,2025-03,1
North Arlington PD,2025-06,2
North Arlington PD,2025-07,2
North Arlington PD,2025-08,1
North Arlington PD,2025-10,1
North Arlington PD,2025-11,1
North Arlington PD,2025-12,1
North Arlington PD,2026-01,3
North Arlington PD,2026-02,2
North Arlington PD,2026-03,3
North Arlington PD,2026-04,3
North Arlington PD,2026-06,1
North Bergen PD,2020-10,2
North Bergen PD,2020-11,1
North Bergen PD,2021-02,2
North Bergen PD,2021-03,3
North Bergen PD,2021-04,1
North Bergen PD,2021-06,1
North Bergen PD,2021-07,3
North Bergen PD,2021-08,3
North Bergen PD,2021-09,2
North Bergen PD,2021-10,2
North Bergen PD,2021-11,3
North Bergen PD,2021-12,2
North Bergen PD,2022-01,3
North Bergen PD,2022-02,2
North Bergen PD,2022-03,5
North Bergen PD,2022-04,1
North Bergen PD,2022-05,2
North Bergen PD,2022-06,1
North Bergen PD,2022-07,2
North Bergen PD,2022-09,2
North Bergen PD,2022-10,2
North Bergen PD,2022-11,3
North Bergen PD,2022-12,1
North Bergen PD,2023-01,3
North Bergen PD,2023-02,1
North Bergen PD,2023-03,2
North Bergen PD,2023-04,1
North Bergen PD,2023-05,1
North Bergen PD,2023-06,2
North Bergen PD,2023-07,3
North Bergen PD,2023-08,4
North Bergen PD,2023-09,1
North Bergen PD,2023-10,3
North Bergen PD,2023-12,4
North Bergen PD,2024-01,1
North Bergen PD,2024-04,2
North Bergen PD,2024-05,1
North Bergen PD,2024-06,1
North Bergen PD,2024-10,5
North Bergen PD,2024-11,2
North Bergen PD,2024-12,3
North Bergen PD,2025-03,7
North Bergen PD,2025-04,1
North Bergen PD,2025-05,2
North Bergen PD,2025-06,1
North Bergen PD,2025-07,1
North Bergen PD,2025-08,1
North Bergen PD,2025-09,2
North Bergen PD,2025-10,1
North Bergen PD,2025-12,2
North Bergen PD,2026-01,2
North Bergen PD,2026-03,2
North Bergen PD,2026-06,4
North Bergen PD,2026-07,6
North Bergen PD,2026-08,2
North Brunswick PD,2020-11,4
North Brunswick PD,2020-12,2
North Brunswick PD,2021-01,1
North Brunswick PD,2021-02,1
North Brunswick PD,2021-03,1
North Brunswick PD,2021-04,3
North Brunswick PD,2021-06,3
North Brunswick PD,2021-07,2
North Brunswick PD,2021-08,1
North Brunswick PD,2021-09,2
North Brunswick PD,2021-10,1
North Brunswick PD,2021-11,1
North Brunswick PD,2022-01,3
North Brunswick PD,2022-04,3
North Brunswick PD,2022-05,1
North Brunswick PD,2022-06,3
North Brunswick PD,2022-07,1
North Brunswick PD,2022-08,3
North Brunswick PD,2022-09,1
North Brunswick PD,2022-10,5
North Brunswick PD,2022-11,2
North Brunswick PD,2022-12,2
North Brunswick PD,2023-01,3
North Brunswick PD,2023-02,2
North Brunswick PD,2023-03,3
North Brunswick PD,2023-04,2
North Brunswick PD,2023-05,3
North Brunswick PD,2023-06,6
North Brunswick PD,2023-07,2
North Brunswick PD,2023-08,4
North Brunswick PD,2023-10,3
North Brunswick PD,2023-12,1
North Brunswick PD,2024-01,4
North Brunswick PD,2024-02,2
North Brunswick PD,2024-03,1
North Brunswick PD,2024-04,4
North Brunswick PD,2024-05,2
North Brunswick PD,2024-06,3
North Brunswick PD,2024-07,1
North Brunswick PD,2024-08,2
North Brunswick PD,2024-09,2
North Brunswick PD,2024-12,3
North Brunswick PD,2025-01,2
North Brunswick PD,2025-02,3
North Brunswick PD,2025-03,7
North Brunswick PD,2025-04,4
North Brunswick PD,2025-05,3
North Brunswick PD,2025-06,5
North Brunswick PD,2025-07,1
North Brunswick PD,2025-09,4
North Brunswick PD,2025-10,1
North Brunswick PD,2025-11,2
North Brunswick PD,2025-12,4
North Brunswick PD,2026-01,2
North Brunswick PD,2026-02,1
North Brunswick PD,2026-03,4
North Brunswick PD,2026-04,3
North Brunswick PD,2026-05,3
North Brunswick PD,2026-06,5
North Brunswick PD,2026-07,1
North Brunswick PD,2026-08,1
North Caldwell PD,2021-12,1
North Caldwell PD,2022-07,1
North Caldwell PD,2023-01,1
North Caldwell PD,2023-04,1
North Caldwell PD,2024-03,3
North Caldwell PD,2024-10,1
North Caldwell PD,2025-02,1
North Caldwell PD,2026-03,1
North Haledon PD,2022-01,1
North Haledon PD,2022-04,1
North Haledon PD,2022-07,1
North Haledon PD,2022-10,1
North Haledon PD,2022-12,1
North Haledon PD,2023-01,1
North Haledon PD,2023-03,1
North Haledon PD,2023-06,1
North Haledon PD,2023-07,1
North Haledon PD,2023-12,1
North Haledon PD,2024-04,1
North Haledon PD,2024-12,1
North Haledon PD,2025-06,1
North Haledon PD,2025-10,2
North Haledon PD,2026-01,2
North Haledon PD,2026-02,1
North Haledon PD,2026-03,2
North Haledon PD,2026-04,1
North Haledon PD,2026-05,1
North Hanover Twp PD,2020-10,1
North Hanover Twp PD,2020-12,1
North Hanover Twp PD,2021-09,1
North Hanover Twp PD,2021-10,1
North Hanover Twp PD,2021-12,1
North Hanover Twp PD,2022-02,1
North Hanover Twp PD,2022-05,1
North Hanover Twp PD,2023-04,1
North Hanover Twp PD,2023-11,1
North Hanover Twp PD,2023-12,2
North Hanover Twp PD,2024-01,1
North Hanover Twp PD,2024-06,1
North Hanover Twp PD,2025-01,2
North Hanover Twp PD,2025-03,2
North Hanover Twp PD,2025-07,1
North Hanover Twp PD,2025-08,1
North Hanover Twp PD,2026-05,1
North Hanover Twp PD,2026-06,2
North Plainfield PD,2020-11,4
North Plainfield PD,2020-12,3
North Plainfield PD,2021-04,4
North Plainfield PD,2021-05,4
North Plainfield PD,2021-06,1
North Plainfield PD,2021-07,5
North Plainfield PD,2021-08,1
North Plainfield PD,2021-09,2
North Plainfield PD,2021-10,6
North Plainfield PD,2021-11,2
North Plainfield PD,2021-12,3
North Plainfield PD,2022-01,1
North Plainfield PD,2022-03,3
North Plainfield PD,2022-04,2
North Plainfield PD,2022-05,2
North Plainfield PD,2022-07,1
North Plainfield PD,2022-08,2
North Plainfield PD,2022-09,1
North Plainfield PD,2022-10,2
North Plainfield PD,2023-01,3
North Plainfield PD,2023-02,2
North Plainfield PD,2023-06,1
North Plainfield PD,2023-07,2
North Plainfield PD,2023-10,1
North Plainfield PD,2023-11,1
North Plainfield PD,2023-12,5
North Plainfield PD,2024-01,5
North Plainfield PD,2024-03,7
North Plainfield PD,2024-05,3
North Plainfield PD,2024-06,4
North Plainfield PD,2024-07,4
North Plainfield PD,2024-09,2
North Plainfield PD,2024-10,5
North Plainfield PD,2025-04,1
North Plainfield PD,2025-05,1
North Plainfield PD,2025-07,1
North Plainfield PD,2025-09,2
North Plainfield PD,2025-10,4
North Plainfield PD,2025-12,1
North Plainfield PD,2026-01,1
North Plainfield PD,2026-02,2
North Plainfield PD,2026-04,1
North Plainfield PD,2026-05,3
North Plainfield PD,2026-07,3
North Plainfield PD,2026-08,3
North Wildwood City PD,2020-10,2
North Wildwood City PD,2020-12,1
North Wildwood City PD,2021-03,1
North Wildwood City PD,2021-04,1
North Wildwood City PD,2021-05,10
North Wildwood City PD,2021-06,3
North Wildwood City PD,2021-07,9
North Wildwood City PD,2021-08,6
North Wildwood City PD,2021-09,5
North Wildwood City PD,2021-11,1
North Wildwood City PD,2022-01,2
North Wildwood City PD,2022-02,1
North Wildwood City PD,2022-03,1
North Wildwood City PD,2022-05,2
North Wildwood City PD,2022-06,1
North Wildwood City PD,2022-07,9
North Wildwood City PD,2022-08,7
North Wildwood City PD,2022-09,4
North Wildwood City PD,2022-11,1
North Wildwood City PD,2023-05,2
North Wildwood City PD,2023-06,2
North Wildwood City PD,2023-07,3
North Wildwood City PD,2023-08,6
North Wildwood City PD,2023-09,5
North Wildwood City PD,2023-10,1
North Wildwood City PD,2024-02,1
North Wildwood City PD,2024-05,4
North Wildwood City PD,2024-06,2
North Wildwood City PD,2024-07,3
North Wildwood City PD,2024-08,2
North Wildwood City PD,2024-09,2
North Wildwood City PD,2024-10,2
North Wildwood City PD,2025-05,9
North Wildwood City PD,2025-06,1
North Wildwood City PD,2025-07,6
North Wildwood City PD,2025-08,1
North Wildwood City PD,2026-03,1
North Wildwood City PD,2026-05,4
North Wildwood City PD,2026-06,2
North Wildwood City PD,2026-07,4
North Wildwood City PD,2026-08,7
Northfield PD,2020-10,2
Northfield PD,2021-01,2
Northfield PD,2021-07,3
Northfield PD,2021-10,1
Northfield PD,2021-12,2
Northfield PD,2022-03,1
Northfield PD,2022-06,2
Northfield PD,2022-08,2
Northfield PD,2022-09,1
Northfield PD,2023-04,2
Northfield PD,2023-07,1
Northfield PD,2023-09,1
Northfield PD,2023-10,2
Northfield PD,2024-03,1
Northfield PD,2024-05,3
Northfield PD,2024-07,1
Northfield PD,2025-10,2
Northfield PD,2025-12,1
Northfield PD,2026-01,1
Northfield PD,2026-05,2
Northfield PD,2026-06,1
Northvale PD,2024-08,1
Northvale PD,2024-12,1
Northvale PD,2026-02,1
Norwood PD,2021-05,1
Norwood PD,2023-04,1
Norwood PD,2024-08,1
Norwood PD,2026-02,3
Nutley PD,2020-11,5
Nutley PD,2020-12,2
Nutley PD,2021-01,3
Nutley PD,2021-02,2
Nutley PD,2021-03,1
Nutley PD,2021-04,2
Nutley PD,2021-06,3
Nutley PD,2021-07,3
Nutley PD,2021-08,2
Nutley PD,2021-10,1
Nutley PD,2021-11,2
Nutley PD,2022-01,2
Nutley PD,2022-02,2
Nutley PD,2022-04,1
Nutley PD,2022-05,3
Nutley PD,2022-07,2
Nutley PD,2022-08,3
Nutley PD,2022-09,1
Nutley PD,2022-10,1
Nutley PD,2022-11,2
Nutley PD,2022-12,2
Nutley PD,2023-01,1
Nutley PD,2023-02,3
Nutley PD,2023-03,2
Nutley PD,2023-04,3
Nutley PD,2023-05,2
Nutley PD,2023-06,4
Nutley PD,2023-07,1
Nutley PD,2023-08,1
Nutley PD,2023-10,3
Nutley PD,2023-11,3
Nutley PD,2023-12,7
Nutley PD,2024-01,2
Nutley PD,2024-02,1
Nutley PD,2024-04,2
Nutley PD,2024-05,5
Nutley PD,2024-06,1
Nutley PD,2024-07,1
Nutley PD,2024-08,3
Nutley PD,2024-09,1
Nutley PD,2024-10,1
Nutley PD,2024-11,2
Nutley PD,2024-12,5
Nutley PD,2025-01,3
Nutley PD,2025-02,1
Nutley PD,2025-03,2
Nutley PD,2025-05,4
Nutley PD,2025-06,3
Nutley PD,2025-07,2
Nutley PD,2025-08,7
Nutley PD,2025-09,6
Nutley PD,2025-10,2
Nutley PD,2025-11,3
Nutley PD,2025-12,3
Nutley PD,2026-01,3
Nutley PD,2026-02,2
Nutley PD,2026-03,1
Nutley PD,2026-04,3
Nutley PD,2026-05,1
Nutley PD,2026-06,3
Nutley PD,2026-07,2
Oakland PD,2020-11,1
Oakland PD,2021-10,1
Oakland PD,2022-02,1
Oakland PD,2022-03,1
Oakland PD,2022-07,2
Oakland PD,2023-01,1
Oakland PD,2023-03,2
Oakland PD,2023-04,1
Oakland PD,2023-06,1
Oakland PD,2025-04,2
Oakland PD,2025-12,1
Oaklyn Boro PD,2020-10,2
Oaklyn Boro PD,2021-01,2
Oaklyn Boro PD,2021-03,1
Oaklyn Boro PD,2021-04,1
Oaklyn Boro PD,2021-05,2
Oaklyn Boro PD,2021-07,1
Oaklyn Boro PD,2021-11,2
Oaklyn Boro PD,2022-02,1
Oaklyn Boro PD,2022-04,1
Oaklyn Boro PD,2022-06,1
Oaklyn Boro PD,2022-07,2
Oaklyn Boro PD,2022-09,3
Oaklyn Boro PD,2022-10,2
Oaklyn Boro PD,2022-12,1
Oaklyn Boro PD,2023-01,1
Oaklyn Boro PD,2023-02,1
Oaklyn Boro PD,2023-03,1
Oaklyn Boro PD,2023-04,1
Oaklyn Boro PD,2023-06,1
Oaklyn Boro PD,2023-08,1
Oaklyn Boro PD,2023-09,1
Oaklyn Boro PD,2023-10,1
Oaklyn Boro PD,2023-11,2
Oaklyn Boro PD,2024-03,1
Oaklyn Boro PD,2024-04,2
Oaklyn Boro PD,2024-05,2
Oaklyn Boro PD,2024-06,1
Oaklyn Boro PD,2024-07,2
Oaklyn Boro PD,2024-08,2
Oaklyn Boro PD,2024-09,1
Oaklyn Boro PD,2024-11,1
Oaklyn Boro PD,2024-12,1
Oaklyn Boro PD,2025-01,2
Oaklyn Boro PD,2025-02,1
Oaklyn Boro PD,2025-04,1
Oaklyn Boro PD,2025-05,1
Oaklyn Boro PD,2025-07,1
Oaklyn Boro PD,2026-01,1
Ocean City PD,2020-11,2
Ocean City PD,2021-04,4
Ocean City PD,2021-05,6
Ocean City PD,2021-06,4
Ocean City PD,2021-07,7
Ocean City PD,2021-10,1
Ocean City PD,2021-11,1
Ocean City PD,2022-01,1
Ocean City PD,2022-04,2
Ocean City PD,2022-05,7
Ocean City PD,2022-06,1
Ocean City PD,2022-07,9
Ocean City PD,2022-08,7
Ocean City PD,2022-09,1
Ocean City PD,2022-12,1
Ocean City PD,2023-03,2
Ocean City PD,2023-04,1
Ocean City PD,2023-05,2
Ocean City PD,2023-06,7
Ocean City PD,2023-07,3
Ocean City PD,2023-08,1
Ocean City PD,2024-03,2
Ocean City PD,2024-04,2
Ocean City PD,2024-05,4
Ocean City PD,2024-06,3
Ocean City PD,2024-07,2
Ocean City PD,2024-09,3
Ocean City PD,2024-12,1
Ocean City PD,2025-02,2
Ocean City PD,2025-03,1
Ocean City PD,2025-05,1
Ocean City PD,2025-06,5
Ocean City PD,2025-07,3
Ocean City PD,2025-08,5
Ocean City PD,2025-09,1
Ocean City PD,2025-10,2
Ocean City PD,2026-06,3
Ocean City PD,2026-07,2
Ocean City PD,2026-08,2
Ocean Co Dept Corrections,2025-06,1
Ocean Co Prosecutors Office,2021-03,2
Ocean Co Prosecutors Office,2021-05,2
Ocean Co Prosecutors Office,2021-12,1
Ocean Co Prosecutors Office,2022-05,2
Ocean Co Prosecutors Office,2022-06,3
Ocean Co Prosecutors Office,2022-07,1
Ocean Co Prosecutors Office,2023-06,2
Ocean Co Prosecutors Office,2023-07,1
Ocean Co Prosecutors Office,2024-01,1
Ocean Co Prosecutors Office,2024-02,1
Ocean Co Prosecutors Office,2024-03,1
Ocean Co Prosecutors Office,2024-06,1
Ocean Co Prosecutors Office,2024-07,1
Ocean Co Prosecutors Office,2024-08,1
Ocean Co Prosecutors Office,2024-10,1
Ocean Co Prosecutors Office,2024-11,2
Ocean Co Prosecutors Office,2025-02,1
Ocean Co Prosecutors Office,2025-05,5
Ocean Co Prosecutors Office,2025-06,1
Ocean Co Prosecutors Office,2025-07,2
Ocean Co Prosecutors Office,2025-08,1
Ocean Co Prosecutors Office,2026-01,1
Ocean Co Prosecutors Office,2026-03,1
Ocean Co Prosecutors Office,2026-05,1
Ocean Co Prosecutors Office,2026-07,1
Ocean Co Sheriffs Dept,2020-10,1
Ocean Co Sheriffs Dept,2020-11,1
Ocean Co Sheriffs Dept,2021-01,2
Ocean Co Sheriffs Dept,2021-03,1
Ocean Co Sheriffs Dept,2021-05,1
Ocean Co Sheriffs Dept,2021-06,1
Ocean Co Sheriffs Dept,2021-08,3
Ocean Co Sheriffs Dept,2022-03,1
Ocean Co Sheriffs Dept,2022-04,2
Ocean Co Sheriffs Dept,2022-05,2
Ocean Co Sheriffs Dept,2022-06,2
Ocean Co Sheriffs Dept,2022-07,3
Ocean Co Sheriffs Dept,2022-10,2
Ocean Co Sheriffs Dept,2022-11,3
Ocean Co Sheriffs Dept,2023-01,1
Ocean Co Sheriffs Dept,2023-02,3
Ocean Co Sheriffs Dept,2023-03,1
Ocean Co Sheriffs Dept,2023-05,2
Ocean Co Sheriffs Dept,2023-06,1
Ocean Co Sheriffs Dept,2023-07,2
Ocean Co Sheriffs Dept,2023-10,1
Ocean Co Sheriffs Dept,2023-11,2
Ocean Co Sheriffs Dept,2023-12,1
Ocean Co Sheriffs Dept,2024-03,2
Ocean Co Sheriffs Dept,2024-04,1
Ocean Co Sheriffs Dept,2024-05,2
Ocean Co Sheriffs Dept,2024-06,5
Ocean Co Sheriffs Dept,2024-07,3
Ocean Co Sheriffs Dept,2024-10,3
Ocean Co Sheriffs Dept,2025-01,2
Ocean Co Sheriffs Dept,2025-03,2
Ocean Co Sheriffs Dept,2025-04,3
Ocean Co Sheriffs Dept,2025-05,2
Ocean Co Sheriffs Dept,2025-06,1
Ocean Co Sheriffs Dept,2025-07,1
Ocean Co Sheriffs Dept,2025-08,3
Ocean Co Sheriffs Dept,2025-09,2
Ocean Co Sheriffs Dept,2025-10,2
Ocean Co Sheriffs Dept,2025-11,1
Ocean Co Sheriffs Dept,2026-01,3
Ocean Co Sheriffs Dept,2026-02,3
Ocean Co Sheriffs Dept,2026-03,2
Ocean Co Sheriffs Dept,2026-04,2
Ocean Co Sheriffs Dept,2026-06,3
Ocean Co Sheriffs Dept,2026-07,2
Ocean Co Sheriffs Dept,2026-08,2
Ocean Twp PD,2020-10,5
Ocean Twp PD,2020-11,4
Ocean Twp PD,2020-12,3
Ocean Twp PD,2021-01,7
Ocean Twp PD,2021-02,3
Ocean Twp PD,2021-03,4
Ocean Twp PD,2021-04,5
Ocean Twp PD,2021-05,2
Ocean Twp PD,2021-06,3
Ocean Twp PD,2021-08,2
Ocean Twp PD,2021-09,4
Ocean Twp PD,2021-10,8
Ocean Twp PD,2021-11,1
Ocean Twp PD,2021-12,1
Ocean Twp PD,2022-02,5
Ocean Twp PD,2022-03,1
Ocean Twp PD,2022-04,1
Ocean Twp PD,2022-05,4
Ocean Twp PD,2022-06,1
Ocean Twp PD,2022-07,7
Ocean Twp PD,2022-08,3
Ocean Twp PD,2022-09,5
Ocean Twp PD,2022-10,2
Ocean Twp PD,2022-11,1
Ocean Twp PD,2022-12,2
Ocean Twp PD,2023-01,8
Ocean Twp PD,2023-03,5
Ocean Twp PD,2023-04,3
Ocean Twp PD,2023-05,3
Ocean Twp PD,2023-06,2
Ocean Twp PD,2023-07,3
Ocean Twp PD,2023-08,7
Ocean Twp PD,2023-09,1
Ocean Twp PD,2023-10,1
Ocean Twp PD,2023-11,2
Ocean Twp PD,2023-12,2
Ocean Twp PD,2024-01,2
Ocean Twp PD,2024-02,3
Ocean Twp PD,2024-03,2
Ocean Twp PD,2024-04,4
Ocean Twp PD,2024-05,5
Ocean Twp PD,2024-06,3
Ocean Twp PD,2024-07,7
Ocean Twp PD,2024-08,5
Ocean Twp PD,2024-09,3
Ocean Twp PD,2024-10,5
Ocean Twp PD,2024-11,5
Ocean Twp PD,2024-12,1
Ocean Twp PD,2025-01,2
Ocean Twp PD,2025-03,4
Ocean Twp PD,2025-04,4
Ocean Twp PD,2025-05,6
Ocean Twp PD,2025-06,2
Ocean Twp PD,2025-07,3
Ocean Twp PD,2025-08,2
Ocean Twp PD,2025-09,2
Ocean Twp PD,2025-10,2
Ocean Twp PD,2025-11,3
Ocean Twp PD,2025-12,3
Ocean Twp PD,2026-01,2
Ocean Twp PD,2026-02,5
Ocean Twp PD,2026-03,3
Ocean Twp PD,2026-04,1
Ocean Twp PD,2026-05,5
Ocean Twp PD,2026-06,2
Ocean Twp PD,2026-07,2
Ocean Twp PD,2026-08,2
Oceangate Boro PD,2020-10,1
Oceangate Boro PD,2021-07,2
Oceangate Boro PD,2022-01,1
Oceangate Boro PD,2022-02,1
Oceangate Boro PD,2022-04,1
Oceangate Boro PD,2022-06,1
Oceangate Boro PD,2023-07,1
Oceangate Boro PD,2024-06,1
Oceangate Boro PD,2025-04,1
Oceangate Boro PD,2025-06,3
Oceangate Boro PD,2025-07,1
Oceanport PD,2021-05,1
Oceanport PD,2021-06,1
Oceanport PD,2021-07,1
Oceanport PD,2021-12,2
Oceanport PD,2022-01,1
Oceanport PD,2022-07,1
Oceanport PD,2022-09,2
Oceanport PD,2023-06,1
Oceanport PD,2023-11,1
Oceanport PD,2024-01,1
Oceanport PD,2024-03,1
Oceanport PD,2024-08,1
Oceanport PD,2024-11,1
Oceanport PD,2024-12,1
Oceanport PD,2025-03,1
Oceanport PD,2025-05,1
Oceanport PD,2026-03,3
Ogdensburg PD,2023-03,1
Ogdensburg PD,2024-05,1
Ogdensburg PD,2026-01,1
Ogdensburg PD,2026-03,1
Old Bridge Twp PD,2020-10,1
Old Bridge Twp PD,2020-11,4
Old Bridge Twp PD,2020-12,1
Old Bridge Twp PD,2021-02,1
Old Bridge Twp PD,2021-03,1
Old Bridge Twp PD,2021-04,5
Old Bridge Twp PD,2021-06,3
Old Bridge Twp PD,2021-07,3
Old Bridge Twp PD,2021-08,4
Old Bridge Twp PD,2021-10,1
Old Bridge Twp PD,2021-11,2
Old Bridge Twp PD,2021-12,2
Old Bridge Twp PD,2022-01,1
Old Bridge Twp PD,2022-02,4
Old Bridge Twp PD,2022-03,4
Old Bridge Twp PD,2022-04,5
Old Bridge Twp PD,2022-05,2
Old Bridge Twp PD,2022-07,4
Old Bridge Twp PD,2022-08,2
Old Bridge Twp PD,2022-10,1
Old Bridge Twp PD,2022-11,1
Old Bridge Twp PD,2022-12,3
Old Bridge Twp PD,2023-01,3
Old Bridge Twp PD,2023-02,1
Old Bridge Twp PD,2023-03,4
Old Bridge Twp PD,2023-04,2
Old Bridge Twp PD,2023-05,1
Old Bridge Twp PD,2023-06,1
Old Bridge Twp PD,2023-07,5
Old Bridge Twp PD,2023-08,4
Old Bridge Twp PD,2023-09,3
Old Bridge Twp PD,2023-10,2
Old Bridge Twp PD,2023-12,4
Old Bridge Twp PD,2024-01,2
Old Bridge Twp PD,2024-02,3
Old Bridge Twp PD,2024-04,4
Old Bridge Twp PD,2024-05,3
Old Bridge Twp PD,2024-06,2
Old Bridge Twp PD,2024-07,3
Old Bridge Twp PD,2024-08,3
Old Bridge Twp PD,2024-09,4
Old Bridge Twp PD,2024-10,2
Old Bridge Twp PD,2024-12,2
Old Bridge Twp PD,2025-03,4
Old Bridge Twp PD,2025-04,4
Old Bridge Twp PD,2025-05,3
Old Bridge Twp PD,2025-06,3
Old Bridge Twp PD,2025-07,3
Old Bridge Twp PD,2025-08,3
Old Bridge Twp PD,2025-09,4
Old Bridge Twp PD,2025-10,2
Old Bridge Twp PD,2025-11,2
Old Bridge Twp PD,2026-01,2
Old Bridge Twp PD,2026-02,3
Old Bridge Twp PD,2026-03,1
Old Bridge Twp PD,2026-04,4
Old Bridge Twp PD,2026-05,1
Old Bridge Twp PD,2026-06,2
Old Bridge Twp PD,2026-07,2
Old Bridge Twp PD,2026-08,3
Old Tappan PD,2021-09,1
Old Tappan PD,2022-05,1
Old Tappan PD,2022-10,1
Old Tappan PD,2022-11,1
Old Tappan PD,2022-12,1
Old Tappan PD,2023-03,1
Old Tappan PD,2023-05,1
Old Tappan PD,2023-07,1
Old Tappan PD,2023-10,1
Old Tappan PD,2024-08,1
Old Tappan PD,2025-01,1
Old Tappan PD,2025-02,1
Old Tappan PD,2025-05,1
Old Tappan PD,2025-09,2
Old Tappan PD,2025-10,1
Old Tappan PD,2025-12,1
Old Tappan PD,2026-03,1
Oradell PD,2020-12,1
Oradell PD,2021-03,1
Oradell PD,2022-03,1
Oradell PD,2022-05,1
Oradell PD,2023-12,1
Oradell PD,2024-07,1
Oradell PD,2024-09,1
Oradell PD,2024-12,1
Oradell PD,2025-04,2
Orange PD,2020-10,2
Orange PD,2020-11,3
Orange PD,2021-01,4
Orange PD,2021-02,1
Orange PD,2021-03,8
Orange PD,2021-04,2
Orange PD,2021-05,2
Orange PD,2021-06,10
Orange PD,2021-07,3
Orange PD,2021-08,16
Orange PD,2021-09,3
Orange PD,2021-10,5
Orange PD,2021-11,5
Orange PD,2021-12,3
Orange PD,2022-01,1
Orange PD,2022-02,5
Orange PD,2022-03,3
Orange PD,2022-04,3
Orange PD,2022-05,1
Orange PD,2022-07,3
Orange PD,2022-09,2
Orange PD,2022-11,2
Orange PD,2022-12,3
Orange PD,2023-01,5
Orange PD,2023-02,3
Orange PD,2023-03,4
Orange PD,2023-04,1
Orange PD,2023-05,4
Orange PD,2023-06,8
Orange PD,2023-07,7
Orange PD,2023-08,9
Orange PD,2023-09,2
Orange PD,2023-10,3
Orange PD,2023-11,4
Orange PD,2023-12,9
Orange PD,2024-01,5
Orange PD,2024-02,10
Orange PD,2024-03,4
Orange PD,2024-04,2
Orange PD,2024-05,5
Orange PD,2024-06,8
Orange PD,2024-07,6
Orange PD,2024-08,9
Orange PD,2024-09,7
Orange PD,2024-10,8
Orange PD,2024-11,4
Orange PD,2024-12,1
Orange PD,2025-01,2
Orange PD,2025-02,1
Orange PD,2025-03,4
Orange PD,2025-04,5
Orange PD,2025-05,2
Orange PD,2025-06,6
Orange PD,2025-07,5
Orange PD,2025-08,5
Orange PD,2025-09,3
Orange PD,2025-10,4
Orange PD,2025-11,9
Orange PD,2025-12,7
Orange PD,2026-01,1
Orange PD,2026-02,3
Orange PD,2026-03,1
Orange PD,2026-04,10
Orange PD,2026-05,4
Orange PD,2026-06,4
Orange PD,2026-07,6
Orange PD,2026-08,6
Palisades Inter. Parkway PD,2020-10,1
Palisades Inter. Parkway PD,2020-12,1
Palisades Inter. Parkway PD,2021-01,1
Palisades Inter. Parkway PD,2021-08,1
Palisades Inter. Parkway PD,2022-10,1
Palisades Inter. Parkway PD,2023-01,1
Palisades Inter. Parkway PD,2023-10,1
Palisades Inter. Parkway PD,2023-12,1
Palisades Inter. Parkway PD,2024-03,1
Palisades Inter. Parkway PD,2024-06,1
Palisades Inter. Parkway PD,2024-07,1
Palisades Inter. Parkway PD,2024-10,1
Palisades Inter. Parkway PD,2025-06,2
Palisades Inter. Parkway PD,2025-09,1
Palisades Inter. Parkway PD,2025-10,1
Palisades Inter. Parkway PD,2025-11,1
Palisades Inter. Parkway PD,2026-03,1
Palisades Park PD,2020-10,2
Palisades Park PD,2020-11,2
Palisades Park PD,2020-12,1
Palisades Park PD,2021-01,1
Palisades Park PD,2021-03,1
Palisades Park PD,2021-07,1
Palisades Park PD,2022-01,1
Palisades Park PD,2022-04,1
Palisades Park PD,2022-07,2
Palisades Park PD,2022-08,4
Palisades Park PD,2022-10,1
Palisades Park PD,2022-11,1
Palisades Park PD,2022-12,1
Palisades Park PD,2023-04,2
Palisades Park PD,2023-06,2
Palisades Park PD,2023-07,2
Palisades Park PD,2023-09,2
Palisades Park PD,2023-10,1
Palisades Park PD,2023-12,2
Palisades Park PD,2024-02,2
Palisades Park PD,2024-04,1
Palisades Park PD,2024-05,2
Palisades Park PD,2024-09,1
Palisades Park PD,2025-02,3
Palisades Park PD,2025-09,1
Palisades Park PD,2025-12,1
Palmyra Boro PD,2021-02,1
Palmyra Boro PD,2021-03,1
Palmyra Boro PD,2021-04,1
Palmyra Boro PD,2021-05,1
Palmyra Boro PD,2021-06,1
Palmyra Boro PD,2021-07,1
Palmyra Boro PD,2021-09,1
Palmyra Boro PD,2021-10,3
Palmyra Boro PD,2022-01,1
Palmyra Boro PD,2022-05,1
Palmyra Boro PD,2022-07,1
Palmyra Boro PD,2022-08,1
Palmyra Boro PD,2022-09,1
Palmyra Boro PD,2022-10,2
Palmyra Boro PD,2022-11,1
Palmyra Boro PD,2022-12,1
Palmyra Boro PD,2023-01,1
Palmyra Boro PD,2023-05,1
Palmyra Boro PD,2023-06,1
Palmyra Boro PD,2023-07,4
Palmyra Boro PD,2023-09,3
Palmyra Boro PD,2023-10,2
Palmyra Boro PD,2023-12,2
Palmyra Boro PD,2024-02,1
Palmyra Boro PD,2024-04,1
Palmyra Boro PD,2024-05,1
Palmyra Boro PD,2024-06,1
Palmyra Boro PD,2024-07,2
Palmyra Boro PD,2024-09,5
Palmyra Boro PD,2024-10,2
Palmyra Boro PD,2025-01,1
Palmyra Boro PD,2025-02,1
Palmyra Boro PD,2025-04,1
Palmyra Boro PD,2025-05,1
Palmyra Boro PD,2025-06,2
Palmyra Boro PD,2025-08,1
Palmyra Boro PD,2025-09,3
Palmyra Boro PD,2025-11,1
Palmyra Boro PD,2025-12,2
Palmyra Boro PD,2026-04,3
Palmyra Boro PD,2026-05,4
Palmyra Boro PD,2026-07,1
Paramus PD,2020-10,3
Paramus PD,2020-11,3
Paramus PD,2020-12,9
Paramus PD,2021-01,5
Paramus PD,2021-02,6
Paramus PD,2021-04,1
Paramus PD,2021-05,8
Paramus PD,2021-06,8
Paramus PD,2021-07,1
Paramus PD,2021-08,1
Paramus PD,2021-09,3
Paramus PD,2021-10,6
Paramus PD,2021-11,7
Paramus PD,2021-12,2
Paramus PD,2022-02,3
Paramus PD,2022-03,1
Paramus PD,2022-04,2
Paramus PD,2022-05,6
Paramus PD,2022-06,4
Paramus PD,2022-07,7
Paramus PD,2022-08,4
Paramus PD,2022-09,8
Paramus PD,2022-10,7
Paramus PD,2022-11,3
Paramus PD,2022-12,5
Paramus PD,2023-01,3
Paramus PD,2023-02,2
Paramus PD,2023-03,6
Paramus PD,2023-04,4
Paramus PD,2023-05,4
Paramus PD,2023-06,9
Paramus PD,2023-07,4
Paramus PD,2023-10,4
Paramus PD,2023-11,3
Paramus PD,2023-12,8
Paramus PD,2024-01,3
Paramus PD,2024-02,4
Paramus PD,2024-03,5
Paramus PD,2024-04,2
Paramus PD,2024-05,10
Paramus PD,2024-06,4
Paramus PD,2024-07,6
Paramus PD,2024-08,5
Paramus PD,2024-09,7
Paramus PD,2024-10,1
Paramus PD,2024-11,6
Paramus PD,2024-12,2
Paramus PD,2025-01,1
Paramus PD,2025-02,1
Paramus PD,2025-03,4
Paramus PD,2025-04,5
Paramus PD,2025-05,4
Paramus PD,2025-06,2
Paramus PD,2025-07,1
Paramus PD,2025-08,1
Paramus PD,2025-09,1
Paramus PD,2025-10,3
Paramus PD,2025-11,5
Paramus PD,2025-12,1
Paramus PD,2026-01,2
Paramus PD,2026-02,4
Paramus PD,2026-03,3
Paramus PD,2026-04,3
Paramus PD,2026-05,3
Paramus PD,2026-07,4
Paramus PD,2026-08,2
Park Police,2020-12,1
Park Police,2021-03,3
Park Police,2022-06,1
Park Police,2022-07,1
Park Police,2022-08,1
Park Police,2023-02,1
Park Police,2023-03,1
Park Police,2023-04,2
Park Police,2023-07,2
Park Police,2023-08,2
Park Police,2023-10,2
Park Police,2023-12,2
Park Police,2024-04,1
Park Police,2024-06,1
Park Police,2025-05,2
Park Police,2025-06,1
Park Police,2025-08,1
Park Police,2026-06,2
Park Police,2026-07,1
Park Police,2026-08,1
Park Ridge PD,2020-12,1
Park Ridge PD,2021-02,1
Park Ridge PD,2021-06,1
Park Ridge PD,2021-08,1
Park Ridge PD,2022-02,3
Park Ridge PD,2022-03,2
Park Ridge PD,2022-09,2
Park Ridge PD,2022-10,1
Park Ridge PD,2022-11,1
Park Ridge PD,2022-12,1
Park Ridge PD,2023-01,1
Park Ridge PD,2023-02,1
Park Ridge PD,2023-05,1
Park Ridge PD,2023-06,1
Park Ridge PD,2024-03,1
Park Ridge PD,2024-04,2
Park Ridge PD,2024-08,1
Park Ridge PD,2025-01,1
Park Ridge PD,2025-07,1
Park Ridge PD,2025-08,1
Park Ridge PD,2025-09,1
Park Ridge PD,2025-10,1
Park Ridge PD,2025-11,1
Park Ridge PD,2026-04,1
Park Ridge PD,2026-05,1
Parsippany-Troy Hills PD,2020-10,1
Parsippany-Troy Hills PD,2020-11,3
Parsippany-Troy Hills PD,2021-01,3
Parsippany-Troy Hills PD,2021-02,4
Parsippany-Troy Hills PD,2021-05,2
Parsippany-Troy Hills PD,2021-06,3
Parsippany-Troy Hills PD,2021-07,1
Parsippany-Troy Hills PD,2021-08,1
Parsippany-Troy Hills PD,2021-10,4
Parsippany-Troy Hills PD,2021-12,1
Parsippany-Troy Hills PD,2022-04,2
Parsippany-Troy Hills PD,2022-05,4
Parsippany-Troy Hills PD,2022-07,1
Parsippany-Troy Hills PD,2022-09,4
Parsippany-Troy Hills PD,2022-12,2
Parsippany-Troy Hills PD,2023-03,2
Parsippany-Troy Hills PD,2023-05,1
Parsippany-Troy Hills PD,2023-06,4
Parsippany-Troy Hills PD,2023-07,1
Parsippany-Troy Hills PD,2023-12,4
Parsippany-Troy Hills PD,2024-03,2
Parsippany-Troy Hills PD,2024-04,1
Parsippany-Troy Hills PD,2024-09,1
Parsippany-Troy Hills PD,2024-12,1
Parsippany-Troy Hills PD,2025-06,2
Parsippany-Troy Hills PD,2025-07,2
Parsippany-Troy Hills PD,2025-08,3
Parsippany-Troy Hills PD,2025-11,3
Parsippany-Troy Hills PD,2026-02,2
Parsippany-Troy Hills PD,2026-03,1
Parsippany-Troy Hills PD,2026-05,1
Parsippany-Troy Hills PD,2026-06,1
Parsippany-Troy Hills PD,2026-07,2
Passaic Co Prosecutors Office,2020-12,2
Passaic Co Prosecutors Office,2021-06,2
Passaic Co Prosecutors Office,2021-07,1
Passaic Co Prosecutors Office,2021-11,1
Passaic Co Prosecutors Office,2022-02,1
Passaic Co Prosecutors Office,2022-03,1
Passaic Co Prosecutors Office,2023-02,2
Passaic Co Prosecutors Office,2023-04,1
Passaic Co Prosecutors Office,2023-05,2
Passaic Co Prosecutors Office,2023-07,1
Passaic Co Prosecutors Office,2025-03,1
Passaic Co Prosecutors Office,2025-08,1
Passaic Co Prosecutors Office,2026-07,2
Passaic Co Sheriffs Dept,2020-12,1
Passaic Co Sheriffs Dept,2021-01,2
Passaic Co Sheriffs Dept,2021-07,1
Passaic Co Sheriffs Dept,2021-09,1
Passaic Co Sheriffs Dept,2021-11,5
Passaic Co Sheriffs Dept,2021-12,2
Passaic Co Sheriffs Dept,2022-01,4
Passaic Co Sheriffs Dept,2022-02,3
Passaic Co Sheriffs Dept,2022-03,3
Passaic Co Sheriffs Dept,2022-04,3
Passaic Co Sheriffs Dept,2022-05,3
Passaic Co Sheriffs Dept,2022-06,3
Passaic Co Sheriffs Dept,2022-07,3
Passaic Co Sheriffs Dept,2022-08,4
Passaic Co Sheriffs Dept,2022-09,2
Passaic Co Sheriffs Dept,2022-12,1
Passaic Co Sheriffs Dept,2023-01,1
Passaic Co Sheriffs Dept,2023-02,1
Passaic Co Sheriffs Dept,2023-05,2
Passaic Co Sheriffs Dept,2023-06,1
Passaic Co Sheriffs Dept,2023-07,1
Passaic Co Sheriffs Dept,2023-08,6
Passaic Co Sheriffs Dept,2023-09,5
Passaic Co Sheriffs Dept,2023-10,1
Passaic Co Sheriffs Dept,2023-11,3
Passaic Co Sheriffs Dept,2024-01,3
Passaic Co Sheriffs Dept,2024-04,2
Passaic Co Sheriffs Dept,2024-05,1
Passaic Co Sheriffs Dept,2024-06,3
Passaic Co Sheriffs Dept,2024-07,3
Passaic Co Sheriffs Dept,2024-08,1
Passaic Co Sheriffs Dept,2024-09,2
Passaic Co Sheriffs Dept,2024-10,3
Passaic Co Sheriffs Dept,2024-11,1
Passaic Co Sheriffs Dept,2024-12,2
Passaic Co Sheriffs Dept,2025-01,1
Passaic Co Sheriffs Dept,2025-03,1
Passaic Co Sheriffs Dept,2025-04,1
Passaic Co Sheriffs Dept,2025-05,1
Passaic Co Sheriffs Dept,2025-06,1
Passaic Co Sheriffs Dept,2025-07,1
Passaic Co Sheriffs Dept,2025-11,2
Passaic Co Sheriffs Dept,2026-01,2
Passaic Co Sheriffs Dept,2026-02,1
Passaic Co Sheriffs Dept,2026-03,2
Passaic Co Sheriffs Dept,2026-04,3
Passaic Co Sheriffs Dept,2026-05,3
Passaic Co Sheriffs Dept,2026-06,3
Passaic Co Sheriffs Dept,2026-07,2
Passaic Co Sheriffs Dept,2026-08,1
Passaic PD,2020-10,15
Passaic PD,2020-11,12
Passaic PD,2020-12,5
Passaic PD,2021-01,6
Passaic PD,2021-02,12
Passaic PD,2021-03,5
Passaic PD,2021-04,4
Passaic PD,2021-05,7
Passaic PD,2021-06,16
Passaic PD,2021-07,8
Passaic PD,2021-08,2
Passaic PD,2021-09,14
Passaic PD,2021-10,11
Passaic PD,2021-11,5
Passaic PD,2021-12,6
Passaic PD,2022-01,4
Passaic PD,2022-02,7
Passaic PD,2022-03,13
Passaic PD,2022-04,7
Passaic PD,2022-05,8
Passaic PD,2022-06,11
Passaic PD,2022-07,9
Passaic PD,2022-08,5
Passaic PD,2022-09,13
Passaic PD,2022-10,15
Passaic PD,2022-11,10
Passaic PD,2022-12,6
Passaic PD,2023-01,6
Passaic PD,2023-02,4
Passaic PD,2023-03,7
Passaic PD,2023-04,11
Passaic PD,2023-05,14
Passaic PD,2023-06,9
Passaic PD,2023-07,7
Passaic PD,2023-08,3
Passaic PD,2023-09,20
Passaic PD,2023-10,12
Passaic PD,2023-11,5
Passaic PD,2023-12,12
Passaic PD,2024-01,8
Passaic PD,2024-02,7
Passaic PD,2024-03,10
Passaic PD,2024-04,7
Passaic PD,2024-05,11
Passaic PD,2024-06,12
Passaic PD,2024-07,9
Passaic PD,2024-08,10
Passaic PD,2024-09,7
Passaic PD,2024-10,7
Passaic PD,2024-11,6
Passaic PD,2024-12,13
Passaic PD,2025-01,6
Passaic PD,2025-02,12
Passaic PD,2025-03,5
Passaic PD,2025-04,4
Passaic PD,2025-05,1
Passaic PD,2025-06,6
Passaic PD,2025-07,2
Passaic PD,2025-08,16
Passaic PD,2025-09,11
Passaic PD,2025-10,5
Passaic PD,2025-11,3
Passaic PD,2025-12,14
Passaic PD,2026-01,8
Passaic PD,2026-02,5
Passaic PD,2026-03,11
Passaic PD,2026-04,8
Passaic PD,2026-05,14
Passaic PD,2026-06,15
Passaic PD,2026-07,6
Passaic PD,2026-08,8
Paterson PD,2020-10,21
Paterson PD,2020-11,18
Paterson PD,2020-12,13
Paterson PD,2021-01,16
Paterson PD,2021-02,10
Paterson PD,2021-03,21
Paterson PD,2021-04,14
Paterson PD,2021-05,21
Paterson PD,2021-06,10
Paterson PD,2021-07,10
Paterson PD,2021-08,12
Paterson PD,2021-09,18
Paterson PD,2021-10,19
Paterson PD,2021-11,10
Paterson PD,2021-12,10
Paterson PD,2022-01,14
Paterson PD,2022-02,12
Paterson PD,2022-03,17
Paterson PD,2022-04,24
Paterson PD,2022-05,17
Paterson PD,2022-06,18
Paterson PD,2022-07,19
Paterson PD,2022-08,21
Paterson PD,2022-09,21
Paterson PD,2022-10,14
Paterson PD,2022-11,25
Paterson PD,2022-12,12
Paterson PD,2023-01,25
Paterson PD,2023-02,19
Paterson PD,2023-03,14
Paterson PD,2023-04,9
Paterson PD,2023-05,21
Paterson PD,2023-06,20
Paterson PD,2023-07,14
Paterson PD,2023-08,12
Paterson PD,2023-09,15
Paterson PD,2023-10,16
Paterson PD,2023-11,13
Paterson PD,2023-12,8
Paterson PD,2024-01,18
Paterson PD,2024-02,16
Paterson PD,2024-03,23
Paterson PD,2024-04,18
Paterson PD,2024-05,14
Paterson PD,2024-06,17
Paterson PD,2024-07,13
Paterson PD,2024-08,24
Paterson PD,2024-09,17
Paterson PD,2024-10,12
Paterson PD,2024-11,11
Paterson PD,2024-12,8
Paterson PD,2025-01,11
Paterson PD,2025-02,8
Paterson PD,2025-03,11
Paterson PD,2025-04,23
Paterson PD,2025-05,16
Paterson PD,2025-06,21
Paterson PD,2025-07,11
Paterson PD,2025-08,16
Paterson PD,2025-09,22
Paterson PD,2025-10,16
Paterson PD,2025-11,13
Paterson PD,2025-12,7
Paterson PD,2026-01,19
Paterson PD,2026-02,13
Paterson PD,2026-03,12
Paterson PD,2026-04,9
Paterson PD,2026-05,14
Paterson PD,2026-06,27
Paterson PD,2026-07,10
Paterson PD,2026-08,14
Paulsboro PD,2020-10,1
Paulsboro PD,2020-11,4
Paulsboro PD,2020-12,1
Paulsboro PD,2021-01,2
Paulsboro PD,2021-03,5
Paulsboro PD,2021-04,4
Paulsboro PD,2021-05,1
Paulsboro PD,2021-06,4
Paulsboro PD,2021-07,2
Paulsboro PD,2021-08,1
Paulsboro PD,2021-10,1
Paulsboro PD,2021-11,1
Paulsboro PD,2021-12,1
Paulsboro PD,2022-01,3
Paulsboro PD,2022-02,2
Paulsboro PD,2022-03,1
Paulsboro PD,2022-04,1
Paulsboro PD,2022-05,1
Paulsboro PD,2022-06,8
Paulsboro PD,2022-07,4
Paulsboro PD,2022-08,1
Paulsboro PD,2022-10,4
Paulsboro PD,2022-11,2
Paulsboro PD,2022-12,3
Paulsboro PD,2023-01,1
Paulsboro PD,2023-02,5
Paulsboro PD,2023-04,3
Paulsboro PD,2023-05,1
Paulsboro PD,2023-06,1
Paulsboro PD,2023-07,3
Paulsboro PD,2023-08,1
Paulsboro PD,2023-10,4
Paulsboro PD,2023-11,4
Paulsboro PD,2024-01,5
Paulsboro PD,2024-02,1
Paulsboro PD,2024-03,2
Paulsboro PD,2024-04,1
Paulsboro PD,2024-05,5
Paulsboro PD,2024-06,5
Paulsboro PD,2024-07,1
Paulsboro PD,2024-08,2
Paulsboro PD,2024-09,1
Paulsboro PD,2025-01,1
Paulsboro PD,2025-02,2
Paulsboro PD,2025-03,3
Paulsboro PD,2025-04,1
Paulsboro PD,2025-07,3
Paulsboro PD,2025-08,2
Paulsboro PD,2025-09,8
Paulsboro PD,2025-10,2
Paulsboro PD,2025-11,1
Paulsboro PD,2025-12,4
Paulsboro PD,2026-01,2
Paulsboro PD,2026-02,3
Paulsboro PD,2026-03,5
Paulsboro PD,2026-04,2
Paulsboro PD,2026-05,4
Paulsboro PD,2026-06,1
Paulsboro PD,2026-07,2
Paulsboro PD,2026-08,1
Peapack-Gladstone PD,2022-05,1
Peapack-Gladstone PD,2022-10,2
Peapack-Gladstone PD,2023-10,2
Peapack-Gladstone PD,2024-02,2
Peapack-Gladstone PD,2024-06,1
Peapack-Gladstone PD,2024-09,1
Peapack-Gladstone PD,2025-06,1
Peapack-Gladstone PD,2026-02,2
Peapack-Gladstone PD,2026-03,1
Peapack-Gladstone PD,2026-04,1
Pemberton Boro PD,2021-06,2
Pemberton Boro PD,2021-12,1
Pemberton Boro PD,2022-02,2
Pemberton Boro PD,2022-05,1
Pemberton Boro PD,2022-11,1
Pemberton Boro PD,2023-01,1
Pemberton Boro PD,2023-04,1
Pemberton Boro PD,2023-07,2
Pemberton Boro PD,2023-08,1
Pemberton Boro PD,2024-05,2
Pemberton Boro PD,2024-06,1
Pemberton Boro PD,2024-11,1
Pemberton Boro PD,2025-05,1
Pemberton Boro PD,2025-08,1
Pemberton Boro PD,2025-09,1
Pemberton Boro PD,2025-10,1
Pemberton Boro PD,2026-03,2
Pemberton Boro PD,2026-04,1
Pemberton Boro PD,2026-06,1
Pemberton Twp PD,2020-10,1
Pemberton Twp PD,2020-11,1
Pemberton Twp PD,2020-12,3
Pemberton Twp PD,2021-03,1
Pemberton Twp PD,2021-04,2
Pemberton Twp PD,2021-05,3
Pemberton Twp PD,2021-06,2
Pemberton Twp PD,2021-07,5
Pemberton Twp PD,2021-08,3
Pemberton Twp PD,2021-09,1
Pemberton Twp PD,2021-10,4
Pemberton Twp PD,2021-11,3
Pemberton Twp PD,2021-12,6
Pemberton Twp PD,2022-01,3
Pemberton Twp PD,2022-02,2
Pemberton Twp PD,2022-03,4
Pemberton Twp PD,2022-04,2
Pemberton Twp PD,2022-05,3
Pemberton Twp PD,2022-06,5
Pemberton Twp PD,2022-07,3
Pemberton Twp PD,2022-08,3
Pemberton Twp PD,2022-09,6
Pemberton Twp PD,2022-10,3
Pemberton Twp PD,2022-11,6
Pemberton Twp PD,2022-12,2
Pemberton Twp PD,2023-01,7
Pemberton Twp PD,2023-02,2
Pemberton Twp PD,2023-03,4
Pemberton Twp PD,2023-04,7
Pemberton Twp PD,2023-05,2
Pemberton Twp PD,2023-06,2
Pemberton Twp PD,2023-07,3
Pemberton Twp PD,2023-08,8
Pemberton Twp PD,2023-09,5
Pemberton Twp PD,2023-10,6
Pemberton Twp PD,2023-11,1
Pemberton Twp PD,2023-12,7
Pemberton Twp PD,2024-01,4
Pemberton Twp PD,2024-02,2
Pemberton Twp PD,2024-03,4
Pemberton Twp PD,2024-04,5
Pemberton Twp PD,2024-05,7
Pemberton Twp PD,2024-06,2
Pemberton Twp PD,2024-07,5
Pemberton Twp PD,2024-08,1
Pemberton Twp PD,2024-09,2
Pemberton Twp PD,2024-10,7
Pemberton Twp PD,2024-11,3
Pemberton Twp PD,2024-12,3
Pemberton Twp PD,2025-01,4
Pemberton Twp PD,2025-02,4
Pemberton Twp PD,2025-03,4
Pemberton Twp PD,2025-04,10
Pemberton Twp PD,2025-05,3
Pemberton Twp PD,2025-06,2
Pemberton Twp PD,2025-07,2
Pemberton Twp PD,2025-08,4
Pemberton Twp PD,2025-09,7
Pemberton Twp PD,2025-10,6
Pemberton Twp PD,2025-11,3
Pemberton Twp PD,2025-12,6
Pemberton Twp PD,2026-01,7
Pemberton Twp PD,2026-02,3
Pemberton Twp PD,2026-03,4
Pemberton Twp PD,2026-04,2
Pemberton Twp PD,2026-06,1
Pemberton Twp PD,2026-07,3
Pemberton Twp PD,2026-08,1
Pennington Boro PD,2021-08,1
Pennington Boro PD,2021-09,1
Pennington Boro PD,2021-11,1
Pennington Boro PD,2022-02,2
Pennington Boro PD,2022-08,1
Pennington Boro PD,2022-10,1
Pennington Boro PD,2023-07,1
Pennington Boro PD,2023-09,1
Pennington Boro PD,2024-09,1
Pennington Boro PD,2025-07,1
Pennington Boro PD,2025-10,1
Pennington Boro PD,2025-12,1
Penns Grove PD,2020-11,1
Penns Grove PD,2020-12,3
Penns Grove PD,2021-02,6
Penns Grove PD,2021-03,2
Penns Grove PD,2021-04,1
Penns Grove PD,2021-07,1
Penns Grove PD,2021-08,1
Penns Grove PD,2021-09,2
Penns Grove PD,2021-11,3
Penns Grove PD,2021-12,2
Penns Grove PD,2022-02,1
Penns Grove PD,2022-03,2
Penns Grove PD,2022-04,1
Penns Grove PD,2022-05,3
Penns Grove PD,2022-07,2
Penns Grove PD,2022-08,2
Penns Grove PD,2022-09,2
Penns Grove PD,2022-11,1
Penns Grove PD,2022-12,1
Penns Grove PD,2023-01,1
Penns Grove PD,2023-02,2
Penns Grove PD,2023-03,1
Penns Grove PD,2023-04,2
Penns Grove PD,2023-05,1
Penns Grove PD,2023-06,1
Penns Grove PD,2023-07,2
Penns Grove PD,2023-09,2
Penns Grove PD,2023-12,1
Penns Grove PD,2024-01,1
Penns Grove PD,2024-02,1
Penns Grove PD,2024-03,1
Penns Grove PD,2024-06,1
Penns Grove PD,2024-08,2
Penns Grove PD,2024-09,2
Penns Grove PD,2024-10,1
Penns Grove PD,2025-03,1
Penns Grove PD,2025-04,1
Penns Grove PD,2025-05,2
Penns Grove PD,2025-06,3
Penns Grove PD,2025-07,1
Penns Grove PD,2025-08,3
Penns Grove PD,2025-09,3
Penns Grove PD,2025-10,1
Penns Grove PD,2026-01,1
Pennsauken Twp PD,2020-10,9
Pennsauken Twp PD,2020-11,4
Pennsauken Twp PD,2020-12,5
Pennsauken Twp PD,2021-01,5
Pennsauken Twp PD,2021-02,4
Pennsauken Twp PD,2021-03,4
Pennsauken Twp PD,2021-04,3
Pennsauken Twp PD,2021-05,3
Pennsauken Twp PD,2021-06,3
Pennsauken Twp PD,2021-07,4
Pennsauken Twp PD,2021-08,3
Pennsauken Twp PD,2021-09,2
Pennsauken Twp PD,2021-10,2
Pennsauken Twp PD,2021-11,6
Pennsauken Twp PD,2021-12,3
Pennsauken Twp PD,2022-01,3
Pennsauken Twp PD,2022-02,1
Pennsauken Twp PD,2022-03,4
Pennsauken Twp PD,2022-04,1
Pennsauken Twp PD,2022-05,7
Pennsauken Twp PD,2022-06,3
Pennsauken Twp PD,2022-07,2
Pennsauken Twp PD,2022-08,5
Pennsauken Twp PD,2022-09,6
Pennsauken Twp PD,2022-10,7
Pennsauken Twp PD,2022-11,4
Pennsauken Twp PD,2022-12,4
Pennsauken Twp PD,2023-01,2
Pennsauken Twp PD,2023-02,2
Pennsauken Twp PD,2023-03,2
Pennsauken Twp PD,2023-04,4
Pennsauken Twp PD,2023-05,7
Pennsauken Twp PD,2023-06,4
Pennsauken Twp PD,2023-07,5
Pennsauken Twp PD,2023-08,11
Pennsauken Twp PD,2023-09,5
Pennsauken Twp PD,2023-10,4
Pennsauken Twp PD,2023-11,9
Pennsauken Twp PD,2023-12,4
Pennsauken Twp PD,2024-01,6
Pennsauken Twp PD,2024-02,6
Pennsauken Twp PD,2024-03,7
Pennsauken Twp PD,2024-04,9
Pennsauken Twp PD,2024-05,6
Pennsauken Twp PD,2024-06,11
Pennsauken Twp PD,2024-07,6
Pennsauken Twp PD,2024-08,8
Pennsauken Twp PD,2024-09,8
Pennsauken Twp PD,2024-10,3
Pennsauken Twp PD,2024-11,6
Pennsauken Twp PD,2024-12,6
Pennsauken Twp PD,2025-01,7
Pennsauken Twp PD,2025-02,7
Pennsauken Twp PD,2025-03,11
Pennsauken Twp PD,2025-04,5
Pennsauken Twp PD,2025-05,7
Pennsauken Twp PD,2025-06,3
Pennsauken Twp PD,2025-07,10
Pennsauken Twp PD,2025-08,8
Pennsauken Twp PD,2025-09,9
Pennsauken Twp PD,2025-10,8
Pennsauken Twp PD,2025-11,11
Pennsauken Twp PD,2025-12,9
Pennsauken Twp PD,2026-01,9
Pennsauken Twp PD,2026-02,1
Pennsauken Twp PD,2026-03,6
Pennsauken Twp PD,2026-04,7
Pennsauken Twp PD,2026-05,9
Pennsauken Twp PD,2026-06,7
Pennsauken Twp PD,2026-07,4
Pennsauken Twp PD,2026-08,10
Pennsville PD,2020-10,2
Pennsville PD,2021-01,1
Pennsville PD,2021-03,1
Pennsville PD,2021-04,1
Pennsville PD,2021-06,1
Pennsville PD,2021-07,1
Pennsville PD,2021-08,1
Pennsville PD,2021-09,1
Pennsville PD,2021-10,1
Pennsville PD,2021-12,2
Pennsville PD,2022-01,1
Pennsville PD,2022-02,5
Pennsville PD,2022-03,1
Pennsville PD,2022-06,1
Pennsville PD,2022-07,1
Pennsville PD,2022-08,2
Pennsville PD,2022-10,2
Pennsville PD,2022-11,2
Pennsville PD,2022-12,1
Pennsville PD,2023-01,1
Pennsville PD,2023-02,1
Pennsville PD,2023-03,1
Pennsville PD,2023-05,3
Pennsville PD,2023-08,3
Pennsville PD,2023-09,1
Pennsville PD,2023-10,1
Pennsville PD,2023-11,2
Pennsville PD,2023-12,2
Pennsville PD,2024-02,1
Pennsville PD,2024-03,5
Pennsville PD,2024-04,2
Pennsville PD,2024-06,3
Pennsville PD,2024-07,4
Pennsville PD,2024-08,3
Pennsville PD,2024-10,2
Pennsville PD,2024-11,2
Pennsville PD,2025-02,2
Pennsville PD,2025-03,2
Pennsville PD,2025-04,5
Pennsville PD,2025-05,1
Pennsville PD,2025-07,4
Pennsville PD,2025-08,3
Pennsville PD,2025-09,2
Pennsville PD,2025-10,1
Pennsville PD,2025-12,1
Pennsville PD,2026-01,2
Pennsville PD,2026-02,1
Pennsville PD,2026-04,2
Pennsville PD,2026-05,1
Pennsville PD,2026-07,2
Pennsville PD,2026-08,1
Pequannock PD,2021-01,1
Pequannock PD,2021-02,2
Pequannock PD,2021-03,1
Pequannock PD,2021-07,1
Pequannock PD,2021-08,1
Pequannock PD,2021-10,1
Pequannock PD,2021-11,1
Pequannock PD,2022-01,2
Pequannock PD,2022-08,3
Pequannock PD,2022-09,1
Pequannock PD,2023-08,1
Pequannock PD,2023-09,1
Pequannock PD,2023-10,2
Pequannock PD,2023-12,2
Pequannock PD,2024-02,1
Pequannock PD,2024-03,1
Pequannock PD,2024-05,2
Pequannock PD,2024-06,1
Pequannock PD,2024-09,1
Pequannock PD,2025-05,2
Pequannock PD,2025-10,2
Pequannock PD,2025-11,3
Pequannock PD,2026-02,1
Pequannock PD,2026-08,2
Perth Amboy PD,2020-10,9
Perth Amboy PD,2020-11,7
Perth Amboy PD,2020-12,10
Perth Amboy PD,2021-01,6
Perth Amboy PD,2021-02,6
Perth Amboy PD,2021-03,10
Perth Amboy PD,2021-04,6
Perth Amboy PD,2021-05,7
Perth Amboy PD,2021-06,6
Perth Amboy PD,2021-07,5
Perth Amboy PD,2021-08,8
Perth Amboy PD,2021-09,1
Perth Amboy PD,2021-10,8
Perth Amboy PD,2021-11,3
Perth Amboy PD,2021-12,5
Perth Amboy PD,2022-01,11
Perth Amboy PD,2022-02,8
Perth Amboy PD,2022-03,3
Perth Amboy PD,2022-04,8
Perth Amboy PD,2022-05,6
Perth Amboy PD,2022-06,9
Perth Amboy PD,2022-07,3
Perth Amboy PD,2022-08,9
Perth Amboy PD,2022-09,6
Perth Amboy PD,2022-10,9
Perth Amboy PD,2022-11,10
Perth Amboy PD,2022-12,7
Perth Amboy PD,2023-01,7
Perth Amboy PD,2023-02,5
Perth Amboy PD,2023-03,3
Perth Amboy PD,2023-04,7
Perth Amboy PD,2023-05,8
Perth Amboy PD,2023-06,12
Perth Amboy PD,2023-07,9
Perth Amboy PD,2023-08,7
Perth Amboy PD,2023-09,11
Perth Amboy PD,2023-10,9
Perth Amboy PD,2023-11,5
Perth Amboy PD,2023-12,5
Perth Amboy PD,2024-01,8
Perth Amboy PD,2024-02,10
Perth Amboy PD,2024-03,7
Perth Amboy PD,2024-04,8
Perth Amboy PD,2024-05,9
Perth Amboy PD,2024-06,12
Perth Amboy PD,2024-07,10
Perth Amboy PD,2024-08,8
Perth Amboy PD,2024-09,3
Perth Amboy PD,2024-10,10
Perth Amboy PD,2024-11,6
Perth Amboy PD,2024-12,4
Perth Amboy PD,2025-01,9
Perth Amboy PD,2025-02,7
Perth Amboy PD,2025-03,9
Perth Amboy PD,2025-04,4
Perth Amboy PD,2025-05,12
Perth Amboy PD,2025-06,9
Perth Amboy PD,2025-07,4
Perth Amboy PD,2025-08,3
Perth Amboy PD,2025-09,7
Perth Amboy PD,2025-10,3
Perth Amboy PD,2025-11,4
Perth Amboy PD,2025-12,3
Perth Amboy PD,2026-01,4
Perth Amboy PD,2026-02,8
Perth Amboy PD,2026-03,8
Perth Amboy PD,2026-04,5
Perth Amboy PD,2026-05,7
Perth Amboy PD,2026-06,7
Perth Amboy PD,2026-07,8
Perth Amboy PD,2026-08,8
Phillipsburg PD,2020-10,7
Phillipsburg PD,2020-11,3
Phillipsburg PD,2020-12,3
Phillipsburg PD,2021-01,3
Phillipsburg PD,2021-02,2
Phillipsburg PD,2021-03,6
Phillipsburg PD,2021-05,8
Phillipsburg PD,2021-06,4
Phillipsburg PD,2021-07,4
Phillipsburg PD,2021-08,4
Phillipsburg PD,2021-09,7
Phillipsburg PD,2021-10,6
Phillipsburg PD,2021-11,2
Phillipsburg PD,2021-12,1
Phillipsburg PD,2022-01,3
Phillipsburg PD,2022-02,6
Phillipsburg PD,2022-03,2
Phillipsburg PD,2022-04,2
Phillipsburg PD,2022-05,4
Phillipsburg PD,2022-06,1
Phillipsburg PD,2022-07,3
Phillipsburg PD,2022-08,2
Phillipsburg PD,2022-09,6
Phillipsburg PD,2022-10,1
Phillipsburg PD,2022-11,1
Phillipsburg PD,2022-12,7
Phillipsburg PD,2023-01,8
Phillipsburg PD,2023-02,3
Phillipsburg PD,2023-03,6
Phillipsburg PD,2023-04,2
Phillipsburg PD,2023-05,6
Phillipsburg PD,2023-06,4
Phillipsburg PD,2023-07,2
Phillipsburg PD,2023-08,3
Phillipsburg PD,2023-09,2
Phillipsburg PD,2023-10,1
Phillipsburg PD,2023-11,4
Phillipsburg PD,2024-01,1
Phillipsburg PD,2024-02,4
Phillipsburg PD,2024-03,10
Phillipsburg PD,2024-04,3
Phillipsburg PD,2024-05,5
Phillipsburg PD,2024-06,6
Phillipsburg PD,2024-07,2
Phillipsburg PD,2024-08,2
Phillipsburg PD,2024-09,2
Phillipsburg PD,2024-11,8
Phillipsburg PD,2024-12,1
Phillipsburg PD,2025-01,1
Phillipsburg PD,2025-02,7
Phillipsburg PD,2025-05,2
Phillipsburg PD,2025-06,1
Phillipsburg PD,2025-08,1
Phillipsburg PD,2025-09,3
Phillipsburg PD,2025-10,2
Phillipsburg PD,2025-12,1
Phillipsburg PD,2026-01,2
Phillipsburg PD,2026-02,1
Phillipsburg PD,2026-03,2
Phillipsburg PD,2026-04,3
Phillipsburg PD,2026-06,1
Phillipsburg PD,2026-07,5
Phillipsburg PD,2026-08,1
Pine Beach Boro PD,2021-08,1
Pine Beach Boro PD,2023-01,1
Pine Beach Boro PD,2023-08,1
Pine Beach Boro PD,2023-11,1
Pine Beach Boro PD,2024-05,1
Pine Beach Boro PD,2024-06,1
Pine Beach Boro PD,2025-03,1
Pine Beach Boro PD,2025-04,1
Pine Beach Boro PD,2025-06,1
Pine Beach Boro PD,2025-07,1
Pine Hill PD,2020-10,1
Pine Hill PD,2020-11,1
Pine Hill PD,2020-12,3
Pine Hill PD,2021-02,2
Pine Hill PD,2021-03,2
Pine Hill PD,2021-04,3
Pine Hill PD,2021-08,2
Pine Hill PD,2021-12,3
Pine Hill PD,2022-01,1
Pine Hill PD,2022-02,1
Pine Hill PD,2022-03,1
Pine Hill PD,2022-04,1
Pine Hill PD,2022-05,1
Pine Hill PD,2022-06,1
Pine Hill PD,2022-07,1
Pine Hill PD,2022-08,1
Pine Hill PD,2022-09,1
Pine Hill PD,2022-10,3
Pine Hill PD,2022-11,2
Pine Hill PD,2022-12,3
Pine Hill PD,2023-01,1
Pine Hill PD,2023-03,1
Pine Hill PD,2023-04,2
Pine Hill PD,2023-05,1
Pine Hill PD,2023-07,2
Pine Hill PD,2023-09,1
Pine Hill PD,2023-10,2
Pine Hill PD,2023-11,1
Pine Hill PD,2024-01,2
Pine Hill PD,2024-02,6
Pine Hill PD,2024-03,2
Pine Hill PD,2024-06,3
Pine Hill PD,2024-07,1
Pine Hill PD,2024-08,4
Pine Hill PD,2024-09,2
Pine Hill PD,2024-10,2
Pine Hill PD,2025-04,3
Pine Hill PD,2025-05,2
Pine Hill PD,2025-06,2
Pine Hill PD,2025-08,2
Pine Hill PD,2025-09,2
Pine Hill PD,2025-11,2
Pine Hill PD,2026-01,1
Pine Hill PD,2026-02,2
Pine Hill PD,2026-04,2
Pine Hill PD,2026-05,3
Pine Hill PD,2026-06,1
Pine Hill PD,2026-07,1
Pine Hill PD,2026-08,5
Piscataway Twp PD,2020-11,1
Piscataway Twp PD,2021-01,2
Piscataway Twp PD,2021-02,1
Piscataway Twp PD,2021-06,1
Piscataway Twp PD,2021-08,2
Piscataway Twp PD,2021-10,1
Piscataway Twp PD,2021-12,2
Piscataway Twp PD,2022-01,4
Piscataway Twp PD,2022-02,2
Piscataway Twp PD,2022-03,1
Piscataway Twp PD,2022-04,3
Piscataway Twp PD,2022-05,5
Piscataway Twp PD,2022-06,3
Piscataway Twp PD,2022-07,1
Piscataway Twp PD,2022-08,3
Piscataway Twp PD,2022-09,2
Piscataway Twp PD,2022-10,2
Piscataway Twp PD,2022-11,1
Piscataway Twp PD,2022-12,2
Piscataway Twp PD,2023-01,3
Piscataway Twp PD,2023-02,1
Piscataway Twp PD,2023-03,1
Piscataway Twp PD,2023-04,1
Piscataway Twp PD,2023-05,4
Piscataway Twp PD,2023-09,3
Piscataway Twp PD,2023-10,1
Piscataway Twp PD,2023-12,2
Piscataway Twp PD,2024-01,4
Piscataway Twp PD,2024-03,2
Piscataway Twp PD,2024-04,1
Piscataway Twp PD,2024-06,1
Piscataway Twp PD,2024-08,1
Piscataway Twp PD,2024-09,1
Piscataway Twp PD,2024-10,2
Piscataway Twp PD,2024-11,1
Piscataway Twp PD,2025-01,2
Piscataway Twp PD,2025-02,1
Piscataway Twp PD,2025-03,1
Piscataway Twp PD,2025-04,1
Piscataway Twp PD,2025-05,2
Piscataway Twp PD,2025-06,3
Piscataway Twp PD,2025-08,1
Piscataway Twp PD,2025-09,2
Piscataway Twp PD,2025-10,1
Piscataway Twp PD,2025-11,1
Piscataway Twp PD,2025-12,3
Piscataway Twp PD,2026-01,3
Piscataway Twp PD,2026-02,1
Piscataway Twp PD,2026-03,1
Piscataway Twp PD,2026-04,2
Piscataway Twp PD,2026-05,1
Piscataway Twp PD,2026-08,3
Pitman PD,2020-10,1
Pitman PD,2020-11,2
Pitman PD,2020-12,2
Pitman PD,2021-07,2
Pitman PD,2021-08,1
Pitman PD,2021-10,2
Pitman PD,2021-11,2
Pitman PD,2021-12,7
Pitman PD,2022-02,1
Pitman PD,2023-02,1
Pitman PD,2023-03,2
Pitman PD,2023-04,1
Pitman PD,2023-12,1
Pitman PD,2024-01,1
Pitman PD,2024-04,1
Pitman PD,2024-05,1
Pitman PD,2024-06,1
Pitman PD,2024-07,1
Pitman PD,2024-12,3
Pitman PD,2025-01,2
Pitman PD,2025-07,3
Pitman PD,2025-08,1
Pitman PD,2025-09,1
Pitman PD,2025-10,1
Pitman PD,2026-01,2
Pitman PD,2026-02,1
Pitman PD,2026-04,1
Pitman PD,2026-07,3
Plainfield PD,2020-10,4
Plainfield PD,2020-11,4
Plainfield PD,2020-12,4
Plainfield PD,2021-01,2
Plainfield PD,2021-02,4
Plainfield PD,2021-03,5
Plainfield PD,2021-04,1
Plainfield PD,2021-05,4
Plainfield PD,2021-06,5
Plainfield PD,2021-07,3
Plainfield PD,2021-08,2
Plainfield PD,2021-09,3
Plainfield PD,2021-10,6
Plainfield PD,2021-11,4
Plainfield PD,2021-12,3
Plainfield PD,2022-01,5
Plainfield PD,2022-02,5
Plainfield PD,2022-03,3
Plainfield PD,2022-04,4
Plainfield PD,2022-05,10
Plainfield PD,2022-06,5
Plainfield PD,2022-07,6
Plainfield PD,2022-08,7
Plainfield PD,2022-09,5
Plainfield PD,2022-10,4
Plainfield PD,2022-11,4
Plainfield PD,2022-12,8
Plainfield PD,2023-01,7
Plainfield PD,2023-02,3
Plainfield PD,2023-03,2
Plainfield PD,2023-04,7
Plainfield PD,2023-05,3
Plainfield PD,2023-06,6
Plainfield PD,2023-07,8
Plainfield PD,2023-08,5
Plainfield PD,2023-09,9
Plainfield PD,2023-10,2
Plainfield PD,2023-11,6
Plainfield PD,2023-12,5
Plainfield PD,2024-01,2
Plainfield PD,2024-02,2
Plainfield PD,2024-03,4
Plainfield PD,2024-04,6
Plainfield PD,2024-05,2
Plainfield PD,2024-06,4
Plainfield PD,2024-07,7
Plainfield PD,2024-08,2
Plainfield PD,2024-09,4
Plainfield PD,2024-10,6
Plainfield PD,2024-11,4
Plainfield PD,2024-12,5
Plainfield PD,2025-01,6
Plainfield PD,2025-02,1
Plainfield PD,2025-03,3
Plainfield PD,2025-04,7
Plainfield PD,2025-05,2
Plainfield PD,2025-06,4
Plainfield PD,2025-07,4
Plainfield PD,2025-09,1
Plainfield PD,2025-10,1
Plainfield PD,2025-11,2
Plainfield PD,2025-12,2
Plainfield PD,2026-01,5
Plainfield PD,2026-02,3
Plainfield PD,2026-03,2
Plainfield PD,2026-04,3
Plainfield PD,2026-05,3
Plainfield PD,2026-06,3
Plainfield PD,2026-07,8
Plainsboro Twp PD,2020-11,6
Plainsboro Twp PD,2021-01,1
Plainsboro Twp PD,2021-02,1
Plainsboro Twp PD,2021-03,1
Plainsboro Twp PD,2021-05,1
Plainsboro Twp PD,2021-06,1
Plainsboro Twp PD,2021-10,1
Plainsboro Twp PD,2021-11,1
Plainsboro Twp PD,2022-01,2
Plainsboro Twp PD,2022-02,1
Plainsboro Twp PD,2022-03,2
Plainsboro Twp PD,2022-04,1
Plainsboro Twp PD,2022-05,1
Plainsboro Twp PD,2022-06,1
Plainsboro Twp PD,2022-11,1
Plainsboro Twp PD,2022-12,3
Plainsboro Twp PD,2023-02,1
Plainsboro Twp PD,2023-06,2
Plainsboro Twp PD,2023-08,1
Plainsboro Twp PD,2023-09,2
Plainsboro Twp PD,2024-02,1
Plainsboro Twp PD,2024-04,1
Plainsboro Twp PD,2024-06,1
Plainsboro Twp PD,2024-10,1
Plainsboro Twp PD,2025-01,2
Plainsboro Twp PD,2025-03,1
Plainsboro Twp PD,2025-05,1
Plainsboro Twp PD,2026-01,1
Plainsboro Twp PD,2026-07,1
Pleasantville PD,2020-10,6
Pleasantville PD,2020-11,5
Pleasantville PD,2020-12,3
Pleasantville PD,2021-02,4
Pleasantville PD,2021-04,7
Pleasantville PD,2021-05,6
Pleasantville PD,2021-06,6
Pleasantville PD,2021-07,7
Pleasantville PD,2021-08,12
Pleasantville PD,2021-09,4
Pleasantville PD,2021-10,3
Pleasantville PD,2021-11,8
Pleasantville PD,2021-12,4
Pleasantville PD,2022-01,3
Pleasantville PD,2022-02,1
Pleasantville PD,2022-03,6
Pleasantville PD,2022-04,7
Pleasantville PD,2022-05,7
Pleasantville PD,2022-06,8
Pleasantville PD,2022-07,2
Pleasantville PD,2022-08,3
Pleasantville PD,2022-09,2
Pleasantville PD,2022-10,1
Pleasantville PD,2022-11,5
Pleasantville PD,2022-12,4
Pleasantville PD,2023-01,5
Pleasantville PD,2023-03,4
Pleasantville PD,2023-04,3
Pleasantville PD,2023-05,1
Pleasantville PD,2023-06,4
Pleasantville PD,2023-07,5
Pleasantville PD,2023-08,2
Pleasantville PD,2023-09,13
Pleasantville PD,2023-10,7
Pleasantville PD,2023-11,5
Pleasantville PD,2023-12,1
Pleasantville PD,2024-01,11
Pleasantville PD,2024-02,6
Pleasantville PD,2024-03,5
Pleasantville PD,2024-04,8
Pleasantville PD,2024-05,9
Pleasantville PD,2024-06,5
Pleasantville PD,2024-07,11
Pleasantville PD,2024-08,2
Pleasantville PD,2024-09,6
Pleasantville PD,2024-10,6
Pleasantville PD,2024-11,9
Pleasantville PD,2024-12,5
Pleasantville PD,2025-01,5
Pleasantville PD,2025-02,6
Pleasantville PD,2025-03,4
Pleasantville PD,2025-05,2
Pleasantville PD,2025-06,7
Pleasantville PD,2025-07,6
Pleasantville PD,2025-08,2
Pleasantville PD,2025-09,5
Pleasantville PD,2025-10,5
Pleasantville PD,2025-11,5
Pleasantville PD,2025-12,3
Pleasantville PD,2026-01,3
Pleasantville PD,2026-02,7
Pleasantville PD,2026-03,4
Pleasantville PD,2026-04,2
Pleasantville PD,2026-05,5
Pleasantville PD,2026-06,3
Pleasantville PD,2026-07,1
Pleasantville PD,2026-08,3
Plumsted Twp PD,2020-10,1
Plumsted Twp PD,2020-12,1
Plumsted Twp PD,2021-04,1
Plumsted Twp PD,2021-05,2
Plumsted Twp PD,2021-09,1
Plumsted Twp PD,2021-12,1
Plumsted Twp PD,2022-01,1
Plumsted Twp PD,2022-02,2
Plumsted Twp PD,2022-04,2
Plumsted Twp PD,2022-06,1
Plumsted Twp PD,2022-08,2
Plumsted Twp PD,2022-09,1
Plumsted Twp PD,2022-10,1
Plumsted Twp PD,2022-12,2
Plumsted Twp PD,2023-01,2
Plumsted Twp PD,2023-05,1
Plumsted Twp PD,2023-06,2
Plumsted Twp PD,2023-09,2
Plumsted Twp PD,2023-11,1
Plumsted Twp PD,2023-12,1
Plumsted Twp PD,2024-03,2
Plumsted Twp PD,2024-04,5
Plumsted Twp PD,2024-05,2
Plumsted Twp PD,2024-06,1
Plumsted Twp PD,2024-09,2
Plumsted Twp PD,2024-12,3
Plumsted Twp PD,2025-01,1
Plumsted Twp PD,2025-02,1
Plumsted Twp PD,2025-04,1
Plumsted Twp PD,2025-06,1
Plumsted Twp PD,2025-09,1
Plumsted Twp PD,2025-10,1
Plumsted Twp PD,2026-02,1
Plumsted Twp PD,2026-03,1
Pohatcong PD,2021-01,1
Pohatcong PD,2021-03,3
Pohatcong PD,2021-04,1
Pohatcong PD,2021-06,1
Pohatcong PD,2021-10,1
Pohatcong PD,2022-01,1
Pohatcong PD,2022-02,3
Pohatcong PD,2022-06,1
Pohatcong PD,2022-07,1
Pohatcong PD,2022-08,1
Pohatcong PD,2023-01,1
Pohatcong PD,2023-04,2
Pohatcong PD,2023-05,1
Pohatcong PD,2023-08,2
Pohatcong PD,2023-10,1
Pohatcong PD,2023-11,1
Pohatcong PD,2023-12,1
Pohatcong PD,2024-02,1
Pohatcong PD,2024-03,1
Pohatcong PD,2024-06,1
Pohatcong PD,2024-07,1
Pohatcong PD,2024-09,1
Pohatcong PD,2024-10,1
Pohatcong PD,2024-12,1
Pohatcong PD,2025-05,3
Pohatcong PD,2025-07,1
Pohatcong PD,2026-01,1
Pohatcong PD,2026-03,1
Pohatcong PD,2026-04,2
Pohatcong PD,2026-07,2
Pohatcong PD,2026-08,1
Point Pleasant Beach PD,2020-12,1
Point Pleasant Beach PD,2021-01,2
Point Pleasant Beach PD,2021-02,1
Point Pleasant Beach PD,2021-04,1
Point Pleasant Beach PD,2021-05,4
Point Pleasant Beach PD,2021-07,4
Point Pleasant Beach PD,2021-08,3
Point Pleasant Beach PD,2021-09,2
Point Pleasant Beach PD,2021-10,2
Point Pleasant Beach PD,2022-01,1
Point Pleasant Beach PD,2022-03,2
Point Pleasant Beach PD,2022-04,1
Point Pleasant Beach PD,2022-05,2
Point Pleasant Beach PD,2022-06,3
Point Pleasant Beach PD,2022-07,3
Point Pleasant Beach PD,2022-08,2
Point Pleasant Beach PD,2022-11,2
Point Pleasant Beach PD,2023-05,3
Point Pleasant Beach PD,2023-06,1
Point Pleasant Beach PD,2023-07,7
Point Pleasant Beach PD,2023-08,3
Point Pleasant Beach PD,2023-09,2
Point Pleasant Beach PD,2023-10,1
Point Pleasant Beach PD,2023-12,2
Point Pleasant Beach PD,2024-01,4
Point Pleasant Beach PD,2024-02,1
Point Pleasant Beach PD,2024-03,1
Point Pleasant Beach PD,2024-05,3
Point Pleasant Beach PD,2024-06,5
Point Pleasant Beach PD,2024-07,7
Point Pleasant Beach PD,2024-08,2
Point Pleasant Beach PD,2024-09,2
Point Pleasant Beach PD,2024-12,1
Point Pleasant Beach PD,2025-01,1
Point Pleasant Beach PD,2025-02,1
Point Pleasant Beach PD,2025-05,1
Point Pleasant Beach PD,2025-06,3
Point Pleasant Beach PD,2025-07,4
Point Pleasant Beach PD,2025-08,3
Point Pleasant Beach PD,2025-09,1
Point Pleasant Beach PD,2025-11,1
Point Pleasant Beach PD,2026-01,1
Point Pleasant Beach PD,2026-03,1
Point Pleasant Beach PD,2026-05,3
Point Pleasant Beach PD,2026-06,2
Point Pleasant Beach PD,2026-07,9
Point Pleasant Beach PD,2026-08,2
Point Pleasant Boro PD,2020-11,1
Point Pleasant Boro PD,2020-12,2
Point Pleasant Boro PD,2021-01,1
Point Pleasant Boro PD,2021-02,1
Point Pleasant Boro PD,2021-03,1
Point Pleasant Boro PD,2021-04,1
Point Pleasant Boro PD,2021-06,3
Point Pleasant Boro PD,2021-08,3
Point Pleasant Boro PD,2022-04,1
Point Pleasant Boro PD,2022-12,1
Point Pleasant Boro PD,2023-01,1
Point Pleasant Boro PD,2023-03,1
Point Pleasant Boro PD,2023-07,2
Point Pleasant Boro PD,2023-08,1
Point Pleasant Boro PD,2023-09,1
Point Pleasant Boro PD,2024-03,1
Point Pleasant Boro PD,2024-07,1
Point Pleasant Boro PD,2024-09,1
Point Pleasant Boro PD,2025-03,1
Point Pleasant Boro PD,2025-07,3
Point Pleasant Boro PD,2025-08,1
Point Pleasant Boro PD,2025-09,1
Point Pleasant Boro PD,2026-05,1
Pompton Lakes Boro PD,2020-10,2
Pompton Lakes Boro PD,2020-12,1
Pompton Lakes Boro PD,2021-03,1
Pompton Lakes Boro PD,2022-05,1
Pompton Lakes Boro PD,2022-06,2
Pompton Lakes Boro PD,2022-07,1
Pompton Lakes Boro PD,2023-04,2
Pompton Lakes Boro PD,2023-09,4
Pompton Lakes Boro PD,2023-12,1
Pompton Lakes Boro PD,2024-05,1
Pompton Lakes Boro PD,2024-08,1
Pompton Lakes Boro PD,2024-11,2
Pompton Lakes Boro PD,2025-09,1
Pompton Lakes Boro PD,2026-06,1
Pompton Lakes Boro PD,2026-07,1
Princeton PD,2020-11,1
Princeton PD,2021-08,1
Princeton PD,2022-01,2
Princeton PD,2022-04,1
Princeton PD,2022-07,1
Princeton PD,2023-02,1
Princeton PD,2023-06,1
Princeton PD,2023-07,1
Princeton PD,2023-08,1
Princeton PD,2023-09,1
Princeton PD,2023-10,1
Princeton PD,2024-04,1
Princeton PD,2024-05,1
Princeton PD,2024-08,2
Princeton PD,2024-12,1
Princeton PD,2025-01,1
Princeton PD,2025-03,1
Princeton PD,2025-05,1
Princeton PD,2025-11,2
Princeton PD,2025-12,1
Princeton PD,2026-08,1
Princeton University Police,2021-09,2
Princeton University Police,2021-10,1
Princeton University Police,2021-11,2
Princeton University Police,2022-03,1
Princeton University Police,2022-04,2
Princeton University Police,2022-09,2
Princeton University Police,2022-10,1
Princeton University Police,2023-02,2
Princeton University Police,2023-03,1
Princeton University Police,2023-04,1
Princeton University Police,2023-05,2
Princeton University Police,2023-06,1
Princeton University Police,2023-07,1
Princeton University Police,2023-08,1
Princeton University Police,2023-09,1
Princeton University Police,2023-10,1
Princeton University Police,2023-12,2
Princeton University Police,2024-02,3
Princeton University Police,2024-04,2
Princeton University Police,2024-06,1
Princeton University Police,2024-09,1
Princeton University Police,2025-05,4
Princeton University Police,2025-06,1
Princeton University Police,2026-05,1
Princeton University Police,2026-07,1
Prospect Park Boro PD,2020-10,1
Prospect Park Boro PD,2020-11,1
Prospect Park Boro PD,2021-01,2
Prospect Park Boro PD,2021-02,1
Prospect Park Boro PD,2021-03,1
Prospect Park Boro PD,2021-06,1
Prospect Park Boro PD,2021-07,1
Prospect Park Boro PD,2021-09,1
Prospect Park Boro PD,2021-10,1
Prospect Park Boro PD,2022-01,1
Prospect Park Boro PD,2022-04,1
Prospect Park Boro PD,2022-07,1
Prospect Park Boro PD,2023-09,1
Prospect Park Boro PD,2023-12,1
Prospect Park Boro PD,2024-03,1
Prospect Park Boro PD,2024-05,1
Prospect Park Boro PD,2024-07,1
Prospect Park Boro PD,2024-08,1
Prospect Park Boro PD,2024-09,1
Prospect Park Boro PD,2024-10,1
Prospect Park Boro PD,2025-06,1
Prospect Park Boro PD,2025-08,1
Prospect Park Boro PD,2025-09,1
Prospect Park Boro PD,2025-10,1
Prospect Park Boro PD,2025-11,1
Prospect Park Boro PD,2026-07,2
Rahway PD,2020-10,4
Rahway PD,2020-11,3
Rahway PD,2020-12,1
Rahway PD,2021-02,5
Rahway PD,2021-03,1
Rahway PD,2021-05,5
Rahway PD,2021-07,4
Rahway PD,2021-09,1
Rahway PD,2021-10,2
Rahway PD,2021-11,2
Rahway PD,2021-12,7
Rahway PD,2022-01,1
Rahway PD,2022-02,1
Rahway PD,2022-03,1
Rahway PD,2022-04,1
Rahway PD,2022-05,3
Rahway PD,2022-06,3
Rahway PD,2022-07,3
Rahway PD,2022-08,2
Rahway PD,2022-09,3
Rahway PD,2022-10,4
Rahway PD,2022-11,1
Rahway PD,2023-01,1
Rahway PD,2023-02,1
Rahway PD,2023-03,2
Rahway PD,2023-04,5
Rahway PD,2023-05,2
Rahway PD,2023-06,5
Rahway PD,2023-07,6
Rahway PD,2023-08,2
Rahway PD,2023-09,1
Rahway PD,2023-10,4
Rahway PD,2023-11,2
Rahway PD,2023-12,4
Rahway PD,2024-02,2
Rahway PD,2024-03,1
Rahway PD,2024-04,1
Rahway PD,2024-05,1
Rahway PD,2024-06,1
Rahway PD,2024-07,4
Rahway PD,2024-08,1
Rahway PD,2024-09,3
Rahway PD,2024-10,4
Rahway PD,2024-11,4
Rahway PD,2024-12,2
Rahway PD,2025-01,2
Rahway PD,2025-02,1
Rahway PD,2025-03,2
Rahway PD,2025-04,4
Rahway PD,2025-05,4
Rahway PD,2025-06,2
Rahway PD,2025-07,6
Rahway PD,2025-08,4
Rahway PD,2025-09,6
Rahway PD,2025-10,7
Rahway PD,2025-11,4
Rahway PD,2025-12,3
Rahway PD,2026-01,5
Rahway PD,2026-02,1
Rahway PD,2026-03,3
Rahway PD,2026-04,4
Rahway PD,2026-05,4
Rahway PD,2026-06,2
Rahway PD,2026-07,1
Rahway PD,2026-08,1
Ramsey PD,2020-10,1
Ramsey PD,2020-11,1
Ramsey PD,2021-01,2
Ramsey PD,2021-03,2
Ramsey PD,2021-06,2
Ramsey PD,2021-08,3
Ramsey PD,2022-01,1
Ramsey PD,2022-02,1
Ramsey PD,2022-05,2
Ramsey PD,2022-06,1
Ramsey PD,2022-09,2
Ramsey PD,2022-10,1
Ramsey PD,2023-02,3
Ramsey PD,2023-03,4
Ramsey PD,2023-08,2
Ramsey PD,2024-05,2
Ramsey PD,2024-08,1
Ramsey PD,2024-11,1
Ramsey PD,2025-05,3
Ramsey PD,2025-06,2
Ramsey PD,2025-07,1
Ramsey PD,2025-09,1
Ramsey PD,2026-01,1
Ramsey PD,2026-07,1
Randolph Twp PD,2020-10,1
Randolph Twp PD,2021-01,1
Randolph Twp PD,2021-03,1
Randolph Twp PD,2021-04,2
Randolph Twp PD,2021-05,2
Randolph Twp PD,2021-06,1
Randolph Twp PD,2021-08,1
Randolph Twp PD,2021-10,1
Randolph Twp PD,2021-11,2
Randolph Twp PD,2022-01,1
Randolph Twp PD,2022-02,1
Randolph Twp PD,2022-03,1
Randolph Twp PD,2022-06,1
Randolph Twp PD,2022-07,1
Randolph Twp PD,2022-08,1
Randolph Twp PD,2023-02,1
Randolph Twp PD,2023-03,1
Randolph Twp PD,2023-08,1
Randolph Twp PD,2024-02,1
Randolph Twp PD,2024-04,1
Randolph Twp PD,2024-07,1
Randolph Twp PD,2024-08,1
Randolph Twp PD,2025-04,1
Randolph Twp PD,2025-06,1
Randolph Twp PD,2025-07,1
Randolph Twp PD,2025-08,1
Randolph Twp PD,2025-09,1
Randolph Twp PD,2026-01,1
Randolph Twp PD,2026-02,1
Randolph Twp PD,2026-03,1
Randolph Twp PD,2026-06,1
Randolph Twp PD,2026-07,1
Raritan PD,2021-03,1
Raritan PD,2021-05,1
Raritan PD,2021-07,1
Raritan PD,2021-08,1
Raritan PD,2021-12,3
Raritan PD,2022-01,1
Raritan PD,2022-03,1
Raritan PD,2022-07,1
Raritan PD,2022-08,2
Raritan PD,2022-10,1
Raritan PD,2022-11,2
Raritan PD,2023-03,1
Raritan PD,2023-04,2
Raritan PD,2023-05,2
Raritan PD,2023-07,1
Raritan PD,2023-08,1
Raritan PD,2023-09,1
Raritan PD,2023-10,2
Raritan PD,2025-01,3
Raritan PD,2025-05,1
Raritan PD,2025-06,1
Raritan PD,2025-09,1
Raritan PD,2026-03,1
Raritan PD,2026-04,1
Raritan PD,2026-07,1
Raritan Twp PD,2020-10,1
Raritan Twp PD,2020-11,1
Raritan Twp PD,2020-12,1
Raritan Twp PD,2021-01,1
Raritan Twp PD,2021-02,2
Raritan Twp PD,2021-05,1
Raritan Twp PD,2021-07,1
Raritan Twp PD,2021-08,1
Raritan Twp PD,2021-10,1
Raritan Twp PD,2022-01,1
Raritan Twp PD,2022-03,1
Raritan Twp PD,2022-04,1
Raritan Twp PD,2022-05,1
Raritan Twp PD,2022-07,2
Raritan Twp PD,2022-08,2
Raritan Twp PD,2022-09,1
Raritan Twp PD,2022-10,3
Raritan Twp PD,2022-11,2
Raritan Twp PD,2023-01,2
Raritan Twp PD,2023-02,1
Raritan Twp PD,2023-04,1
Raritan Twp PD,2023-05,2
Raritan Twp PD,2023-06,4
Raritan Twp PD,2023-07,2
Raritan Twp PD,2023-09,3
Raritan Twp PD,2023-10,2
Raritan Twp PD,2024-01,2
Raritan Twp PD,2024-02,1
Raritan Twp PD,2024-05,2
Raritan Twp PD,2024-06,1
Raritan Twp PD,2024-07,2
Raritan Twp PD,2024-08,1
Raritan Twp PD,2024-09,1
Raritan Twp PD,2024-10,3
Raritan Twp PD,2024-11,5
Raritan Twp PD,2025-02,1
Raritan Twp PD,2025-04,1
Raritan Twp PD,2025-05,2
Raritan Twp PD,2025-06,1
Raritan Twp PD,2025-09,1
Raritan Twp PD,2025-10,1
Raritan Twp PD,2025-11,1
Raritan Twp PD,2026-03,1
Raritan Twp PD,2026-06,4
Readington PD,2021-01,1
Readington PD,2021-05,1
Readington PD,2021-06,1
Readington PD,2022-06,1
Readington PD,2022-07,1
Readington PD,2022-09,1
Readington PD,2022-11,1
Readington PD,2023-02,1
Readington PD,2023-03,1
Readington PD,2023-06,1
Readington PD,2023-08,1
Readington PD,2023-12,1
Readington PD,2024-03,2
Readington PD,2024-04,1
Readington PD,2024-07,1
Readington PD,2024-08,1
Readington PD,2024-12,1
Readington PD,2025-02,2
Readington PD,2025-06,2
Readington PD,2025-08,1
Readington PD,2026-01,1
Readington PD,2026-03,2
Readington PD,2026-07,1
Readington PD,2026-08,3
Red Bank PD,2020-10,3
Red Bank PD,2020-11,2
Red Bank PD,2020-12,3
Red Bank PD,2021-01,1
Red Bank PD,2021-02,3
Red Bank PD,2021-03,2
Red Bank PD,2021-04,3
Red Bank PD,2021-05,1
Red Bank PD,2021-06,4
Red Bank PD,2021-07,2
Red Bank PD,2021-08,2
Red Bank PD,2021-09,1
Red Bank PD,2021-10,4
Red Bank PD,2021-11,2
Red Bank PD,2022-01,3
Red Bank PD,2022-02,3
Red Bank PD,2022-03,2
Red Bank PD,2022-04,1
Red Bank PD,2022-05,4
Red Bank PD,2022-06,1
Red Bank PD,2022-07,7
Red Bank PD,2022-08,2
Red Bank PD,2022-09,1
Red Bank PD,2022-10,5
Red Bank PD,2022-11,3
Red Bank PD,2022-12,2
Red Bank PD,2023-02,1
Red Bank PD,2023-03,2
Red Bank PD,2023-04,2
Red Bank PD,2023-05,1
Red Bank PD,2023-06,1
Red Bank PD,2023-07,1
Red Bank PD,2023-08,3
Red Bank PD,2023-09,1
Red Bank PD,2023-10,2
Red Bank PD,2023-12,2
Red Bank PD,2024-01,1
Red Bank PD,2024-02,3
Red Bank PD,2024-03,1
Red Bank PD,2024-04,4
Red Bank PD,2024-05,2
Red Bank PD,2024-06,3
Red Bank PD,2024-07,3
Red Bank PD,2024-08,4
Red Bank PD,2024-09,6
Red Bank PD,2024-10,5
Red Bank PD,2024-12,2
Red Bank PD,2025-01,3
Red Bank PD,2025-02,1
Red Bank PD,2025-03,3
Red Bank PD,2025-04,3
Red Bank PD,2025-05,5
Red Bank PD,2025-06,2
Red Bank PD,2025-07,2
Red Bank PD,2025-08,5
Red Bank PD,2025-09,5
Red Bank PD,2025-10,5
Red Bank PD,2025-11,2
Red Bank PD,2025-12,3
Red Bank PD,2026-01,4
Red Bank PD,2026-02,2
Red Bank PD,2026-03,3
Red Bank PD,2026-04,3
Red Bank PD,2026-05,2
Red Bank PD,2026-06,2
Red Bank PD,2026-07,3
Red Bank PD,2026-08,1
Ridgefield Boro PD,2021-07,1
Ridgefield Boro PD,2021-10,3
Ridgefield Boro PD,2022-05,2
Ridgefield Boro PD,2022-10,1
Ridgefield Boro PD,2022-11,2
Ridgefield Boro PD,2022-12,1
Ridgefield Boro PD,2023-01,1
Ridgefield Boro PD,2023-05,1
Ridgefield Boro PD,2023-06,2
Ridgefield Boro PD,2023-08,1
Ridgefield Boro PD,2023-09,1
Ridgefield Boro PD,2023-12,1
Ridgefield Boro PD,2024-02,1
Ridgefield Boro PD,2025-11,1
Ridgefield Boro PD,2025-12,1
Ridgefield Boro PD,2026-05,1
Ridgefield Boro PD,2026-07,1
Ridgefield Park PD,2021-08,2
Ridgefield Park PD,2022-05,1
Ridgefield Park PD,2022-06,1
Ridgefield Park PD,2022-07,1
Ridgefield Park PD,2022-08,2
Ridgefield Park PD,2022-09,2
Ridgefield Park PD,2022-12,2
Ridgefield Park PD,2023-01,2
Ridgefield Park PD,2023-05,1
Ridgefield Park PD,2023-06,5
Ridgefield Park PD,2023-09,1
Ridgefield Park PD,2023-10,1
Ridgefield Park PD,2024-06,3
Ridgefield Park PD,2024-08,1
Ridgefield Park PD,2024-09,1
Ridgefield Park PD,2025-07,1
Ridgefield Park PD,2025-08,1
Ridgefield Park PD,2025-10,2
Ridgefield Park PD,2026-02,1
Ridgefield Park PD,2026-07,1
Ridgewood Village PD,2020-10,1
Ridgewood Village PD,2021-01,2
Ridgewood Village PD,2021-06,1
Ridgewood Village PD,2021-09,2
Ridgewood Village PD,2021-11,1
Ridgewood Village PD,2022-02,1
Ridgewood Village PD,2022-06,4
Ridgewood Village PD,2022-07,1
Ridgewood Village PD,2022-12,1
Ridgewood Village PD,2023-01,4
Ridgewood Village PD,2023-04,1
Ridgewood Village PD,2023-10,3
Ridgewood Village PD,2023-11,1
Ridgewood Village PD,2024-02,2
Ridgewood Village PD,2024-04,5
Ridgewood Village PD,2024-06,6
Ridgewood Village PD,2024-09,4
Ridgewood Village PD,2024-11,2
Ridgewood Village PD,2025-01,1
Ridgewood Village PD,2025-03,5
Ridgewood Village PD,2025-07,1
Ridgewood Village PD,2025-08,1
Ridgewood Village PD,2025-11,3
Ridgewood Village PD,2026-01,1
Ridgewood Village PD,2026-03,1
Ridgewood Village PD,2026-04,2
Ridgewood Village PD,2026-06,1
Ringwood Boro PD,2020-12,1
Ringwood Boro PD,2021-09,2
Ringwood Boro PD,2021-10,1
Ringwood Boro PD,2021-11,2
Ringwood Boro PD,2022-09,1
Ringwood Boro PD,2022-10,2
Ringwood Boro PD,2022-11,2
Ringwood Boro PD,2023-05,1
Ringwood Boro PD,2023-06,1
Ringwood Boro PD,2023-09,2
Ringwood Boro PD,2023-11,1
Ringwood Boro PD,2024-02,1
Ringwood Boro PD,2024-03,1
Ringwood Boro PD,2024-05,1
Ringwood Boro PD,2024-06,1
Ringwood Boro PD,2024-10,2
Ringwood Boro PD,2024-12,1
Ringwood Boro PD,2025-03,1
Ringwood Boro PD,2025-04,1
Ringwood Boro PD,2025-05,1
Ringwood Boro PD,2025-06,1
Ringwood Boro PD,2025-07,2
Ringwood Boro PD,2025-08,1
Ringwood Boro PD,2025-09,1
Ringwood Boro PD,2025-11,1
Ringwood Boro PD,2026-01,1
Ringwood Boro PD,2026-03,1
Ringwood Boro PD,2026-05,1
Ringwood Boro PD,2026-06,1
River Edge PD,2022-01,1
River Edge PD,2022-06,1
River Edge PD,2023-01,1
River Edge PD,2023-02,1
River Edge PD,2023-06,1
River Edge PD,2023-09,1
River Edge PD,2023-11,2
River Edge PD,2023-12,1
River Edge PD,2024-07,1
River Edge PD,2024-11,1
River Edge PD,2024-12,1
River Edge PD,2025-04,1
River Edge PD,2025-05,1
River Edge PD,2025-07,1
River Edge PD,2025-12,1
River Edge PD,2026-01,1
River Edge PD,2026-03,1
River Edge PD,2026-04,1
River Edge PD,2026-06,1
River Edge PD,2026-08,1
River Vale PD,2021-01,1
River Vale PD,2022-01,1
River Vale PD,2022-04,1
River Vale PD,2022-06,1
River Vale PD,2022-07,2
River Vale PD,2023-02,1
River Vale PD,2023-11,1
River Vale PD,2024-03,1
River Vale PD,2024-10,1
River Vale PD,2025-09,1
River Vale PD,2025-12,1
River Vale PD,2026-03,1
Riverdale PD,2020-12,2
Riverdale PD,2021-04,1
Riverdale PD,2021-11,1
Riverdale PD,2021-12,1
Riverdale PD,2022-01,1
Riverdale PD,2022-03,1
Riverdale PD,2022-06,1
Riverdale PD,2022-07,1
Riverdale PD,2022-09,1
Riverdale PD,2023-01,1
Riverdale PD,2023-03,1
Riverdale PD,2023-04,1
Riverdale PD,2023-06,1
Riverdale PD,2023-08,1
Riverdale PD,2023-10,1
Riverdale PD,2023-12,1
Riverdale PD,2024-01,1
Riverdale PD,2024-03,2
Riverdale PD,2024-05,1
Riverdale PD,2024-07,1
Riverdale PD,2025-03,1
Riverdale PD,2025-05,1
Riverdale PD,2026-06,3
Riverdale PD,2026-08,1
Riverside PD,2021-01,1
Riverside PD,2021-02,3
Riverside PD,2021-05,3
Riverside PD,2021-06,2
Riverside PD,2021-07,1
Riverside PD,2021-10,1
Riverside PD,2021-11,4
Riverside PD,2022-01,1
Riverside PD,2022-02,3
Riverside PD,2022-03,3
Riverside PD,2022-04,1
Riverside PD,2022-05,2
Riverside PD,2022-07,4
Riverside PD,2022-08,3
Riverside PD,2022-09,2
Riverside PD,2022-10,3
Riverside PD,2022-12,3
Riverside PD,2023-01,2
Riverside PD,2023-03,1
Riverside PD,2023-05,2
Riverside PD,2023-06,2
Riverside PD,2023-07,1
Riverside PD,2023-08,3
Riverside PD,2023-10,1
Riverside PD,2023-11,1
Riverside PD,2023-12,2
Riverside PD,2024-01,2
Riverside PD,2024-02,3
Riverside PD,2024-04,2
Riverside PD,2024-08,1
Riverside PD,2024-09,3
Riverside PD,2024-10,2
Riverside PD,2024-11,1
Riverside PD,2024-12,4
Riverside PD,2025-01,1
Riverside PD,2025-02,3
Riverside PD,2025-03,2
Riverside PD,2025-04,1
Riverside PD,2025-05,1
Riverside PD,2025-09,1
Riverside PD,2025-10,2
Riverside PD,2025-11,1
Riverside PD,2025-12,2
Riverside PD,2026-01,1
Riverside PD,2026-02,1
Riverside PD,2026-03,2
Riverside PD,2026-05,1
Riverside PD,2026-06,1
Riverside PD,2026-07,2
Riverton Boro PD,2021-01,1
Riverton Boro PD,2021-03,1
Riverton Boro PD,2021-07,1
Riverton Boro PD,2022-01,1
Riverton Boro PD,2022-04,1
Riverton Boro PD,2022-08,1
Riverton Boro PD,2022-09,1
Riverton Boro PD,2022-11,1
Riverton Boro PD,2022-12,1
Riverton Boro PD,2023-01,2
Riverton Boro PD,2023-05,1
Riverton Boro PD,2023-06,1
Riverton Boro PD,2023-09,2
Riverton Boro PD,2024-07,1
Riverton Boro PD,2024-10,1
Riverton Boro PD,2024-11,1
Riverton Boro PD,2026-04,1
Riverton Boro PD,2026-07,1
Robbinsville Twp PD,2020-10,1
Robbinsville Twp PD,2020-11,2
Robbinsville Twp PD,2020-12,1
Robbinsville Twp PD,2021-02,1
Robbinsville Twp PD,2021-04,5
Robbinsville Twp PD,2021-05,3
Robbinsville Twp PD,2021-06,1
Robbinsville Twp PD,2021-10,2
Robbinsville Twp PD,2022-02,1
Robbinsville Twp PD,2022-05,1
Robbinsville Twp PD,2022-06,3
Robbinsville Twp PD,2022-07,1
Robbinsville Twp PD,2022-10,1
Robbinsville Twp PD,2023-01,2
Robbinsville Twp PD,2023-02,2
Robbinsville Twp PD,2023-06,2
Robbinsville Twp PD,2023-07,2
Robbinsville Twp PD,2023-08,1
Robbinsville Twp PD,2023-09,2
Robbinsville Twp PD,2023-10,1
Robbinsville Twp PD,2024-01,1
Robbinsville Twp PD,2024-02,1
Robbinsville Twp PD,2024-08,2
Robbinsville Twp PD,2024-12,1
Robbinsville Twp PD,2025-04,1
Robbinsville Twp PD,2025-09,2
Robbinsville Twp PD,2025-10,1
Robbinsville Twp PD,2025-12,1
Robbinsville Twp PD,2026-01,1
Robbinsville Twp PD,2026-04,1
Robbinsville Twp PD,2026-06,1
Robbinsville Twp PD,2026-07,1
Robbinsville Twp PD,2026-08,1
Rochelle Park PD,2020-10,1
Rochelle Park PD,2020-11,4
Rochelle Park PD,2020-12,1
Rochelle Park PD,2021-02,2
Rochelle Park PD,2021-03,2
Rochelle Park PD,2021-08,2
Rochelle Park PD,2021-09,2
Rochelle Park PD,2022-01,1
Rochelle Park PD,2022-02,1
Rochelle Park PD,2022-04,2
Rochelle Park PD,2022-05,2
Rochelle Park PD,2022-06,1
Rochelle Park PD,2022-07,1
Rochelle Park PD,2022-08,1
Rochelle Park PD,2022-09,3
Rochelle Park PD,2022-10,2
Rochelle Park PD,2022-12,1
Rochelle Park PD,2023-01,2
Rochelle Park PD,2023-05,1
Rochelle Park PD,2023-07,3
Rochelle Park PD,2023-08,1
Rochelle Park PD,2023-10,2
Rochelle Park PD,2023-11,2
Rochelle Park PD,2023-12,1
Rochelle Park PD,2024-01,1
Rochelle Park PD,2024-02,1
Rochelle Park PD,2024-05,1
Rochelle Park PD,2024-06,1
Rochelle Park PD,2024-07,2
Rochelle Park PD,2024-09,1
Rochelle Park PD,2024-11,2
Rochelle Park PD,2024-12,3
Rochelle Park PD,2025-01,1
Rochelle Park PD,2025-03,1
Rochelle Park PD,2026-01,4
Rochelle Park PD,2026-03,1
Rochelle Park PD,2026-04,1
Rochelle Park PD,2026-05,1
Rochelle Park PD,2026-07,1
Rochelle Park PD,2026-08,1
Rockaway Boro PD,2020-10,1
Rockaway Boro PD,2021-03,2
Rockaway Boro PD,2022-04,1
Rockaway Boro PD,2022-05,1
Rockaway Boro PD,2022-12,1
Rockaway Boro PD,2023-05,1
Rockaway Boro PD,2023-06,1
Rockaway Boro PD,2024-02,1
Rockaway Boro PD,2024-03,1
Rockaway Boro PD,2024-05,1
Rockaway Boro PD,2024-07,2
Rockaway Boro PD,2024-09,1
Rockaway Boro PD,2024-10,1
Rockaway Boro PD,2025-02,1
Rockaway Boro PD,2025-03,1
Rockaway Boro PD,2025-06,1
Rockaway Boro PD,2025-08,1
Rockaway Boro PD,2025-11,1
Rockaway Boro PD,2026-03,1
Rockaway Boro PD,2026-04,1
Rockaway Boro PD,2026-05,2
Rockaway Twp PD,2020-10,2
Rockaway Twp PD,2020-11,1
Rockaway Twp PD,2021-01,1
Rockaway Twp PD,2021-02,1
Rockaway Twp PD,2021-07,2
Rockaway Twp PD,2021-10,1
Rockaway Twp PD,2021-11,1
Rockaway Twp PD,2022-01,2
Rockaway Twp PD,2022-05,3
Rockaway Twp PD,2022-06,5
Rockaway Twp PD,2022-08,2
Rockaway Twp PD,2022-10,1
Rockaway Twp PD,2023-03,2
Rockaway Twp PD,2023-04,1
Rockaway Twp PD,2023-07,1
Rockaway Twp PD,2023-10,1
Rockaway Twp PD,2024-02,1
Rockaway Twp PD,2024-03,4
Rockaway Twp PD,2024-06,1
Rockaway Twp PD,2024-07,1
Rockaway Twp PD,2024-11,3
Rockaway Twp PD,2025-01,1
Rockaway Twp PD,2025-04,4
Rockaway Twp PD,2025-05,1
Rockaway Twp PD,2025-06,2
Rockaway Twp PD,2025-07,1
Rockaway Twp PD,2025-09,1
Rockaway Twp PD,2025-11,1
Rockaway Twp PD,2025-12,3
Rockaway Twp PD,2026-04,2
Roseland PD,2021-01,1
Roseland PD,2023-07,1
Roseland PD,2024-02,1
Roseland PD,2025-01,1
Roseland PD,2025-02,1
Roseland PD,2026-01,1
Roselle PD,2020-10,2
Roselle PD,2020-11,2
Roselle PD,2020-12,1
Roselle PD,2021-01,1
Roselle PD,2021-02,1
Roselle PD,2021-03,3
Roselle PD,2021-04,4
Roselle PD,2021-06,3
Roselle PD,2021-07,2
Roselle PD,2021-08,2
Roselle PD,2021-09,3
Roselle PD,2021-10,1
Roselle PD,2021-11,2
Roselle PD,2021-12,9
Roselle PD,2022-01,3
Roselle PD,2022-03,1
Roselle PD,2022-04,4
Roselle PD,2022-05,1
Roselle PD,2022-06,5
Roselle PD,2022-07,5
Roselle PD,2022-08,4
Roselle PD,2022-09,2
Roselle PD,2022-10,1
Roselle PD,2022-11,3
Roselle PD,2023-02,3
Roselle PD,2023-03,3
Roselle PD,2023-04,2
Roselle PD,2023-05,2
Roselle PD,2023-06,2
Roselle PD,2023-07,2
Roselle PD,2023-08,3
Roselle PD,2023-09,3
Roselle PD,2023-11,3
Roselle PD,2023-12,3
Roselle PD,2024-01,1
Roselle PD,2024-02,2
Roselle PD,2024-03,2
Roselle PD,2024-04,5
Roselle PD,2024-05,2
Roselle PD,2024-06,2
Roselle PD,2024-07,5
Roselle PD,2024-08,3
Roselle PD,2024-09,3
Roselle PD,2024-10,2
Roselle PD,2024-11,2
Roselle PD,2024-12,6
Roselle PD,2025-01,2
Roselle PD,2025-02,3
Roselle PD,2025-03,4
Roselle PD,2025-04,3
Roselle PD,2025-05,6
Roselle PD,2025-06,5
Roselle PD,2025-07,6
Roselle PD,2025-08,5
Roselle PD,2025-09,2
Roselle PD,2025-10,3
Roselle PD,2025-12,1
Roselle PD,2026-01,3
Roselle PD,2026-03,2
Roselle PD,2026-04,9
Roselle PD,2026-05,10
Roselle PD,2026-06,1
Roselle PD,2026-07,4
Roselle PD,2026-08,11
Roselle Park PD,2021-02,2
Roselle Park PD,2021-03,1
Roselle Park PD,2021-06,1
Roselle Park PD,2021-07,1
Roselle Park PD,2021-11,2
Roselle Park PD,2022-03,1
Roselle Park PD,2022-05,1
Roselle Park PD,2022-07,2
Roselle Park PD,2022-10,1
Roselle Park PD,2022-11,1
Roselle Park PD,2023-01,1
Roselle Park PD,2023-04,1
Roselle Park PD,2023-07,3
Roselle Park PD,2023-08,1
Roselle Park PD,2023-09,1
Roselle Park PD,2023-10,1
Roselle Park PD,2024-01,2
Roselle Park PD,2024-03,1
Roselle Park PD,2024-04,2
Roselle Park PD,2024-05,1
Roselle Park PD,2024-06,1
Roselle Park PD,2024-07,1
Roselle Park PD,2024-08,1
Roselle Park PD,2024-11,1
Roselle Park PD,2024-12,2
Roselle Park PD,2025-01,2
Roselle Park PD,2025-03,1
Roselle Park PD,2025-04,2
Roselle Park PD,2025-05,2
Roselle Park PD,2025-06,1
Roselle Park PD,2025-08,1
Roselle Park PD,2025-09,2
Roselle Park PD,2025-12,1
Roselle Park PD,2026-01,3
Roselle Park PD,2026-02,2
Roselle Park PD,2026-03,2
Roselle Park PD,2026-08,1
Rowan University of NJ,2020-10,2
Rowan University of NJ,2020-11,2
Rowan University of NJ,2021-04,2
Rowan University of NJ,2022-01,3
Rowan University of NJ,2022-04,6
Rowan University of NJ,2022-05,1
Rowan University of NJ,2022-06,1
Rowan University of NJ,2022-07,1
Rowan University of NJ,2022-08,1
Rowan University of NJ,2022-09,3
Rowan University of NJ,2022-10,2
Rowan University of NJ,2022-11,2
Rowan University of NJ,2022-12,2
Rowan University of NJ,2023-04,1
Rowan University of NJ,2023-06,1
Rowan University of NJ,2023-09,2
Rowan University of NJ,2023-10,4
Rowan University of NJ,2023-11,2
Rowan University of NJ,2023-12,1
Rowan University of NJ,2024-01,1
Rowan University of NJ,2024-02,1
Rowan University of NJ,2024-03,1
Rowan University of NJ,2024-06,3
Rowan University of NJ,2024-08,2
Rowan University of NJ,2024-09,1
Rowan University of NJ,2024-11,1
Rowan University of NJ,2025-01,4
Rowan University of NJ,2025-03,1
Rowan University of NJ,2025-04,1
Rowan University of NJ,2025-05,1
Rowan University of NJ,2025-08,1
Rowan University of NJ,2025-09,3
Rowan University of NJ,2025-11,1
Rowan University of NJ,2026-02,1
Rowan University of NJ,2026-04,1
Rowan University of NJ,2026-05,1
Rowan University of NJ,2026-06,1
Rowan University of NJ,2026-07,1
Roxbury Twp PD,2020-10,1
Roxbury Twp PD,2021-03,1
Roxbury Twp PD,2021-05,2
Roxbury Twp PD,2021-08,7
Roxbury Twp PD,2022-02,2
Roxbury Twp PD,2022-04,1
Roxbury Twp PD,2022-08,1
Roxbury Twp PD,2022-09,1
Roxbury Twp PD,2022-10,2
Roxbury Twp PD,2022-11,1
Roxbury Twp PD,2022-12,1
Roxbury Twp PD,2023-01,2
Roxbury Twp PD,2023-02,2
Roxbury Twp PD,2023-03,1
Roxbury Twp PD,2023-06,1
Roxbury Twp PD,2023-08,2
Roxbury Twp PD,2023-09,1
Roxbury Twp PD,2023-10,1
Roxbury Twp PD,2023-12,2
Roxbury Twp PD,2024-01,3
Roxbury Twp PD,2024-03,2
Roxbury Twp PD,2024-04,2
Roxbury Twp PD,2024-06,4
Roxbury Twp PD,2024-08,1
Roxbury Twp PD,2024-09,2
Roxbury Twp PD,2024-10,2
Roxbury Twp PD,2024-11,1
Roxbury Twp PD,2025-01,1
Roxbury Twp PD,2025-02,1
Roxbury Twp PD,2025-03,1
Roxbury Twp PD,2025-05,1
Roxbury Twp PD,2025-06,1
Roxbury Twp PD,2025-07,1
Roxbury Twp PD,2025-08,3
Roxbury Twp PD,2025-09,1
Roxbury Twp PD,2025-10,1
Roxbury Twp PD,2025-11,4
Roxbury Twp PD,2026-01,3
Roxbury Twp PD,2026-03,2
Roxbury Twp PD,2026-04,2
Roxbury Twp PD,2026-05,1
Roxbury Twp PD,2026-07,1
Rumson PD,2022-05,2
Rumson PD,2022-07,2
Rumson PD,2023-01,1
Rumson PD,2023-02,2
Rumson PD,2023-04,1
Rumson PD,2024-03,1
Rumson PD,2024-07,1
Rumson PD,2024-12,1
Rumson PD,2025-10,1
Rumson PD,2025-11,1
Runnemede PD,2021-01,1
Runnemede PD,2021-02,1
Runnemede PD,2021-03,1
Runnemede PD,2021-05,1
Runnemede PD,2021-07,1
Runnemede PD,2021-09,4
Runnemede PD,2021-10,1
Runnemede PD,2021-11,1
Runnemede PD,2022-01,2
Runnemede PD,2022-02,1
Runnemede PD,2022-04,2
Runnemede PD,2022-05,1
Runnemede PD,2022-07,1
Runnemede PD,2022-08,3
Runnemede PD,2022-09,2
Runnemede PD,2022-10,2
Runnemede PD,2023-01,1
Runnemede PD,2023-03,2
Runnemede PD,2023-04,1
Runnemede PD,2023-07,2
Runnemede PD,2023-09,1
Runnemede PD,2023-12,1
Runnemede PD,2024-01,2
Runnemede PD,2024-06,1
Runnemede PD,2024-07,3
Runnemede PD,2024-08,2
Runnemede PD,2024-09,1
Runnemede PD,2024-10,1
Runnemede PD,2024-11,3
Runnemede PD,2024-12,1
Runnemede PD,2025-03,1
Runnemede PD,2025-04,2
Runnemede PD,2025-05,1
Runnemede PD,2025-06,1
Runnemede PD,2025-07,1
Runnemede PD,2025-08,1
Runnemede PD,2025-09,1
Runnemede PD,2025-10,1
Runnemede PD,2025-12,2
Runnemede PD,2026-03,1
Runnemede PD,2026-04,1
Runnemede PD,2026-06,1
Runnemede PD,2026-07,3
Rutgers University PD,2020-10,4
Rutgers University PD,2020-11,2
Rutgers University PD,2020-12,1
Rutgers University PD,2021-01,3
Rutgers University PD,2021-02,5
Rutgers University PD,2021-03,1
Rutgers University PD,2021-04,2
Rutgers University PD,2021-05,4
Rutgers University PD,2021-06,2
Rutgers University PD,2021-07,5
Rutgers University PD,2021-08,5
Rutgers University PD,2021-09,3
Rutgers University PD,2021-10,5
Rutgers University PD,2021-11,2
Rutgers University PD,2021-12,2
Rutgers University PD,2022-01,2
Rutgers University PD,2022-02,1
Rutgers University PD,2022-03,3
Rutgers University PD,2022-04,2
Rutgers University PD,2022-05,3
Rutgers University PD,2022-07,5
Rutgers University PD,2022-08,6
Rutgers University PD,2022-09,4
Rutgers University PD,2022-10,8
Rutgers University PD,2022-11,4
Rutgers University PD,2022-12,8
Rutgers University PD,2023-01,6
Rutgers University PD,2023-02,4
Rutgers University PD,2023-03,2
Rutgers University PD,2023-04,5
Rutgers University PD,2023-05,2
Rutgers University PD,2023-06,1
Rutgers University PD,2023-07,3
Rutgers University PD,2023-08,4
Rutgers University PD,2023-09,4
Rutgers University PD,2023-10,3
Rutgers University PD,2023-11,2
Rutgers University PD,2023-12,5
Rutgers University PD,2024-01,3
Rutgers University PD,2024-02,4
Rutgers University PD,2024-03,2
Rutgers University PD,2024-04,5
Rutgers University PD,2024-05,4
Rutgers University PD,2024-06,5
Rutgers University PD,2024-07,4
Rutgers University PD,2024-08,4
Rutgers University PD,2024-09,6
Rutgers University PD,2024-10,8
Rutgers University PD,2024-11,5
Rutgers University PD,2024-12,3
Rutgers University PD,2025-01,4
Rutgers University PD,2025-02,7
Rutgers University PD,2025-03,5
Rutgers University PD,2025-04,9
Rutgers University PD,2025-05,7
Rutgers University PD,2025-06,7
Rutgers University PD,2025-07,9
Rutgers University PD,2025-08,3
Rutgers University PD,2025-09,5
Rutgers University PD,2025-10,6
Rutgers University PD,2025-11,8
Rutgers University PD,2025-12,8
Rutgers University PD,2026-01,5
Rutgers University PD,2026-02,4
Rutgers University PD,2026-03,3
Rutgers University PD,2026-04,5
Rutgers University PD,2026-05,5
Rutgers University PD,2026-06,7
Rutgers University PD,2026-07,8
Rutgers University PD,2026-08,4
Rutherford PD,2020-11,1
Rutherford PD,2021-02,1
Rutherford PD,2021-08,1
Rutherford PD,2021-09,1
Rutherford PD,2021-10,1
Rutherford PD,2021-11,2
Rutherford PD,2021-12,2
Rutherford PD,2022-01,1
Rutherford PD,2022-04,1
Rutherford PD,2022-06,1
Rutherford PD,2022-07,1
Rutherford PD,2022-08,1
Rutherford PD,2022-09,1
Rutherford PD,2023-01,1
Rutherford PD,2023-03,1
Rutherford PD,2023-04,1
Rutherford PD,2023-07,1
Rutherford PD,2023-12,1
Rutherford PD,2024-01,1
Rutherford PD,2024-02,1
Rutherford PD,2024-03,1
Rutherford PD,2024-06,1
Rutherford PD,2024-07,1
Rutherford PD,2024-10,2
Rutherford PD,2025-05,1
Rutherford PD,2025-07,1
Rutherford PD,2025-08,1
Rutherford PD,2025-11,2
Rutherford PD,2026-01,1
Rutherford PD,2026-02,2
Rutherford PD,2026-03,1
Rutherford PD,2026-05,1
Rutherford PD,2026-06,1
Saddle Brook PD,2021-05,1
Saddle Brook PD,2021-09,1
Saddle Brook PD,2021-10,1
Saddle Brook PD,2021-11,2
Saddle Brook PD,2022-01,1
Saddle Brook PD,2022-03,1
Saddle Brook PD,2022-06,1
Saddle Brook PD,2022-09,2
Saddle Brook PD,2022-10,1
Saddle Brook PD,2022-12,1
Saddle Brook PD,2023-02,1
Saddle Brook PD,2023-06,1
Saddle Brook PD,2023-08,1
Saddle Brook PD,2023-09,1
Saddle Brook PD,2023-11,3
Saddle Brook PD,2023-12,1
Saddle Brook PD,2024-02,1
Saddle Brook PD,2024-07,1
Saddle Brook PD,2024-10,1
Saddle Brook PD,2025-03,2
Saddle Brook PD,2025-06,1
Saddle Brook PD,2025-07,1
Saddle Brook PD,2025-08,3
Saddle Brook PD,2025-09,1
Saddle Brook PD,2025-11,1
Saddle Brook PD,2025-12,2
Saddle Brook PD,2026-02,1
Saddle Brook PD,2026-06,1
Saddle River PD,2021-01,1
Saddle River PD,2021-09,2
Saddle River PD,2022-01,1
Saddle River PD,2022-02,1
Saddle River PD,2022-07,1
Saddle River PD,2022-12,1
Saddle River PD,2024-06,1
Saddle River PD,2024-10,1
Saddle River PD,2026-03,1
Salem Co Prosecutors Office,2020-10,1
Salem Co Prosecutors Office,2020-11,1
Salem Co Prosecutors Office,2021-06,1
Salem Co Prosecutors Office,2021-11,1
Salem Co Prosecutors Office,2022-09,1
Salem Co Prosecutors Office,2023-01,1
Salem Co Prosecutors Office,2023-08,2
Salem Co Prosecutors Office,2023-10,1
Salem Co Prosecutors Office,2024-01,1
Salem Co Prosecutors Office,2024-05,2
Salem Co Prosecutors Office,2024-07,1
Salem Co Prosecutors Office,2024-10,1
Salem Co Prosecutors Office,2025-06,1
Salem Co Prosecutors Office,2025-07,1
Salem Co Prosecutors Office,2025-10,1
Salem Co Sheriffs Dept,2021-01,2
Salem Co Sheriffs Dept,2021-02,1
Salem Co Sheriffs Dept,2021-06,2
Salem Co Sheriffs Dept,2021-08,1
Salem Co Sheriffs Dept,2021-12,1
Salem Co Sheriffs Dept,2022-02,1
Salem Co Sheriffs Dept,2022-03,1
Salem Co Sheriffs Dept,2022-05,1
Salem Co Sheriffs Dept,2022-09,1
Salem Co Sheriffs Dept,2023-05,1
Salem Co Sheriffs Dept,2023-06,1
Salem Co Sheriffs Dept,2023-08,1
Salem Co Sheriffs Dept,2024-05,2
Salem Co Sheriffs Dept,2025-01,2
Salem Co Sheriffs Dept,2025-11,1
Salem Co Sheriffs Dept,2026-04,1
Salem Co Sheriffs Dept,2026-07,1
Salem Co Sheriffs Dept,2026-08,1
Salem PD,2020-10,3
Salem PD,2020-11,2
Salem PD,2020-12,1
Salem PD,2021-01,1
Salem PD,2021-02,1
Salem PD,2021-03,2
Salem PD,2021-05,1
Salem PD,2021-06,1
Salem PD,2021-07,1
Salem PD,2021-08,1
Salem PD,2021-09,1
Salem PD,2021-10,2
Salem PD,2022-01,1
Salem PD,2022-02,2
Salem PD,2022-04,1
Salem PD,2022-06,1
Salem PD,2022-07,5
Salem PD,2022-08,1
Salem PD,2022-09,2
Salem PD,2022-10,3
Salem PD,2022-11,2
Salem PD,2022-12,2
Salem PD,2023-01,1
Salem PD,2023-02,1
Salem PD,2023-03,2
Salem PD,2023-04,1
Salem PD,2023-05,5
Salem PD,2023-06,1
Salem PD,2023-07,3
Salem PD,2023-08,2
Salem PD,2023-09,2
Salem PD,2023-10,2
Salem PD,2024-01,2
Salem PD,2024-02,2
Salem PD,2024-03,2
Salem PD,2024-04,1
Salem PD,2024-08,3
Salem PD,2024-11,2
Salem PD,2024-12,1
Salem PD,2025-02,4
Salem PD,2025-04,1
Salem PD,2025-05,2
Salem PD,2025-07,3
Salem PD,2025-09,1
Salem PD,2025-10,1
Salem PD,2026-03,1
Salem PD,2026-06,1
Sayreville PD,2020-10,4
Sayreville PD,2020-11,1
Sayreville PD,2020-12,3
Sayreville PD,2021-01,2
Sayreville PD,2021-03,2
Sayreville PD,2021-04,1
Sayreville PD,2021-05,1
Sayreville PD,2021-06,3
Sayreville PD,2021-08,3
Sayreville PD,2021-09,2
Sayreville PD,2021-11,3
Sayreville PD,2022-01,2
Sayreville PD,2022-02,3
Sayreville PD,2022-03,2
Sayreville PD,2022-04,1
Sayreville PD,2022-05,1
Sayreville PD,2022-06,1
Sayreville PD,2022-07,1
Sayreville PD,2022-08,5
Sayreville PD,2022-11,2
Sayreville PD,2022-12,2
Sayreville PD,2023-01,1
Sayreville PD,2023-03,2
Sayreville PD,2023-04,2
Sayreville PD,2023-05,1
Sayreville PD,2023-07,4
Sayreville PD,2023-09,1
Sayreville PD,2023-10,2
Sayreville PD,2023-12,2
Sayreville PD,2024-01,1
Sayreville PD,2024-03,2
Sayreville PD,2024-05,1
Sayreville PD,2024-09,1
Sayreville PD,2024-10,2
Sayreville PD,2024-11,1
Sayreville PD,2024-12,2
Sayreville PD,2025-01,2
Sayreville PD,2025-02,3
Sayreville PD,2025-05,2
Sayreville PD,2025-06,1
Sayreville PD,2025-07,2
Sayreville PD,2025-09,1
Sayreville PD,2025-10,2
Sayreville PD,2026-01,2
Sayreville PD,2026-03,1
Sayreville PD,2026-05,1
Sayreville PD,2026-06,1
Sayreville PD,2026-07,1
Sayreville PD,2026-08,2
Scotch Plains PD,2020-12,1
Scotch Plains PD,2021-01,2
Scotch Plains PD,2021-03,3
Scotch Plains PD,2021-04,2
Scotch Plains PD,2021-05,1
Scotch Plains PD,2021-06,2
Scotch Plains PD,2021-07,2
Scotch Plains PD,2021-09,1
Scotch Plains PD,2021-10,2
Scotch Plains PD,2021-11,2
Scotch Plains PD,2021-12,2
Scotch Plains PD,2022-02,1
Scotch Plains PD,2022-04,1
Scotch Plains PD,2022-05,1
Scotch Plains PD,2022-06,1
Scotch Plains PD,2022-07,1
Scotch Plains PD,2022-10,2
Scotch Plains PD,2022-11,1
Scotch Plains PD,2023-10,1
Scotch Plains PD,2023-11,1
Scotch Plains PD,2024-02,2
Scotch Plains PD,2024-03,4
Scotch Plains PD,2024-07,1
Scotch Plains PD,2024-09,1
Scotch Plains PD,2024-12,1
Scotch Plains PD,2025-01,1
Scotch Plains PD,2025-02,1
Scotch Plains PD,2025-04,1
Scotch Plains PD,2025-07,1
Scotch Plains PD,2025-09,1
Scotch Plains PD,2025-10,3
Scotch Plains PD,2025-11,3
Scotch Plains PD,2025-12,2
Scotch Plains PD,2026-01,1
Scotch Plains PD,2026-02,1
Scotch Plains PD,2026-05,2
Sea Bright PD,2020-11,1
Sea Bright PD,2021-01,1
Sea Bright PD,2021-03,1
Sea Bright PD,2021-07,2
Sea Bright PD,2021-09,1
Sea Bright PD,2022-03,1
Sea Bright PD,2022-05,1
Sea Bright PD,2022-06,2
Sea Bright PD,2022-07,1
Sea Bright PD,2022-08,2
Sea Bright PD,2022-09,1
Sea Bright PD,2023-03,1
Sea Bright PD,2023-06,2
Sea Bright PD,2023-07,3
Sea Bright PD,2024-03,1
Sea Bright PD,2024-05,1
Sea Bright PD,2024-07,1
Sea Bright PD,2024-09,1
Sea Bright PD,2024-10,2
Sea Bright PD,2025-01,1
Sea Bright PD,2025-07,2
Sea Bright PD,2025-08,2
Sea Bright PD,2026-04,1
Sea Bright PD,2026-06,1
Sea Girt PD,2021-05,1
Sea Girt PD,2021-07,2
Sea Girt PD,2022-05,1
Sea Girt PD,2022-06,1
Sea Girt PD,2022-07,1
Sea Girt PD,2022-08,2
Sea Girt PD,2023-01,1
Sea Girt PD,2023-05,1
Sea Girt PD,2023-06,1
Sea Girt PD,2023-07,3
Sea Girt PD,2023-08,1
Sea Girt PD,2023-09,1
Sea Girt PD,2023-11,1
Sea Girt PD,2024-05,1
Sea Girt PD,2024-06,1
Sea Girt PD,2026-06,1
Sea Girt PD,2026-07,1
Sea Isle City PD,2021-05,1
Sea Isle City PD,2021-06,2
Sea Isle City PD,2021-07,4
Sea Isle City PD,2021-08,4
Sea Isle City PD,2021-09,1
Sea Isle City PD,2021-12,1
Sea Isle City PD,2022-03,1
Sea Isle City PD,2022-05,1
Sea Isle City PD,2022-06,1
Sea Isle City PD,2022-07,3
Sea Isle City PD,2022-12,1
Sea Isle City PD,2023-01,1
Sea Isle City PD,2023-05,1
Sea Isle City PD,2023-07,6
Sea Isle City PD,2023-08,2
Sea Isle City PD,2024-05,1
Sea Isle City PD,2024-06,2
Sea Isle City PD,2024-07,3
Sea Isle City PD,2024-08,3
Sea Isle City PD,2024-09,1
Sea Isle City PD,2024-12,3
Sea Isle City PD,2025-02,1
Sea Isle City PD,2025-05,1
Sea Isle City PD,2025-07,3
Sea Isle City PD,2025-08,1
Sea Isle City PD,2025-09,1
Sea Isle City PD,2025-10,1
Sea Isle City PD,2026-05,1
Sea Isle City PD,2026-06,3
Sea Isle City PD,2026-07,6
Sea Isle City PD,2026-08,1
Seaside Heights PD,2020-10,3
Seaside Heights PD,2020-11,1
Seaside Heights PD,2020-12,2
Seaside Heights PD,2021-01,3
Seaside Heights PD,2021-02,2
Seaside Heights PD,2021-03,3
Seaside Heights PD,2021-04,3
Seaside Heights PD,2021-05,9
Seaside Heights PD,2021-06,3
Seaside Heights PD,2021-07,7
Seaside Heights PD,2021-08,6
Seaside Heights PD,2021-09,2
Seaside Heights PD,2021-11,3
Seaside Heights PD,2021-12,3
Seaside Heights PD,2022-01,3
Seaside Heights PD,2022-02,1
Seaside Heights PD,2022-03,3
Seaside Heights PD,2022-04,1
Seaside Heights PD,2022-05,8
Seaside Heights PD,2022-06,10
Seaside Heights PD,2022-07,13
Seaside Heights PD,2022-08,9
Seaside Heights PD,2022-09,4
Seaside Heights PD,2022-10,3
Seaside Heights PD,2022-11,6
Seaside Heights PD,2023-01,2
Seaside Heights PD,2023-02,1
Seaside Heights PD,2023-04,1
Seaside Heights PD,2023-05,10
Seaside Heights PD,2023-06,9
Seaside Heights PD,2023-07,29
Seaside Heights PD,2023-08,16
Seaside Heights PD,2023-09,3
Seaside Heights PD,2023-10,1
Seaside Heights PD,2023-12,4
Seaside Heights PD,2024-01,4
Seaside Heights PD,2024-02,7
Seaside Heights PD,2024-03,5
Seaside Heights PD,2024-04,4
Seaside Heights PD,2024-05,29
Seaside Heights PD,2024-06,20
Seaside Heights PD,2024-07,21
Seaside Heights PD,2024-08,12
Seaside Heights PD,2024-09,5
Seaside Heights PD,2024-10,3
Seaside Heights PD,2024-11,2
Seaside Heights PD,2025-02,1
Seaside Heights PD,2025-03,4
Seaside Heights PD,2025-04,3
Seaside Heights PD,2025-05,26
Seaside Heights PD,2025-06,14
Seaside Heights PD,2025-07,17
Seaside Heights PD,2025-08,16
Seaside Heights PD,2025-11,2
Seaside Heights PD,2025-12,1
Seaside Heights PD,2026-03,4
Seaside Heights PD,2026-04,1
Seaside Heights PD,2026-05,5
Seaside Heights PD,2026-06,10
Seaside Heights PD,2026-07,12
Seaside Heights PD,2026-08,4
Seaside Park PD,2021-03,1
Seaside Park PD,2021-06,2
Seaside Park PD,2021-07,1
Seaside Park PD,2022-06,1
Seaside Park PD,2022-09,1
Seaside Park PD,2022-10,1
Seaside Park PD,2023-08,1
Seaside Park PD,2024-06,1
Seaside Park PD,2024-08,1
Seaside Park PD,2025-08,2
Seaside Park PD,2025-09,1
Secaucus PD,2020-10,2
Secaucus PD,2020-11,2
Secaucus PD,2020-12,4
Secaucus PD,2021-01,1
Secaucus PD,2021-02,1
Secaucus PD,2021-03,1
Secaucus PD,2021-04,1
Secaucus PD,2021-05,2
Secaucus PD,2021-06,2
Secaucus PD,2021-08,1
Secaucus PD,2021-09,2
Secaucus PD,2021-10,4
Secaucus PD,2021-11,1
Secaucus PD,2022-01,1
Secaucus PD,2022-02,4
Secaucus PD,2022-03,5
Secaucus PD,2022-05,1
Secaucus PD,2022-07,2
Secaucus PD,2022-09,1
Secaucus PD,2022-10,2
Secaucus PD,2022-11,1
Secaucus PD,2022-12,2
Secaucus PD,2023-01,1
Secaucus PD,2023-02,4
Secaucus PD,2023-04,3
Secaucus PD,2023-06,4
Secaucus PD,2023-07,2
Secaucus PD,2023-08,2
Secaucus PD,2023-09,3
Secaucus PD,2023-10,1
Secaucus PD,2023-11,4
Secaucus PD,2023-12,1
Secaucus PD,2024-01,1
Secaucus PD,2024-03,1
Secaucus PD,2024-04,1
Secaucus PD,2024-05,2
Secaucus PD,2024-06,2
Secaucus PD,2024-07,4
Secaucus PD,2024-08,1
Secaucus PD,2024-10,4
Secaucus PD,2024-11,1
Secaucus PD,2025-02,4
Secaucus PD,2025-03,4
Secaucus PD,2025-05,1
Secaucus PD,2025-06,2
Secaucus PD,2025-07,2
Secaucus PD,2025-08,4
Secaucus PD,2025-09,1
Secaucus PD,2025-10,5
Secaucus PD,2025-12,1
Secaucus PD,2026-01,3
Secaucus PD,2026-02,1
Secaucus PD,2026-03,2
Secaucus PD,2026-04,1
Secaucus PD,2026-05,2
Secaucus PD,2026-06,1
Ship Bottom Boro PD,2021-01,1
Ship Bottom Boro PD,2021-05,2
Ship Bottom Boro PD,2021-07,2
Ship Bottom Boro PD,2021-09,1
Ship Bottom Boro PD,2022-02,1
Ship Bottom Boro PD,2022-08,2
Ship Bottom Boro PD,2022-11,1
Ship Bottom Boro PD,2023-04,1
Ship Bottom Boro PD,2023-08,2
Ship Bottom Boro PD,2023-09,1
Ship Bottom Boro PD,2024-07,1
Ship Bottom Boro PD,2025-02,1
Ship Bottom Boro PD,2025-06,2
Ship Bottom Boro PD,2025-11,1
Ship Bottom Boro PD,2026-07,2
Ship Bottom Boro PD,2026-08,2
Shrewsbury PD,2020-12,1
Shrewsbury PD,2021-01,1
Shrewsbury PD,2021-09,2
Shrewsbury PD,2022-01,1
Shrewsbury PD,2022-05,1
Shrewsbury PD,2022-10,1
Shrewsbury PD,2023-04,2
Shrewsbury PD,2023-09,1
Shrewsbury PD,2023-10,2
Shrewsbury PD,2023-12,1
Shrewsbury PD,2024-05,1
Shrewsbury PD,2024-10,1
Shrewsbury PD,2026-02,1
Shrewsbury PD,2026-06,2
Shrewsbury PD,2026-08,1
Somerdale PD,2020-10,1
Somerdale PD,2020-11,1
Somerdale PD,2021-02,1
Somerdale PD,2021-09,2
Somerdale PD,2021-10,1
Somerdale PD,2021-11,1
Somerdale PD,2021-12,1
Somerdale PD,2022-05,1
Somerdale PD,2022-08,1
Somerdale PD,2022-12,2
Somerdale PD,2023-01,1
Somerdale PD,2023-02,1
Somerdale PD,2023-09,1
Somerdale PD,2023-10,3
Somerdale PD,2023-11,1
Somerdale PD,2024-01,2
Somerdale PD,2024-02,2
Somerdale PD,2024-08,1
Somerdale PD,2024-10,2
Somerdale PD,2024-11,3
Somerdale PD,2025-02,1
Somerdale PD,2025-04,2
Somerdale PD,2025-05,1
Somerdale PD,2025-08,1
Somerdale PD,2025-10,1
Somerdale PD,2025-11,1
Somerdale PD,2026-01,1
Somerdale PD,2026-03,2
Somerdale PD,2026-04,1
Somerdale PD,2026-05,2
Somerdale PD,2026-07,1
Somers Point PD,2020-12,1
Somers Point PD,2021-03,1
Somers Point PD,2021-05,6
Somers Point PD,2021-06,6
Somers Point PD,2021-08,3
Somers Point PD,2021-09,6
Somers Point PD,2021-10,2
Somers Point PD,2022-01,1
Somers Point PD,2022-02,2
Somers Point PD,2022-04,1
Somers Point PD,2022-05,2
Somers Point PD,2022-06,1
Somers Point PD,2022-09,4
Somers Point PD,2022-10,1
Somers Point PD,2022-11,1
Somers Point PD,2022-12,4
Somers Point PD,2023-01,2
Somers Point PD,2023-02,5
Somers Point PD,2023-04,4
Somers Point PD,2023-06,3
Somers Point PD,2023-09,2
Somers Point PD,2023-10,1
Somers Point PD,2023-11,3
Somers Point PD,2023-12,2
Somers Point PD,2024-02,1
Somers Point PD,2024-03,1
Somers Point PD,2024-04,1
Somers Point PD,2024-05,3
Somers Point PD,2024-08,1
Somers Point PD,2024-09,1
Somers Point PD,2024-10,1
Somers Point PD,2024-11,2
Somers Point PD,2024-12,2
Somers Point PD,2025-01,1
Somers Point PD,2025-02,3
Somers Point PD,2025-03,2
Somers Point PD,2025-05,3
Somers Point PD,2025-06,1
Somers Point PD,2025-10,1
Somers Point PD,2025-11,2
Somers Point PD,2026-03,1
Somers Point PD,2026-08,1
Somerset Co Corrections,2020-10,2
Somerset Co Corrections,2020-12,2
Somerset Co Corrections,2021-06,1
Somerset Co Corrections,2021-09,3
Somerset Co Corrections,2022-02,5
Somerset Co Corrections,2022-11,1
Somerset Co Corrections,2023-02,2
Somerset Co Corrections,2023-06,2
Somerset Co Corrections,2024-05,4
Somerset Co Corrections,2024-11,4
Somerset Co Corrections,2025-08,3
Somerset Co Corrections,2025-10,2
Somerset Co Corrections,2026-03,2
Somerset Co Prosecutors Office,2021-01,1
Somerset Co Prosecutors Office,2021-03,2
Somerset Co Prosecutors Office,2021-05,2
Somerset Co Prosecutors Office,2021-06,2
Somerset Co Prosecutors Office,2022-01,1
Somerset Co Prosecutors Office,2022-06,1
Somerset Co Prosecutors Office,2022-07,1
Somerset Co Prosecutors Office,2023-01,1
Somerset Co Prosecutors Office,2023-02,1
Somerset Co Prosecutors Office,2023-03,1
Somerset Co Prosecutors Office,2023-04,1
Somerset Co Prosecutors Office,2023-05,1
Somerset Co Prosecutors Office,2023-07,2
Somerset Co Prosecutors Office,2023-08,1
Somerset Co Prosecutors Office,2023-09,1
Somerset Co Prosecutors Office,2024-01,1
Somerset Co Prosecutors Office,2024-03,1
Somerset Co Prosecutors Office,2024-04,1
Somerset Co Prosecutors Office,2024-05,1
Somerset Co Prosecutors Office,2024-10,1
Somerset Co Prosecutors Office,2024-11,1
Somerset Co Prosecutors Office,2025-03,2
Somerset Co Prosecutors Office,2025-05,2
Somerset Co Prosecutors Office,2025-08,1
Somerset Co Prosecutors Office,2026-05,1
Somerset Co Prosecutors Office,2026-07,1
Somerset Co Sheriffs Dept,2021-03,1
Somerset Co Sheriffs Dept,2021-06,1
Somerset Co Sheriffs Dept,2021-08,1
Somerset Co Sheriffs Dept,2021-09,1
Somerset Co Sheriffs Dept,2023-04,1
Somerset Co Sheriffs Dept,2023-05,1
Somerset Co Sheriffs Dept,2023-10,1
Somerset Co Sheriffs Dept,2023-11,3
Somerset Co Sheriffs Dept,2024-03,2
Somerset Co Sheriffs Dept,2024-08,2
Somerset Co Sheriffs Dept,2024-10,1
Somerset Co Sheriffs Dept,2024-11,1
Somerset Co Sheriffs Dept,2024-12,1
Somerset Co Sheriffs Dept,2025-04,4
Somerset Co Sheriffs Dept,2026-05,1
Somerville PD,2020-10,4
Somerville PD,2020-11,1
Somerville PD,2021-01,1
Somerville PD,2021-02,3
Somerville PD,2021-03,2
Somerville PD,2021-04,2
Somerville PD,2021-05,3
Somerville PD,2021-06,3
Somerville PD,2021-09,2
Somerville PD,2021-10,5
Somerville PD,2021-11,1
Somerville PD,2021-12,4
Somerville PD,2022-01,4
Somerville PD,2022-02,1
Somerville PD,2022-03,1
Somerville PD,2022-04,3
Somerville PD,2022-05,1
Somerville PD,2022-06,3
Somerville PD,2022-07,2
Somerville PD,2022-08,1
Somerville PD,2022-11,1
Somerville PD,2022-12,2
Somerville PD,2023-01,5
Somerville PD,2023-02,4
Somerville PD,2023-03,1
Somerville PD,2023-04,4
Somerville PD,2023-05,3
Somerville PD,2023-06,4
Somerville PD,2023-07,1
Somerville PD,2023-08,4
Somerville PD,2023-09,1
Somerville PD,2023-10,4
Somerville PD,2023-11,4
Somerville PD,2023-12,1
Somerville PD,2024-02,2
Somerville PD,2024-03,3
Somerville PD,2024-05,2
Somerville PD,2024-06,1
Somerville PD,2024-07,1
Somerville PD,2024-09,3
Somerville PD,2024-10,1
Somerville PD,2024-11,1
Somerville PD,2024-12,3
Somerville PD,2025-02,1
Somerville PD,2025-05,1
Somerville PD,2025-06,4
Somerville PD,2025-07,1
Somerville PD,2025-08,3
Somerville PD,2025-09,3
Somerville PD,2025-11,3
Somerville PD,2025-12,2
Somerville PD,2026-01,1
Somerville PD,2026-02,1
Somerville PD,2026-04,1
Somerville PD,2026-05,2
Somerville PD,2026-06,5
Somerville PD,2026-07,1
Somerville PD,2026-08,1
South Amboy PD,2020-10,1
South Amboy PD,2020-11,2
South Amboy PD,2020-12,2
South Amboy PD,2021-04,1
South Amboy PD,2021-05,1
South Amboy PD,2021-07,1
South Amboy PD,2021-09,2
South Amboy PD,2021-10,1
South Amboy PD,2021-11,3
South Amboy PD,2021-12,2
South Amboy PD,2022-03,2
South Amboy PD,2022-04,2
South Amboy PD,2022-05,2
South Amboy PD,2022-08,4
South Amboy PD,2022-09,3
South Amboy PD,2022-11,1
South Amboy PD,2023-02,2
South Amboy PD,2023-04,3
South Amboy PD,2023-05,1
South Amboy PD,2023-08,2
South Amboy PD,2023-10,2
South Amboy PD,2024-06,2
South Amboy PD,2024-07,4
South Amboy PD,2024-09,1
South Amboy PD,2025-06,2
South Amboy PD,2025-07,1
South Amboy PD,2025-08,1
South Amboy PD,2025-11,1
South Amboy PD,2026-03,3
South Amboy PD,2026-04,1
South Amboy PD,2026-08,1
South Bound Brook PD,2020-10,1
South Bound Brook PD,2021-02,1
South Bound Brook PD,2022-03,1
South Bound Brook PD,2022-05,1
South Bound Brook PD,2022-07,1
South Bound Brook PD,2023-07,1
South Bound Brook PD,2023-09,1
South Bound Brook PD,2024-07,1
South Bound Brook PD,2024-11,1
South Bound Brook PD,2025-03,1
South Bound Brook PD,2026-04,1
South Bound Brook PD,2026-06,1
South Brunswick Twp PD,2020-10,2
South Brunswick Twp PD,2020-11,3
South Brunswick Twp PD,2020-12,2
South Brunswick Twp PD,2021-03,2
South Brunswick Twp PD,2021-05,1
South Brunswick Twp PD,2021-06,2
South Brunswick Twp PD,2021-07,3
South Brunswick Twp PD,2021-08,2
South Brunswick Twp PD,2021-09,2
South Brunswick Twp PD,2021-10,1
South Brunswick Twp PD,2021-12,1
South Brunswick Twp PD,2022-01,1
South Brunswick Twp PD,2022-03,2
South Brunswick Twp PD,2022-04,2
South Brunswick Twp PD,2022-06,1
South Brunswick Twp PD,2022-10,1
South Brunswick Twp PD,2022-11,1
South Brunswick Twp PD,2022-12,3
South Brunswick Twp PD,2023-01,3
South Brunswick Twp PD,2023-02,1
South Brunswick Twp PD,2023-03,1
South Brunswick Twp PD,2023-04,2
South Brunswick Twp PD,2023-05,3
South Brunswick Twp PD,2023-06,2
South Brunswick Twp PD,2023-07,1
South Brunswick Twp PD,2023-08,1
South Brunswick Twp PD,2023-09,3
South Brunswick Twp PD,2023-10,2
South Brunswick Twp PD,2023-11,1
South Brunswick Twp PD,2024-02,2
South Brunswick Twp PD,2024-03,3
South Brunswick Twp PD,2024-04,3
South Brunswick Twp PD,2024-06,1
South Brunswick Twp PD,2024-07,1
South Brunswick Twp PD,2024-10,4
South Brunswick Twp PD,2024-11,3
South Brunswick Twp PD,2025-01,2
South Brunswick Twp PD,2025-02,2
South Brunswick Twp PD,2025-03,3
South Brunswick Twp PD,2025-04,2
South Brunswick Twp PD,2025-05,1
South Brunswick Twp PD,2025-06,4
South Brunswick Twp PD,2025-07,3
South Brunswick Twp PD,2025-10,1
South Brunswick Twp PD,2025-12,2
South Brunswick Twp PD,2026-04,5
South Brunswick Twp PD,2026-06,1
South Brunswick Twp PD,2026-07,1
South Brunswick Twp PD,2026-08,1
South Hackensack PD,2021-01,3
South Hackensack PD,2021-04,1
South Hackensack PD,2021-05,1
South Hackensack PD,2022-08,2
South Hackensack PD,2022-11,1
South Hackensack PD,2023-06,1
South Hackensack PD,2023-07,1
South Hackensack PD,2024-04,1
South Hackensack PD,2024-08,1
South Hackensack PD,2024-12,1
South Hackensack PD,2025-02,1
South Orange PD,2020-10,1
South Orange PD,2020-11,2
South Orange PD,2021-01,1
South Orange PD,2021-03,1
South Orange PD,2021-04,3
South Orange PD,2021-07,1
South Orange PD,2021-08,1
South Orange PD,2021-09,2
South Orange PD,2021-10,1
South Orange PD,2021-11,2
South Orange PD,2021-12,1
South Orange PD,2022-04,5
South Orange PD,2022-06,3
South Orange PD,2022-08,1
South Orange PD,2022-09,4
South Orange PD,2022-10,4
South Orange PD,2022-11,1
South Orange PD,2022-12,2
South Orange PD,2023-02,1
South Orange PD,2023-05,2
South Orange PD,2023-06,1
South Orange PD,2023-07,1
South Orange PD,2023-08,2
South Orange PD,2023-09,2
South Orange PD,2023-10,1
South Orange PD,2024-02,2
South Orange PD,2024-03,2
South Orange PD,2024-05,2
South Orange PD,2024-06,1
South Orange PD,2024-07,3
South Orange PD,2024-08,4
South Orange PD,2024-09,1
South Orange PD,2024-10,3
South Orange PD,2024-12,1
South Orange PD,2025-01,1
South Orange PD,2025-02,1
South Orange PD,2025-03,1
South Orange PD,2025-04,1
South Orange PD,2025-05,2
South Orange PD,2025-10,2
South Orange PD,2025-12,1
South Orange PD,2026-01,2
South Orange PD,2026-03,3
South Orange PD,2026-04,2
South Orange PD,2026-05,1
South Orange PD,2026-06,2
South Orange PD,2026-07,2
South Orange PD,2026-08,1
South Plainfield PD,2020-12,1
South Plainfield PD,2021-02,1
South Plainfield PD,2021-03,1
South Plainfield PD,2021-04,1
South Plainfield PD,2021-06,3
South Plainfield PD,2021-08,4
South Plainfield PD,2021-09,2
South Plainfield PD,2021-10,1
South Plainfield PD,2021-11,1
South Plainfield PD,2021-12,1
South Plainfield PD,2022-01,1
South Plainfield PD,2022-02,2
South Plainfield PD,2022-05,1
South Plainfield PD,2022-06,3
South Plainfield PD,2022-07,1
South Plainfield PD,2022-08,2
South Plainfield PD,2022-10,1
South Plainfield PD,2022-11,1
South Plainfield PD,2022-12,1
South Plainfield PD,2023-02,1
South Plainfield PD,2023-03,1
South Plainfield PD,2023-04,1
South Plainfield PD,2023-06,1
South Plainfield PD,2023-07,1
South Plainfield PD,2023-08,2
South Plainfield PD,2023-09,5
South Plainfield PD,2023-10,2
South Plainfield PD,2023-11,3
South Plainfield PD,2023-12,4
South Plainfield PD,2024-01,1
South Plainfield PD,2024-02,4
South Plainfield PD,2024-03,2
South Plainfield PD,2024-06,2
South Plainfield PD,2024-09,3
South Plainfield PD,2024-12,1
South Plainfield PD,2025-01,1
South Plainfield PD,2025-02,3
South Plainfield PD,2025-03,1
South Plainfield PD,2025-04,4
South Plainfield PD,2025-05,4
South Plainfield PD,2025-06,3
South Plainfield PD,2025-07,2
South Plainfield PD,2025-08,3
South Plainfield PD,2025-09,2
South Plainfield PD,2025-11,1
South Plainfield PD,2025-12,2
South Plainfield PD,2026-03,1
South Plainfield PD,2026-06,1
South Plainfield PD,2026-07,1
South Plainfield PD,2026-08,2
South River PD,2020-10,1
South River PD,2020-11,1
South River PD,2020-12,1
South River PD,2021-02,1
South River PD,2021-04,2
South River PD,2021-05,4
South River PD,2021-06,2
South River PD,2021-07,1
South River PD,2021-08,2
South River PD,2021-09,2
South River PD,2021-10,4
South River PD,2021-11,2
South River PD,2021-12,4
South River PD,2022-01,3
South River PD,2022-02,1
South River PD,2022-05,1
South River PD,2022-06,1
South River PD,2022-07,1
South River PD,2022-10,1
South River PD,2022-11,3
South River PD,2023-01,1
South River PD,2023-02,1
South River PD,2023-03,2
South River PD,2023-04,3
South River PD,2023-08,2
South River PD,2023-10,2
South River PD,2023-11,3
South River PD,2023-12,3
South River PD,2024-02,1
South River PD,2024-03,1
South River PD,2024-04,2
South River PD,2024-05,4
South River PD,2024-07,2
South River PD,2024-08,2
South River PD,2024-09,1
South River PD,2024-10,1
South River PD,2025-01,2
South River PD,2025-03,3
South River PD,2025-06,1
South River PD,2025-07,3
South River PD,2025-08,2
South River PD,2025-09,1
South River PD,2025-10,1
South River PD,2025-11,1
South River PD,2026-01,1
South River PD,2026-03,1
South River PD,2026-04,1
South River PD,2026-05,2
South River PD,2026-06,3
South River PD,2026-07,2
South River PD,2026-08,1
South Toms River PD,2020-10,3
South Toms River PD,2020-11,1
South Toms River PD,2020-12,1
South Toms River PD,2021-03,1
South Toms River PD,2021-05,1
South Toms River PD,2021-07,1
South Toms River PD,2021-08,1
South Toms River PD,2021-10,1
South Toms River PD,2021-11,1
South Toms River PD,2022-09,1
South Toms River PD,2022-11,1
South Toms River PD,2022-12,1
South Toms River PD,2023-01,1
South Toms River PD,2023-02,1
South Toms River PD,2023-04,1
South Toms River PD,2023-07,1
South Toms River PD,2023-10,2
South Toms River PD,2024-01,2
South Toms River PD,2024-03,2
South Toms River PD,2024-04,3
South Toms River PD,2024-05,2
South Toms River PD,2024-07,1
South Toms River PD,2024-08,1
South Toms River PD,2024-09,2
South Toms River PD,2024-11,1
South Toms River PD,2025-03,2
South Toms River PD,2025-06,1
South Toms River PD,2025-07,2
South Toms River PD,2025-08,2
South Toms River PD,2025-10,1
South Toms River PD,2026-01,1
South Toms River PD,2026-02,1
South Toms River PD,2026-04,1
South Toms River PD,2026-05,3
South Toms River PD,2026-06,2
South Toms River PD,2026-08,1
Sparta PD,2020-10,2
Sparta PD,2020-11,1
Sparta PD,2021-03,1
Sparta PD,2021-06,1
Sparta PD,2021-07,1
Sparta PD,2021-10,1
Sparta PD,2022-02,2
Sparta PD,2022-03,3
Sparta PD,2022-04,1
Sparta PD,2022-06,1
Sparta PD,2022-09,3
Sparta PD,2022-10,2
Sparta PD,2023-01,2
Sparta PD,2023-02,2
Sparta PD,2023-03,3
Sparta PD,2023-04,1
Sparta PD,2023-05,2
Sparta PD,2023-07,2
Sparta PD,2023-08,1
Sparta PD,2023-09,1
Sparta PD,2023-10,2
Sparta PD,2023-11,4
Sparta PD,2023-12,2
Sparta PD,2024-01,3
Sparta PD,2024-02,2
Sparta PD,2024-03,1
Sparta PD,2024-04,1
Sparta PD,2024-07,2
Sparta PD,2024-08,3
Sparta PD,2024-09,1
Sparta PD,2024-10,3
Sparta PD,2024-11,3
Sparta PD,2024-12,3
Sparta PD,2025-02,1
Sparta PD,2025-03,2
Sparta PD,2025-05,1
Sparta PD,2025-06,1
Sparta PD,2025-07,2
Sparta PD,2025-08,1
Sparta PD,2025-09,2
Sparta PD,2025-11,2
Sparta PD,2026-01,2
Sparta PD,2026-02,1
Sparta PD,2026-03,1
Sparta PD,2026-04,6
Sparta PD,2026-05,2
Sparta PD,2026-06,2
Sparta PD,2026-08,2
Spotswood PD,2020-10,2
Spotswood PD,2020-11,1
Spotswood PD,2020-12,1
Spotswood PD,2021-01,4
Spotswood PD,2021-03,2
Spotswood PD,2021-06,1
Spotswood PD,2021-07,3
Spotswood PD,2021-08,2
Spotswood PD,2021-10,1
Spotswood PD,2021-12,3
Spotswood PD,2022-05,2
Spotswood PD,2022-06,3
Spotswood PD,2022-12,1
Spotswood PD,2023-01,3
Spotswood PD,2023-02,1
Spotswood PD,2023-03,2
Spotswood PD,2023-04,4
Spotswood PD,2023-07,1
Spotswood PD,2023-08,1
Spotswood PD,2023-09,1
Spotswood PD,2024-02,1
Spotswood PD,2024-03,2
Spotswood PD,2024-06,2
Spotswood PD,2024-07,1
Spotswood PD,2024-08,1
Spotswood PD,2024-12,1
Spotswood PD,2025-07,1
Spotswood PD,2025-09,2
Spotswood PD,2025-11,1
Spotswood PD,2026-01,1
Spotswood PD,2026-02,1
Spotswood PD,2026-04,1
Spotswood PD,2026-05,1
Spotswood PD,2026-06,2
Spring Lake Heights PD,2022-03,1
Spring Lake Heights PD,2022-05,1
Spring Lake Heights PD,2022-09,1
Spring Lake Heights PD,2023-01,1
Spring Lake Heights PD,2023-11,1
Spring Lake Heights PD,2023-12,1
Spring Lake Heights PD,2024-05,2
Spring Lake Heights PD,2024-06,1
Spring Lake Heights PD,2025-09,1
Spring Lake Heights PD,2026-06,1
Spring Lake PD,2021-06,1
Spring Lake PD,2022-05,1
Spring Lake PD,2022-07,1
Spring Lake PD,2022-09,1
Spring Lake PD,2024-05,3
Spring Lake PD,2024-07,1
Spring Lake PD,2025-10,1
Springfield Twp PD,2020-10,1
Springfield Twp PD,2020-11,3
Springfield Twp PD,2021-05,2
Springfield Twp PD,2021-07,1
Springfield Twp PD,2021-09,1
Springfield Twp PD,2021-12,2
Springfield Twp PD,2022-05,3
Springfield Twp PD,2022-07,1
Springfield Twp PD,2022-08,1
Springfield Twp PD,2022-09,2
Springfield Twp PD,2022-10,1
Springfield Twp PD,2022-11,1
Springfield Twp PD,2023-01,1
Springfield Twp PD,2023-03,1
Springfield Twp PD,2023-04,1
Springfield Twp PD,2023-05,2
Springfield Twp PD,2023-06,1
Springfield Twp PD,2023-07,1
Springfield Twp PD,2023-08,1
Springfield Twp PD,2023-09,1
Springfield Twp PD,2023-10,1
Springfield Twp PD,2023-11,1
Springfield Twp PD,2023-12,1
Springfield Twp PD,2024-01,2
Springfield Twp PD,2024-02,4
Springfield Twp PD,2024-03,3
Springfield Twp PD,2024-04,1
Springfield Twp PD,2024-05,2
Springfield Twp PD,2024-06,1
Springfield Twp PD,2024-10,1
Springfield Twp PD,2024-12,2
Springfield Twp PD,2025-02,1
Springfield Twp PD,2025-05,2
Springfield Twp PD,2025-11,1
Springfield Twp PD,2026-05,1
Springfield Twp PD,2026-06,1
Stafford Twp PD,2020-10,5
Stafford Twp PD,2020-11,2
Stafford Twp PD,2021-01,1
Stafford Twp PD,2021-02,2
Stafford Twp PD,2021-03,2
Stafford Twp PD,2021-04,1
Stafford Twp PD,2021-06,1
Stafford Twp PD,2021-07,1
Stafford Twp PD,2021-08,4
Stafford Twp PD,2021-09,2
Stafford Twp PD,2021-10,4
Stafford Twp PD,2021-11,3
Stafford Twp PD,2021-12,1
Stafford Twp PD,2022-02,1
Stafford Twp PD,2022-04,2
Stafford Twp PD,2022-05,1
Stafford Twp PD,2022-06,1
Stafford Twp PD,2022-08,5
Stafford Twp PD,2022-09,1
Stafford Twp PD,2022-10,1
Stafford Twp PD,2022-11,3
Stafford Twp PD,2022-12,2
Stafford Twp PD,2023-01,1
Stafford Twp PD,2023-02,2
Stafford Twp PD,2023-03,2
Stafford Twp PD,2023-04,1
Stafford Twp PD,2023-06,2
Stafford Twp PD,2023-07,2
Stafford Twp PD,2023-09,1
Stafford Twp PD,2023-10,3
Stafford Twp PD,2024-01,1
Stafford Twp PD,2024-02,1
Stafford Twp PD,2024-04,1
Stafford Twp PD,2024-05,2
Stafford Twp PD,2024-06,8
Stafford Twp PD,2024-09,1
Stafford Twp PD,2024-10,1
Stafford Twp PD,2024-11,1
Stafford Twp PD,2025-03,1
Stafford Twp PD,2025-04,2
Stafford Twp PD,2025-05,1
Stafford Twp PD,2025-06,3
Stafford Twp PD,2025-07,1
Stafford Twp PD,2025-08,1
Stafford Twp PD,2025-09,3
Stafford Twp PD,2025-12,4
Stafford Twp PD,2026-01,2
Stafford Twp PD,2026-02,1
Stafford Twp PD,2026-03,5
Stafford Twp PD,2026-04,1
Stafford Twp PD,2026-06,2
Stafford Twp PD,2026-08,2
Stanhope PD,2020-12,1
Stanhope PD,2021-07,1
Stanhope PD,2021-08,1
Stanhope PD,2021-09,1
Stanhope PD,2022-01,1
Stanhope PD,2022-03,1
Stanhope PD,2022-07,2
Stanhope PD,2022-10,1
Stanhope PD,2023-01,3
Stanhope PD,2023-02,1
Stanhope PD,2023-03,1
Stanhope PD,2023-08,1
Stanhope PD,2024-06,1
Stanhope PD,2024-07,1
Stanhope PD,2024-09,3
Stanhope PD,2024-11,1
Stanhope PD,2025-06,1
Stanhope PD,2026-03,1
Stanhope PD,2026-06,1
State Parole Board,2020-10,3
State Parole Board,2020-11,5
State Parole Board,2021-01,1
State Parole Board,2021-02,1
State Parole Board,2021-03,1
State Parole Board,2021-04,3
State Parole Board,2021-05,4
State Parole Board,2021-07,1
State Parole Board,2021-08,5
State Parole Board,2021-09,2
State Parole Board,2021-10,2
State Parole Board,2021-11,3
State Parole Board,2021-12,1
State Parole Board,2022-03,1
State Parole Board,2022-04,4
State Parole Board,2022-05,1
State Parole Board,2022-06,1
State Parole Board,2022-07,1
State Parole Board,2022-08,5
State Parole Board,2022-09,1
State Parole Board,2022-10,4
State Parole Board,2022-12,7
State Parole Board,2023-02,1
State Parole Board,2023-04,3
State Parole Board,2023-05,1
State Parole Board,2023-06,1
State Parole Board,2023-08,3
State Parole Board,2023-09,3
State Parole Board,2023-10,4
State Parole Board,2023-11,2
State Parole Board,2023-12,4
State Parole Board,2024-01,1
State Parole Board,2024-02,2
State Parole Board,2024-03,6
State Parole Board,2024-04,7
State Parole Board,2024-06,2
State Parole Board,2024-07,4
State Parole Board,2024-08,10
State Parole Board,2024-09,1
State Parole Board,2024-10,6
State Parole Board,2024-11,3
State Parole Board,2024-12,8
State Parole Board,2025-01,2
State Parole Board,2025-02,3
State Parole Board,2025-03,3
State Parole Board,2025-05,2
State Parole Board,2025-07,3
State Parole Board,2025-08,6
State Parole Board,2025-09,3
State Parole Board,2025-10,3
State Parole Board,2025-11,2
State Parole Board,2025-12,4
State Parole Board,2026-01,1
State Parole Board,2026-03,2
State Parole Board,2026-04,4
State Parole Board,2026-06,2
State Parole Board,2026-08,2
State Police,2020-10,21
State Police,2020-11,12
State Police,2020-12,20
State Police,2021-01,32
State Police,2021-02,22
State Police,2021-03,16
State Police,2021-04,20
State Police,2021-05,28
State Police,2021-06,21
State Police,2021-07,14
State Police,2021-08,20
State Police,2021-09,24
State Police,2021-10,25
State Police,2021-11,23
State Police,2021-12,22
State Police,2022-01,22
State Police,2022-02,19
State Police,2022-03,16
State Police,2022-04,26
State Police,2022-05,25
State Police,2022-06,28
State Police,2022-07,39
State Police,2022-08,24
State Police,2022-09,14
State Police,2022-10,26
State Police,2022-11,21
State Police,2022-12,29
State Police,2023-01,35
State Police,2023-02,26
State Police,2023-03,23
State Police,2023-04,24
State Police,2023-05,25
State Police,2023-06,35
State Police,2023-07,47
State Police,2023-08,35
State Police,2023-09,33
State Police,2023-10,37
State Police,2023-11,18
State Police,2023-12,38
State Police,2024-01,33
State Police,2024-02,49
State Police,2024-03,47
State Police,2024-04,55
State Police,2024-05,60
State Police,2024-06,69
State Police,2024-07,60
State Police,2024-08,62
State Police,2024-09,33
State Police,2024-10,37
State Police,2024-11,40
State Police,2024-12,35
State Police,2025-01,47
State Police,2025-02,55
State Police,2025-03,41
State Police,2025-04,47
State Police,2025-05,74
State Police,2025-06,65
State Police,2025-07,62
State Police,2025-08,56
State Police,2025-09,61
State Police,2025-10,51
State Police,2025-11,47
State Police,2025-12,34
State Police,2026-01,43
State Police,2026-02,46
State Police,2026-03,52
State Police,2026-04,46
State Police,2026-05,39
State Police,2026-06,48
State Police,2026-07,51
State Police,2026-08,47
Stevens Institute Of Technology,2022-04,1
Stevens Institute Of Technology,2023-05,1
Stevens Institute Of Technology,2025-02,2
Stevens Institute Of Technology,2025-11,1
Stevens Institute Of Technology,2026-01,3
Stockton University,2022-07,1
Stockton University,2022-11,1
Stockton University,2022-12,1
Stockton University,2024-11,1
Stockton University,2025-03,1
Stockton University,2025-04,1
Stockton University,2025-05,2
Stockton University,2025-08,1
Stockton University,2025-09,1
Stockton University,2025-10,2
Stockton University,2025-11,1
Stone Harbor Boro PD,2021-06,1
Stone Harbor Boro PD,2021-07,1
Stone Harbor Boro PD,2021-09,1
Stone Harbor Boro PD,2022-01,1
Stone Harbor Boro PD,2022-05,1
Stone Harbor Boro PD,2022-08,1
Stone Harbor Boro PD,2022-09,1
Stone Harbor Boro PD,2023-07,1
Stone Harbor Boro PD,2024-01,1
Stone Harbor Boro PD,2025-03,1
Stone Harbor Boro PD,2025-07,2
Stone Harbor Boro PD,2026-06,1
Stratford Boro PD,2020-10,1
Stratford Boro PD,2021-01,1
Stratford Boro PD,2021-03,1
Stratford Boro PD,2021-05,2
Stratford Boro PD,2021-06,4
Stratford Boro PD,2021-07,3
Stratford Boro PD,2021-09,3
Stratford Boro PD,2021-11,4
Stratford Boro PD,2021-12,1
Stratford Boro PD,2022-01,4
Stratford Boro PD,2022-02,1
Stratford Boro PD,2022-06,2
Stratford Boro PD,2022-09,1
Stratford Boro PD,2022-10,1
Stratford Boro PD,2022-11,3
Stratford Boro PD,2022-12,2
Stratford Boro PD,2023-01,1
Stratford Boro PD,2023-02,1
Stratford Boro PD,2023-05,2
Stratford Boro PD,2023-06,1
Stratford Boro PD,2023-07,2
Stratford Boro PD,2023-08,1
Stratford Boro PD,2023-09,1
Stratford Boro PD,2023-10,4
Stratford Boro PD,2023-11,1
Stratford Boro PD,2024-01,1
Stratford Boro PD,2024-03,1
Stratford Boro PD,2024-04,1
Stratford Boro PD,2024-05,1
Stratford Boro PD,2024-06,3
Stratford Boro PD,2024-09,2
Stratford Boro PD,2024-10,1
Stratford Boro PD,2024-11,1
Stratford Boro PD,2024-12,1
Stratford Boro PD,2025-01,1
Stratford Boro PD,2025-03,2
Stratford Boro PD,2025-07,1
Stratford Boro PD,2025-08,2
Stratford Boro PD,2025-11,1
Stratford Boro PD,2026-01,1
Stratford Boro PD,2026-03,1
Stratford Boro PD,2026-04,3
Stratford Boro PD,2026-05,1
Stratford Boro PD,2026-06,2
Stratford Boro PD,2026-08,1
Summit PD,2020-12,2
Summit PD,2021-06,3
Summit PD,2021-10,2
Summit PD,2021-11,1
Summit PD,2021-12,1
Summit PD,2022-01,3
Summit PD,2022-02,2
Summit PD,2022-04,2
Summit PD,2022-06,1
Summit PD,2022-07,1
Summit PD,2022-08,1
Summit PD,2022-11,3
Summit PD,2022-12,2
Summit PD,2023-04,3
Summit PD,2023-05,1
Summit PD,2023-06,1
Summit PD,2023-07,3
Summit PD,2023-08,1
Summit PD,2023-10,1
Summit PD,2024-01,1
Summit PD,2024-02,1
Summit PD,2024-04,1
Summit PD,2024-05,2
Summit PD,2024-06,1
Summit PD,2024-08,1
Summit PD,2024-10,2
Summit PD,2024-11,1
Summit PD,2024-12,4
Summit PD,2025-02,1
Summit PD,2025-03,2
Summit PD,2025-05,1
Summit PD,2025-06,1
Summit PD,2025-07,1
Summit PD,2025-08,3
Summit PD,2025-11,3
Summit PD,2025-12,1
Summit PD,2026-01,1
Summit PD,2026-02,2
Summit PD,2026-03,1
Summit PD,2026-05,1
Summit PD,2026-06,1
Summit PD,2026-08,2
Surf City PD,2022-06,1
Surf City PD,2022-07,1
Surf City PD,2023-06,1
Surf City PD,2023-08,1
Surf City PD,2024-09,1
Surf City PD,2024-12,1
Surf City PD,2025-02,1
Surf City PD,2025-10,1
Surf City PD,2025-11,1
Surf City PD,2026-07,1
Sussex Co Prosecutors Office,2021-09,1
Sussex Co Prosecutors Office,2022-01,1
Sussex Co Prosecutors Office,2022-06,1
Sussex Co Prosecutors Office,2023-12,1
Sussex Co Prosecutors Office,2024-02,1
Sussex Co Prosecutors Office,2024-07,1
Sussex Co Sheriffs Dept,2021-01,2
Sussex Co Sheriffs Dept,2024-02,1
Teaneck PD,2020-11,1
Teaneck PD,2020-12,4
Teaneck PD,2021-01,3
Teaneck PD,2021-02,2
Teaneck PD,2021-03,5
Teaneck PD,2021-04,4
Teaneck PD,2021-05,2
Teaneck PD,2021-06,3
Teaneck PD,2021-07,4
Teaneck PD,2021-08,2
Teaneck PD,2021-09,3
Teaneck PD,2021-11,1
Teaneck PD,2021-12,1
Teaneck PD,2022-02,1
Teaneck PD,2022-03,2
Teaneck PD,2022-04,2
Teaneck PD,2022-05,4
Teaneck PD,2022-06,2
Teaneck PD,2022-07,2
Teaneck PD,2022-08,1
Teaneck PD,2022-09,4
Teaneck PD,2022-10,5
Teaneck PD,2022-11,7
Teaneck PD,2022-12,2
Teaneck PD,2023-01,4
Teaneck PD,2023-02,4
Teaneck PD,2023-03,3
Teaneck PD,2023-04,6
Teaneck PD,2023-05,2
Teaneck PD,2023-06,3
Teaneck PD,2023-07,3
Teaneck PD,2023-08,3
Teaneck PD,2023-10,3
Teaneck PD,2023-11,2
Teaneck PD,2023-12,4
Teaneck PD,2024-01,1
Teaneck PD,2024-02,3
Teaneck PD,2024-03,5
Teaneck PD,2024-04,2
Teaneck PD,2024-05,3
Teaneck PD,2024-06,2
Teaneck PD,2024-07,3
Teaneck PD,2024-08,1
Teaneck PD,2024-09,3
Teaneck PD,2024-10,1
Teaneck PD,2024-11,1
Teaneck PD,2024-12,3
Teaneck PD,2025-01,1
Teaneck PD,2025-02,2
Teaneck PD,2025-03,3
Teaneck PD,2025-04,2
Teaneck PD,2025-05,2
Teaneck PD,2025-08,1
Teaneck PD,2025-09,4
Teaneck PD,2025-10,5
Teaneck PD,2025-11,2
Teaneck PD,2025-12,3
Teaneck PD,2026-01,2
Teaneck PD,2026-02,1
Teaneck PD,2026-03,3
Teaneck PD,2026-04,2
Teaneck PD,2026-05,2
Teaneck PD,2026-08,1
Tenafly PD,2021-02,2
Tenafly PD,2021-05,1
Tenafly PD,2021-11,4
Tenafly PD,2022-04,1
Tenafly PD,2022-09,1
Tenafly PD,2022-11,1
Tenafly PD,2022-12,1
Tenafly PD,2023-05,1
Tenafly PD,2023-08,1
Tenafly PD,2024-06,1
Tenafly PD,2024-07,3
Tenafly PD,2025-01,2
Tenafly PD,2025-02,1
Tenafly PD,2025-08,2
Tewksbury Twp PD,2020-10,1
Tewksbury Twp PD,2020-11,1
Tewksbury Twp PD,2023-04,1
Tewksbury Twp PD,2023-08,1
Tewksbury Twp PD,2024-01,1
Tewksbury Twp PD,2024-11,1
Tewksbury Twp PD,2024-12,1
Tewksbury Twp PD,2026-01,2
Tinton Falls PD,2020-10,1
Tinton Falls PD,2020-11,2
Tinton Falls PD,2020-12,2
Tinton Falls PD,2021-01,3
Tinton Falls PD,2021-02,2
Tinton Falls PD,2021-04,1
Tinton Falls PD,2021-07,2
Tinton Falls PD,2021-09,2
Tinton Falls PD,2021-10,2
Tinton Falls PD,2021-11,1
Tinton Falls PD,2021-12,1
Tinton Falls PD,2022-02,1
Tinton Falls PD,2022-05,1
Tinton Falls PD,2022-06,1
Tinton Falls PD,2022-08,1
Tinton Falls PD,2022-10,1
Tinton Falls PD,2022-11,1
Tinton Falls PD,2023-01,1
Tinton Falls PD,2023-02,1
Tinton Falls PD,2023-03,2
Tinton Falls PD,2023-04,1
Tinton Falls PD,2023-05,2
Tinton Falls PD,2023-06,1
Tinton Falls PD,2023-07,2
Tinton Falls PD,2023-08,1
Tinton Falls PD,2023-09,6
Tinton Falls PD,2023-10,1
Tinton Falls PD,2023-11,2
Tinton Falls PD,2024-01,2
Tinton Falls PD,2024-02,2
Tinton Falls PD,2024-03,1
Tinton Falls PD,2024-04,1
Tinton Falls PD,2024-07,2
Tinton Falls PD,2024-09,2
Tinton Falls PD,2024-11,2
Tinton Falls PD,2024-12,1
Tinton Falls PD,2025-01,1
Tinton Falls PD,2025-02,2
Tinton Falls PD,2025-03,2
Tinton Falls PD,2025-04,1
Tinton Falls PD,2025-06,2
Tinton Falls PD,2025-07,2
Tinton Falls PD,2025-08,4
Tinton Falls PD,2025-09,1
Tinton Falls PD,2025-10,2
Tinton Falls PD,2026-01,3
Tinton Falls PD,2026-02,3
Tinton Falls PD,2026-03,1
Tinton Falls PD,2026-05,2
Tinton Falls PD,2026-07,2
Tinton Falls PD,2026-08,1
Toms River Twp PD,2020-10,5
Toms River Twp PD,2020-11,8
Toms River Twp PD,2020-12,7
Toms River Twp PD,2021-01,2
Toms River Twp PD,2021-02,3
Toms River Twp PD,2021-03,6
Toms River Twp PD,2021-04,4
Toms River Twp PD,2021-05,6
Toms River Twp PD,2021-06,5
Toms River Twp PD,2021-07,13
Toms River Twp PD,2021-08,11
Toms River Twp PD,2021-09,11
Toms River Twp PD,2021-10,5
Toms River Twp PD,2021-11,8
Toms River Twp PD,2021-12,10
Toms River Twp PD,2022-01,14
Toms River Twp PD,2022-02,12
Toms River Twp PD,2022-03,3
Toms River Twp PD,2022-04,6
Toms River Twp PD,2022-05,9
Toms River Twp PD,2022-06,14
Toms River Twp PD,2022-07,16
Toms River Twp PD,2022-08,14
Toms River Twp PD,2022-09,10
Toms River Twp PD,2022-10,10
Toms River Twp PD,2022-11,10
Toms River Twp PD,2022-12,16
Toms River Twp PD,2023-01,9
Toms River Twp PD,2023-02,14
Toms River Twp PD,2023-03,9
Toms River Twp PD,2023-04,10
Toms River Twp PD,2023-05,13
Toms River Twp PD,2023-06,9
Toms River Twp PD,2023-07,11
Toms River Twp PD,2023-08,13
Toms River Twp PD,2023-09,10
Toms River Twp PD,2023-10,14
Toms River Twp PD,2023-11,14
Toms River Twp PD,2023-12,17
Toms River Twp PD,2024-01,14
Toms River Twp PD,2024-02,8
Toms River Twp PD,2024-03,8
Toms River Twp PD,2024-04,7
Toms River Twp PD,2024-05,7
Toms River Twp PD,2024-06,13
Toms River Twp PD,2024-07,17
Toms River Twp PD,2024-08,7
Toms River Twp PD,2024-09,15
Toms River Twp PD,2024-10,15
Toms River Twp PD,2024-11,8
Toms River Twp PD,2024-12,4
Toms River Twp PD,2025-01,8
Toms River Twp PD,2025-02,11
Toms River Twp PD,2025-03,7
Toms River Twp PD,2025-04,6
Toms River Twp PD,2025-05,7
Toms River Twp PD,2025-06,17
Toms River Twp PD,2025-07,13
Toms River Twp PD,2025-08,6
Toms River Twp PD,2025-09,7
Toms River Twp PD,2025-10,6
Toms River Twp PD,2025-11,6
Toms River Twp PD,2025-12,8
Toms River Twp PD,2026-01,6
Toms River Twp PD,2026-02,2
Toms River Twp PD,2026-03,12
Toms River Twp PD,2026-04,8
Toms River Twp PD,2026-05,7
Toms River Twp PD,2026-06,7
Toms River Twp PD,2026-07,10
Toms River Twp PD,2026-08,8
Totowa Boro PD,2020-10,1
Totowa Boro PD,2020-11,1
Totowa Boro PD,2021-03,2
Totowa Boro PD,2021-07,2
Totowa Boro PD,2021-08,1
Totowa Boro PD,2021-12,1
Totowa Boro PD,2022-01,4
Totowa Boro PD,2022-02,1
Totowa Boro PD,2022-06,2
Totowa Boro PD,2022-07,1
Totowa Boro PD,2022-09,1
Totowa Boro PD,2022-11,1
Totowa Boro PD,2023-01,1
Totowa Boro PD,2023-02,1
Totowa Boro PD,2023-04,3
Totowa Boro PD,2023-05,1
Totowa Boro PD,2023-06,1
Totowa Boro PD,2023-07,2
Totowa Boro PD,2023-10,1
Totowa Boro PD,2024-01,1
Totowa Boro PD,2024-02,1
Totowa Boro PD,2024-03,1
Totowa Boro PD,2024-06,2
Totowa Boro PD,2024-10,4
Totowa Boro PD,2024-11,2
Totowa Boro PD,2024-12,1
Totowa Boro PD,2025-05,1
Totowa Boro PD,2025-10,1
Totowa Boro PD,2025-11,3
Totowa Boro PD,2026-05,1
Trenton PD,2020-10,12
Trenton PD,2020-11,15
Trenton PD,2020-12,19
Trenton PD,2021-01,21
Trenton PD,2021-02,10
Trenton PD,2021-03,19
Trenton PD,2021-04,20
Trenton PD,2021-05,25
Trenton PD,2021-06,23
Trenton PD,2021-07,11
Trenton PD,2021-08,19
Trenton PD,2021-09,19
Trenton PD,2021-10,19
Trenton PD,2021-11,15
Trenton PD,2021-12,17
Trenton PD,2022-01,22
Trenton PD,2022-02,12
Trenton PD,2022-03,16
Trenton PD,2022-04,12
Trenton PD,2022-05,24
Trenton PD,2022-06,23
Trenton PD,2022-07,18
Trenton PD,2022-08,34
Trenton PD,2022-09,19
Trenton PD,2022-10,28
Trenton PD,2022-11,23
Trenton PD,2022-12,13
Trenton PD,2023-01,8
Trenton PD,2023-02,18
Trenton PD,2023-03,21
Trenton PD,2023-04,18
Trenton PD,2023-05,27
Trenton PD,2023-06,28
Trenton PD,2023-07,34
Trenton PD,2023-08,26
Trenton PD,2023-09,23
Trenton PD,2023-10,33
Trenton PD,2023-11,27
Trenton PD,2023-12,24
Trenton PD,2024-01,15
Trenton PD,2024-02,15
Trenton PD,2024-03,29
Trenton PD,2024-04,20
Trenton PD,2024-05,25
Trenton PD,2024-06,18
Trenton PD,2024-07,21
Trenton PD,2024-08,13
Trenton PD,2024-09,22
Trenton PD,2024-10,20
Trenton PD,2024-11,10
Trenton PD,2024-12,16
Trenton PD,2025-01,19
Trenton PD,2025-02,11
Trenton PD,2025-03,17
Trenton PD,2025-04,10
Trenton PD,2025-05,9
Trenton PD,2025-06,12
Trenton PD,2025-07,22
Trenton PD,2025-08,12
Trenton PD,2025-09,14
Trenton PD,2025-10,19
Trenton PD,2025-11,8
Trenton PD,2025-12,13
Trenton PD,2026-01,24
Trenton PD,2026-02,14
Trenton PD,2026-03,16
Trenton PD,2026-04,19
Trenton PD,2026-05,27
Trenton PD,2026-06,15
Trenton PD,2026-07,19
Trenton PD,2026-08,29
Tuckerton Boro PD,2020-11,1
Tuckerton Boro PD,2020-12,1
Tuckerton Boro PD,2021-03,1
Tuckerton Boro PD,2021-05,2
Tuckerton Boro PD,2021-06,1
Tuckerton Boro PD,2021-07,1
Tuckerton Boro PD,2021-08,1
Tuckerton Boro PD,2021-09,3
Tuckerton Boro PD,2021-10,2
Tuckerton Boro PD,2021-11,1
Tuckerton Boro PD,2021-12,1
Tuckerton Boro PD,2022-04,2
Tuckerton Boro PD,2022-05,2
Tuckerton Boro PD,2022-09,1
Tuckerton Boro PD,2022-12,1
Tuckerton Boro PD,2023-06,1
Tuckerton Boro PD,2023-12,1
Tuckerton Boro PD,2024-03,2
Tuckerton Boro PD,2024-09,2
Tuckerton Boro PD,2024-12,1
Tuckerton Boro PD,2025-02,1
Tuckerton Boro PD,2025-05,2
Tuckerton Boro PD,2025-06,2
Tuckerton Boro PD,2025-08,1
Tuckerton Boro PD,2025-12,1
Tuckerton Boro PD,2026-02,1
Tuckerton Boro PD,2026-03,3
Tuckerton Boro PD,2026-06,1
Tuckerton Boro PD,2026-07,1
Union Beach PD,2021-02,1
Union Beach PD,2022-07,1
Union Beach PD,2024-07,1
Union Beach PD,2024-11,1
Union Beach PD,2025-06,1
Union Beach PD,2025-09,1
Union Beach PD,2025-11,1
Union Beach PD,2026-02,1
Union Beach PD,2026-03,2
Union Beach PD,2026-04,1
Union City PD,2020-10,6
Union City PD,2020-11,5
Union City PD,2020-12,1
Union City PD,2021-01,5
Union City PD,2021-02,5
Union City PD,2021-03,6
Union City PD,2021-04,5
Union City PD,2021-05,1
Union City PD,2021-06,7
Union City PD,2021-07,5
Union City PD,2021-08,2
Union City PD,2021-09,1
Union City PD,2021-10,5
Union City PD,2021-11,3
Union City PD,2021-12,3
Union City PD,2022-01,4
Union City PD,2022-02,6
Union City PD,2022-03,4
Union City PD,2022-04,3
Union City PD,2022-05,6
Union City PD,2022-06,4
Union City PD,2022-07,4
Union City PD,2022-08,4
Union City PD,2022-09,5
Union City PD,2022-10,3
Union City PD,2022-11,3
Union City PD,2022-12,3
Union City PD,2023-01,5
Union City PD,2023-02,2
Union City PD,2023-03,2
Union City PD,2023-04,4
Union City PD,2023-05,5
Union City PD,2023-06,3
Union City PD,2023-08,5
Union City PD,2023-09,2
Union City PD,2023-10,6
Union City PD,2023-11,5
Union City PD,2023-12,8
Union City PD,2024-01,6
Union City PD,2024-02,3
Union City PD,2024-03,4
Union City PD,2024-04,5
Union City PD,2024-05,3
Union City PD,2024-06,6
Union City PD,2024-07,5
Union City PD,2024-08,2
Union City PD,2024-09,8
Union City PD,2024-10,3
Union City PD,2024-11,1
Union City PD,2024-12,6
Union City PD,2025-01,6
Union City PD,2025-02,6
Union City PD,2025-03,3
Union City PD,2025-04,4
Union City PD,2025-05,6
Union City PD,2025-06,2
Union City PD,2025-07,6
Union City PD,2025-08,3
Union City PD,2025-09,3
Union City PD,2025-10,5
Union City PD,2025-11,4
Union City PD,2025-12,1
Union City PD,2026-01,3
Union City PD,2026-02,3
Union City PD,2026-03,1
Union City PD,2026-04,4
Union City PD,2026-05,2
Union City PD,2026-07,5
Union City PD,2026-08,1
Union Co PD,2020-12,2
Union Co PD,2022-01,2
Union Co PD,2022-04,1
Union Co PD,2022-08,1
Union Co PD,2023-01,1
Union Co PD,2023-05,1
Union Co PD,2023-06,1
Union Co PD,2023-07,2
Union Co PD,2023-08,1
Union Co PD,2023-11,1
Union Co PD,2023-12,1
Union Co PD,2024-01,2
Union Co PD,2024-02,1
Union Co PD,2024-04,1
Union Co PD,2024-09,2
Union Co PD,2024-12,1
Union Co PD,2025-03,1
Union Co PD,2025-06,2
Union Co PD,2025-08,2
Union Co PD,2025-09,1
Union Co PD,2026-08,1
Union Co Prosecutors Office,2021-01,1
Union Co Prosecutors Office,2021-08,2
Union Co Prosecutors Office,2022-07,1
Union Co Prosecutors Office,2023-05,1
Union Co Prosecutors Office,2023-07,1
Union Co Prosecutors Office,2024-03,3
Union Co Prosecutors Office,2025-07,2
Union Co Prosecutors Office,2025-10,1
Union Co Prosecutors Office,2025-11,1
Union Co Prosecutors Office,2026-02,1
Union Co Sheriffs Office,2020-10,1
Union Co Sheriffs Office,2020-11,1
Union Co Sheriffs Office,2020-12,3
Union Co Sheriffs Office,2021-01,2
Union Co Sheriffs Office,2021-04,2
Union Co Sheriffs Office,2021-06,1
Union Co Sheriffs Office,2021-09,2
Union Co Sheriffs Office,2021-11,1
Union Co Sheriffs Office,2022-06,1
Union Co Sheriffs Office,2022-12,1
Union Co Sheriffs Office,2023-01,1
Union Co Sheriffs Office,2023-02,1
Union Co Sheriffs Office,2023-03,1
Union Co Sheriffs Office,2023-06,1
Union Co Sheriffs Office,2023-09,1
Union Co Sheriffs Office,2024-02,1
Union Co Sheriffs Office,2024-03,2
Union Co Sheriffs Office,2024-04,1
Union Co Sheriffs Office,2024-05,2
Union Co Sheriffs Office,2024-06,1
Union Co Sheriffs Office,2024-08,1
Union Co Sheriffs Office,2024-09,1
Union Co Sheriffs Office,2024-11,1
Union Co Sheriffs Office,2025-01,3
Union Co Sheriffs Office,2025-02,2
Union Co Sheriffs Office,2025-04,1
Union Co Sheriffs Office,2025-05,1
Union Co Sheriffs Office,2025-07,1
Union Co Sheriffs Office,2025-09,1
Union Co Sheriffs Office,2025-10,2
Union Co Sheriffs Office,2025-11,1
Union Co Sheriffs Office,2026-01,1
Union Co Sheriffs Office,2026-04,1
Union Co Sheriffs Office,2026-05,1
Union Co Sheriffs Office,2026-06,2
Union Co Sheriffs Office,2026-08,1
Union Twp PD,2020-10,2
Union Twp PD,2020-11,2
Union Twp PD,2020-12,14
Union Twp PD,2021-01,3
Union Twp PD,2021-02,6
Union Twp PD,2021-03,9
Union Twp PD,2021-04,10
Union Twp PD,2021-05,12
Union Twp PD,2021-06,1
Union Twp PD,2021-07,11
Union Twp PD,2021-08,3
Union Twp PD,2021-09,11
Union Twp PD,2021-10,12
Union Twp PD,2021-11,3
Union Twp PD,2021-12,4
Union Twp PD,2022-01,10
Union Twp PD,2022-02,7
Union Twp PD,2022-03,9
Union Twp PD,2022-04,4
Union Twp PD,2022-05,5
Union Twp PD,2022-06,3
Union Twp PD,2022-07,5
Union Twp PD,2022-08,4
Union Twp PD,2022-09,2
Union Twp PD,2022-10,6
Union Twp PD,2022-11,2
Union Twp PD,2022-12,4
Union Twp PD,2023-01,3
Union Twp PD,2023-02,1
Union Twp PD,2023-03,9
Union Twp PD,2023-05,3
Union Twp PD,2023-06,5
Union Twp PD,2023-07,6
Union Twp PD,2023-08,5
Union Twp PD,2023-09,1
Union Twp PD,2023-10,4
Union Twp PD,2023-11,2
Union Twp PD,2023-12,3
Union Twp PD,2024-01,3
Union Twp PD,2024-02,6
Union Twp PD,2024-03,9
Union Twp PD,2024-04,10
Union Twp PD,2024-05,3
Union Twp PD,2024-06,2
Union Twp PD,2024-07,5
Union Twp PD,2024-08,1
Union Twp PD,2024-09,3
Union Twp PD,2024-10,2
Union Twp PD,2024-11,2
Union Twp PD,2024-12,2
Union Twp PD,2025-01,1
Union Twp PD,2025-02,4
Union Twp PD,2025-03,3
Union Twp PD,2025-04,4
Union Twp PD,2025-05,1
Union Twp PD,2025-06,1
Union Twp PD,2025-07,2
Union Twp PD,2025-08,4
Union Twp PD,2025-10,5
Union Twp PD,2025-11,7
Union Twp PD,2025-12,4
Union Twp PD,2026-01,1
Union Twp PD,2026-02,3
Union Twp PD,2026-03,5
Union Twp PD,2026-04,3
Union Twp PD,2026-05,3
Union Twp PD,2026-07,1
Union Twp PD,2026-08,2
Upper Saddle River PD,2021-09,1
Upper Saddle River PD,2022-03,1
Upper Saddle River PD,2022-07,1
Upper Saddle River PD,2022-09,2
Upper Saddle River PD,2022-11,2
Upper Saddle River PD,2023-07,1
Upper Saddle River PD,2024-02,1
Upper Saddle River PD,2024-10,1
Upper Saddle River PD,2024-12,1
Upper Saddle River PD,2025-10,1
Ventnor PD,2020-11,1
Ventnor PD,2020-12,3
Ventnor PD,2021-03,1
Ventnor PD,2021-04,1
Ventnor PD,2021-05,4
Ventnor PD,2021-06,2
Ventnor PD,2021-07,1
Ventnor PD,2021-08,2
Ventnor PD,2021-09,1
Ventnor PD,2021-10,2
Ventnor PD,2022-01,1
Ventnor PD,2022-02,1
Ventnor PD,2022-03,2
Ventnor PD,2022-04,1
Ventnor PD,2022-05,1
Ventnor PD,2022-07,1
Ventnor PD,2022-10,1
Ventnor PD,2022-11,1
Ventnor PD,2022-12,2
Ventnor PD,2023-01,4
Ventnor PD,2023-02,1
Ventnor PD,2023-04,1
Ventnor PD,2023-05,1
Ventnor PD,2023-07,1
Ventnor PD,2023-09,1
Ventnor PD,2023-10,1
Ventnor PD,2023-11,1
Ventnor PD,2023-12,2
Ventnor PD,2024-01,1
Ventnor PD,2024-02,1
Ventnor PD,2024-03,2
Ventnor PD,2024-04,6
Ventnor PD,2024-06,1
Ventnor PD,2024-07,1
Ventnor PD,2024-08,4
Ventnor PD,2024-09,3
Ventnor PD,2024-10,2
Ventnor PD,2024-11,2
Ventnor PD,2024-12,4
Ventnor PD,2025-01,1
Ventnor PD,2025-02,1
Ventnor PD,2025-04,2
Ventnor PD,2025-05,1
Ventnor PD,2025-06,2
Ventnor PD,2025-07,2
Ventnor PD,2025-08,1
Ventnor PD,2025-11,4
Ventnor PD,2025-12,1
Ventnor PD,2026-02,2
Ventnor PD,2026-03,4
Ventnor PD,2026-04,1
Ventnor PD,2026-05,2
Ventnor PD,2026-06,1
Ventnor PD,2026-07,4
Ventnor PD,2026-08,2
Vernon Twp PD,2020-10,1
Vernon Twp PD,2020-11,2
Vernon Twp PD,2020-12,2
Vernon Twp PD,2021-02,1
Vernon Twp PD,2021-03,1
Vernon Twp PD,2021-04,4
Vernon Twp PD,2021-07,1
Vernon Twp PD,2021-11,3
Vernon Twp PD,2022-02,1
Vernon Twp PD,2022-03,1
Vernon Twp PD,2022-04,2
Vernon Twp PD,2022-05,2
Vernon Twp PD,2022-06,1
Vernon Twp PD,2022-08,1
Vernon Twp PD,2022-12,1
Vernon Twp PD,2023-01,1
Vernon Twp PD,2023-04,1
Vernon Twp PD,2023-08,3
Vernon Twp PD,2023-09,1
Vernon Twp PD,2023-12,1
Vernon Twp PD,2024-03,1
Vernon Twp PD,2024-04,2
Vernon Twp PD,2024-09,2
Vernon Twp PD,2024-10,1
Vernon Twp PD,2025-08,1
Vernon Twp PD,2025-10,2
Vernon Twp PD,2026-05,1
Vernon Twp PD,2026-08,1
Verona PD,2020-10,1
Verona PD,2020-11,1
Verona PD,2020-12,1
Verona PD,2021-01,1
Verona PD,2021-02,1
Verona PD,2021-06,1
Verona PD,2022-02,1
Verona PD,2022-07,1
Verona PD,2022-10,3
Verona PD,2023-05,1
Verona PD,2023-09,2
Verona PD,2023-11,1
Verona PD,2023-12,1
Verona PD,2024-04,1
Verona PD,2024-05,1
Verona PD,2024-06,1
Verona PD,2024-07,1
Verona PD,2024-09,2
Verona PD,2024-12,2
Verona PD,2025-02,2
Verona PD,2025-05,2
Verona PD,2025-06,1
Verona PD,2025-09,1
Verona PD,2025-11,1
Verona PD,2025-12,1
Verona PD,2026-01,1
Verona PD,2026-03,1
Verona PD,2026-04,2
Verona PD,2026-05,1
Verona PD,2026-06,1
Verona PD,2026-08,1
Vineland PD,2020-10,19
Vineland PD,2020-11,16
Vineland PD,2020-12,10
Vineland PD,2021-01,13
Vineland PD,2021-02,12
Vineland PD,2021-03,11
Vineland PD,2021-04,10
Vineland PD,2021-05,19
Vineland PD,2021-06,7
Vineland PD,2021-07,8
Vineland PD,2021-08,7
Vineland PD,2021-09,6
Vineland PD,2021-10,16
Vineland PD,2021-11,12
Vineland PD,2021-12,8
Vineland PD,2022-01,6
Vineland PD,2022-02,9
Vineland PD,2022-03,9
Vineland PD,2022-04,13
Vineland PD,2022-05,5
Vineland PD,2022-06,14
Vineland PD,2022-07,21
Vineland PD,2022-08,12
Vineland PD,2022-09,7
Vineland PD,2022-10,22
Vineland PD,2022-11,12
Vineland PD,2022-12,12
Vineland PD,2023-01,13
Vineland PD,2023-02,13
Vineland PD,2023-03,13
Vineland PD,2023-04,12
Vineland PD,2023-05,16
Vineland PD,2023-06,10
Vineland PD,2023-07,24
Vineland PD,2023-08,23
Vineland PD,2023-09,13
Vineland PD,2023-10,14
Vineland PD,2023-11,9
Vineland PD,2023-12,13
Vineland PD,2024-01,17
Vineland PD,2024-02,17
Vineland PD,2024-03,19
Vineland PD,2024-04,27
Vineland PD,2024-05,33
Vineland PD,2024-06,23
Vineland PD,2024-07,27
Vineland PD,2024-08,24
Vineland PD,2024-09,35
Vineland PD,2024-10,29
Vineland PD,2024-11,25
Vineland PD,2024-12,12
Vineland PD,2025-01,24
Vineland PD,2025-02,10
Vineland PD,2025-03,36
Vineland PD,2025-04,27
Vineland PD,2025-05,23
Vineland PD,2025-06,26
Vineland PD,2025-07,28
Vineland PD,2025-08,19
Vineland PD,2025-09,30
Vineland PD,2025-10,22
Vineland PD,2025-11,25
Vineland PD,2025-12,28
Vineland PD,2026-01,17
Vineland PD,2026-02,16
Vineland PD,2026-03,36
Vineland PD,2026-04,17
Vineland PD,2026-05,30
Vineland PD,2026-06,23
Vineland PD,2026-07,35
Vineland PD,2026-08,26
Voorhees Twp PD,2020-10,1
Voorhees Twp PD,2021-01,2
Voorhees Twp PD,2021-03,1
Voorhees Twp PD,2021-04,2
Voorhees Twp PD,2021-06,2
Voorhees Twp PD,2021-07,2
Voorhees Twp PD,2021-09,1
Voorhees Twp PD,2021-11,2
Voorhees Twp PD,2022-02,2
Voorhees Twp PD,2022-03,1
Voorhees Twp PD,2022-04,1
Voorhees Twp PD,2022-05,2
Voorhees Twp PD,2022-06,1
Voorhees Twp PD,2022-08,2
Voorhees Twp PD,2022-10,3
Voorhees Twp PD,2022-11,1
Voorhees Twp PD,2023-01,2
Voorhees Twp PD,2023-02,1
Voorhees Twp PD,2023-04,1
Voorhees Twp PD,2023-06,1
Voorhees Twp PD,2023-07,1
Voorhees Twp PD,2023-10,2
Voorhees Twp PD,2023-12,1
Voorhees Twp PD,2024-01,2
Voorhees Twp PD,2024-03,3
Voorhees Twp PD,2024-04,3
Voorhees Twp PD,2024-06,1
Voorhees Twp PD,2024-07,2
Voorhees Twp PD,2024-08,1
Voorhees Twp PD,2024-10,2
Voorhees Twp PD,2024-11,2
Voorhees Twp PD,2024-12,3
Voorhees Twp PD,2025-01,1
Voorhees Twp PD,2025-02,5
Voorhees Twp PD,2025-03,3
Voorhees Twp PD,2025-05,2
Voorhees Twp PD,2025-06,1
Voorhees Twp PD,2025-08,2
Voorhees Twp PD,2025-09,2
Voorhees Twp PD,2025-10,1
Voorhees Twp PD,2025-12,1
Voorhees Twp PD,2026-01,3
Voorhees Twp PD,2026-02,1
Voorhees Twp PD,2026-03,2
Voorhees Twp PD,2026-04,2
Voorhees Twp PD,2026-05,5
Voorhees Twp PD,2026-07,4
Voorhees Twp PD,2026-08,1
Waldwick PD,2022-05,1
Waldwick PD,2023-04,1
Waldwick PD,2024-04,1
Waldwick PD,2024-06,1
Waldwick PD,2025-02,1
Wall Twp PD,2020-10,1
Wall Twp PD,2020-11,5
Wall Twp PD,2020-12,1
Wall Twp PD,2021-01,4
Wall Twp PD,2021-02,2
Wall Twp PD,2021-03,2
Wall Twp PD,2021-05,4
Wall Twp PD,2021-06,4
Wall Twp PD,2021-07,3
Wall Twp PD,2021-10,1
Wall Twp PD,2021-12,3
Wall Twp PD,2022-01,3
Wall Twp PD,2022-02,3
Wall Twp PD,2022-04,4
Wall Twp PD,2022-05,2
Wall Twp PD,2022-06,1
Wall Twp PD,2022-07,6
Wall Twp PD,2022-08,6
Wall Twp PD,2022-09,3
Wall Twp PD,2022-10,3
Wall Twp PD,2022-11,1
Wall Twp PD,2022-12,2
Wall Twp PD,2023-01,4
Wall Twp PD,2023-02,3
Wall Twp PD,2023-03,2
Wall Twp PD,2023-05,2
Wall Twp PD,2023-06,1
Wall Twp PD,2023-07,3
Wall Twp PD,2023-08,3
Wall Twp PD,2023-09,1
Wall Twp PD,2023-10,2
Wall Twp PD,2023-11,2
Wall Twp PD,2023-12,5
Wall Twp PD,2024-01,3
Wall Twp PD,2024-02,1
Wall Twp PD,2024-03,2
Wall Twp PD,2024-04,3
Wall Twp PD,2024-05,2
Wall Twp PD,2024-06,4
Wall Twp PD,2024-07,3
Wall Twp PD,2024-09,2
Wall Twp PD,2024-10,4
Wall Twp PD,2024-11,1
Wall Twp PD,2024-12,3
Wall Twp PD,2025-02,4
Wall Twp PD,2025-03,5
Wall Twp PD,2025-04,1
Wall Twp PD,2025-05,5
Wall Twp PD,2025-06,3
Wall Twp PD,2025-07,2
Wall Twp PD,2025-08,5
Wall Twp PD,2025-09,2
Wall Twp PD,2025-10,4
Wall Twp PD,2025-11,1
Wall Twp PD,2025-12,2
Wall Twp PD,2026-01,2
Wall Twp PD,2026-02,1
Wall Twp PD,2026-03,3
Wall Twp PD,2026-04,2
Wall Twp PD,2026-05,1
Wall Twp PD,2026-06,2
Wall Twp PD,2026-07,2
Wall Twp PD,2026-08,5
Wallington PD,2021-02,1
Wallington PD,2021-08,1
Wallington PD,2021-09,1
Wallington PD,2021-10,1
Wallington PD,2021-11,1
Wallington PD,2021-12,1
Wallington PD,2022-03,1
Wallington PD,2022-04,1
Wallington PD,2022-05,1
Wallington PD,2022-09,1
Wallington PD,2022-12,1
Wallington PD,2023-01,2
Wallington PD,2023-04,2
Wallington PD,2023-05,1
Wallington PD,2023-08,1
Wallington PD,2023-10,1
Wallington PD,2024-09,1
Wallington PD,2024-11,1
Wallington PD,2025-02,1
Wallington PD,2025-03,1
Wallington PD,2025-05,1
Wallington PD,2025-10,1
Wallington PD,2025-12,1
Wallington PD,2026-01,1
Wallington PD,2026-06,2
Wallington PD,2026-07,1
Wanaque Boro PD,2020-12,1
Wanaque Boro PD,2021-04,3
Wanaque Boro PD,2021-06,1
Wanaque Boro PD,2022-06,3
Wanaque Boro PD,2022-09,1
Wanaque Boro PD,2022-10,1
Wanaque Boro PD,2022-11,1
Wanaque Boro PD,2023-04,2
Wanaque Boro PD,2023-05,1
Wanaque Boro PD,2023-06,1
Wanaque Boro PD,2023-08,1
Wanaque Boro PD,2023-09,1
Wanaque Boro PD,2024-01,1
Wanaque Boro PD,2024-08,2
Wanaque Boro PD,2024-11,1
Wanaque Boro PD,2025-10,1
Wanaque Boro PD,2026-03,1
Wanaque Boro PD,2026-04,1
Wanaque Boro PD,2026-06,1
Warren Co Corrections,2025-01,1
Warren Co Corrections,2025-02,1
Warren Co Prosecutors Office,2022-04,1
Warren Co Prosecutors Office,2022-05,1
Warren Co Prosecutors Office,2022-09,1
Warren Co Prosecutors Office,2024-02,1
Warren Co Prosecutors Office,2024-04,1
Warren Co Prosecutors Office,2025-04,2
Warren Co Sheriffs Dept,2023-08,1
Warren Co Sheriffs Dept,2023-11,1
Warren Co Sheriffs Dept,2024-03,2
Warren Co Sheriffs Dept,2025-03,1
Warren Co Sheriffs Dept,2025-07,1
Warren Twp PD,2020-10,1
Warren Twp PD,2021-01,1
Warren Twp PD,2021-05,1
Warren Twp PD,2021-06,1
Warren Twp PD,2021-07,1
Warren Twp PD,2022-03,2
Warren Twp PD,2022-04,1
Warren Twp PD,2022-07,1
Warren Twp PD,2022-10,3
Warren Twp PD,2022-11,2
Warren Twp PD,2023-01,1
Warren Twp PD,2023-04,1
Warren Twp PD,2024-02,1
Warren Twp PD,2024-03,1
Warren Twp PD,2024-05,2
Warren Twp PD,2024-08,2
Warren Twp PD,2024-09,1
Warren Twp PD,2024-12,1
Warren Twp PD,2025-07,3
Warren Twp PD,2025-09,1
Warren Twp PD,2026-06,2
Warren Twp PD,2026-07,2
Washington Twp PD,2020-10,2
Washington Twp PD,2020-11,6
Washington Twp PD,2020-12,1
Washington Twp PD,2021-01,3
Washington Twp PD,2021-02,3
Washington Twp PD,2021-03,4
Washington Twp PD,2021-04,12
Washington Twp PD,2021-05,4
Washington Twp PD,2021-06,6
Washington Twp PD,2021-07,3
Washington Twp PD,2021-08,3
Washington Twp PD,2021-09,3
Washington Twp PD,2021-10,4
Washington Twp PD,2021-11,2
Washington Twp PD,2021-12,10
Washington Twp PD,2022-01,2
Washington Twp PD,2022-02,2
Washington Twp PD,2022-04,1
Washington Twp PD,2022-05,5
Washington Twp PD,2022-06,2
Washington Twp PD,2022-07,2
Washington Twp PD,2022-08,5
Washington Twp PD,2022-09,6
Washington Twp PD,2022-11,2
Washington Twp PD,2022-12,3
Washington Twp PD,2023-01,1
Washington Twp PD,2023-02,4
Washington Twp PD,2023-03,4
Washington Twp PD,2023-04,6
Washington Twp PD,2023-05,3
Washington Twp PD,2023-06,1
Washington Twp PD,2023-07,4
Washington Twp PD,2023-08,5
Washington Twp PD,2023-09,3
Washington Twp PD,2023-10,1
Washington Twp PD,2023-11,4
Washington Twp PD,2023-12,3
Washington Twp PD,2024-01,1
Washington Twp PD,2024-02,6
Washington Twp PD,2024-03,5
Washington Twp PD,2024-04,1
Washington Twp PD,2024-05,5
Washington Twp PD,2024-06,5
Washington Twp PD,2024-07,6
Washington Twp PD,2024-08,6
Washington Twp PD,2024-09,4
Washington Twp PD,2024-10,2
Washington Twp PD,2024-11,3
Washington Twp PD,2024-12,2
Washington Twp PD,2025-02,1
Washington Twp PD,2025-03,7
Washington Twp PD,2025-05,2
Washington Twp PD,2025-06,5
Washington Twp PD,2025-08,3
Washington Twp PD,2025-09,2
Washington Twp PD,2025-11,3
Washington Twp PD,2026-01,2
Washington Twp PD,2026-02,1
Washington Twp PD,2026-04,5
Washington Twp PD,2026-05,1
Washington Twp PD,2026-06,3
Washington Twp PD,2026-07,3
Watchung PD,2021-07,1
Watchung PD,2021-08,1
Watchung PD,2021-09,1
Watchung PD,2021-10,1
Watchung PD,2022-04,1
Watchung PD,2022-05,1
Watchung PD,2022-06,1
Watchung PD,2022-10,3
Watchung PD,2022-11,1
Watchung PD,2023-01,1
Watchung PD,2023-06,2
Watchung PD,2023-11,1
Watchung PD,2024-01,1
Watchung PD,2024-03,1
Watchung PD,2024-06,2
Watchung PD,2024-07,2
Watchung PD,2024-08,1
Watchung PD,2024-09,1
Watchung PD,2025-01,2
Watchung PD,2025-02,2
Watchung PD,2025-03,1
Watchung PD,2025-04,1
Watchung PD,2025-08,1
Watchung PD,2025-10,1
Watchung PD,2026-04,1
Waterford Twp PD,2020-11,1
Waterford Twp PD,2021-01,2
Waterford Twp PD,2021-04,3
Waterford Twp PD,2021-06,3
Waterford Twp PD,2021-09,1
Waterford Twp PD,2021-10,2
Waterford Twp PD,2021-11,1
Waterford Twp PD,2021-12,1
Waterford Twp PD,2022-01,3
Waterford Twp PD,2022-02,1
Waterford Twp PD,2022-03,3
Waterford Twp PD,2022-04,2
Waterford Twp PD,2022-05,1
Waterford Twp PD,2022-07,1
Waterford Twp PD,2022-08,4
Waterford Twp PD,2022-09,2
Waterford Twp PD,2022-10,1
Waterford Twp PD,2022-12,1
Waterford Twp PD,2023-01,2
Waterford Twp PD,2023-02,1
Waterford Twp PD,2023-03,2
Waterford Twp PD,2023-04,2
Waterford Twp PD,2023-07,2
Waterford Twp PD,2023-08,4
Waterford Twp PD,2023-09,3
Waterford Twp PD,2023-10,2
Waterford Twp PD,2023-11,1
Waterford Twp PD,2023-12,2
Waterford Twp PD,2024-01,2
Waterford Twp PD,2024-02,4
Waterford Twp PD,2024-03,3
Waterford Twp PD,2024-04,1
Waterford Twp PD,2024-06,1
Waterford Twp PD,2024-08,3
Waterford Twp PD,2024-09,1
Waterford Twp PD,2024-10,3
Waterford Twp PD,2024-11,3
Waterford Twp PD,2024-12,1
Waterford Twp PD,2025-01,1
Waterford Twp PD,2025-03,1
Waterford Twp PD,2025-05,2
Waterford Twp PD,2025-06,1
Waterford Twp PD,2025-09,3
Waterford Twp PD,2025-10,3
Waterford Twp PD,2025-11,2
Waterford Twp PD,2025-12,1
Waterford Twp PD,2026-01,2
Waterford Twp PD,2026-02,1
Waterford Twp PD,2026-03,3
Waterford Twp PD,2026-04,1
Waterford Twp PD,2026-05,2
Waterford Twp PD,2026-06,2
Waterford Twp PD,2026-07,4
Waterford Twp PD,2026-08,1
Wayne PD,2020-10,1
Wayne PD,2020-12,2
Wayne PD,2021-02,1
Wayne PD,2021-04,2
Wayne PD,2021-05,10
Wayne PD,2021-06,2
Wayne PD,2021-07,7
Wayne PD,2021-08,5
Wayne PD,2021-09,6
Wayne PD,2021-12,10
Wayne PD,2022-01,10
Wayne PD,2022-03,2
Wayne PD,2022-04,3
Wayne PD,2022-05,1
Wayne PD,2022-06,1
Wayne PD,2022-07,11
Wayne PD,2022-08,8
Wayne PD,2022-09,2
Wayne PD,2022-10,3
Wayne PD,2022-11,4
Wayne PD,2022-12,3
Wayne PD,2023-01,5
Wayne PD,2023-02,6
Wayne PD,2023-03,5
Wayne PD,2023-04,6
Wayne PD,2023-05,4
Wayne PD,2023-06,3
Wayne PD,2023-07,2
Wayne PD,2023-08,2
Wayne PD,2023-09,4
Wayne PD,2023-10,1
Wayne PD,2023-11,4
Wayne PD,2023-12,1
Wayne PD,2024-01,2
Wayne PD,2024-02,1
Wayne PD,2024-03,4
Wayne PD,2024-04,3
Wayne PD,2024-06,2
Wayne PD,2024-07,6
Wayne PD,2024-08,1
Wayne PD,2024-09,7
Wayne PD,2024-10,2
Wayne PD,2024-11,4
Wayne PD,2024-12,9
Wayne PD,2025-01,4
Wayne PD,2025-02,2
Wayne PD,2025-03,7
Wayne PD,2025-04,2
Wayne PD,2025-05,1
Wayne PD,2025-06,7
Wayne PD,2025-07,1
Wayne PD,2025-08,6
Wayne PD,2025-09,2
Wayne PD,2025-10,1
Wayne PD,2025-11,8
Wayne PD,2026-03,3
Wayne PD,2026-04,1
Wayne PD,2026-05,3
Wayne PD,2026-06,1
Wayne PD,2026-07,2
Wayne PD,2026-08,3
Weehawken PD,2020-10,1
Weehawken PD,2020-11,1
Weehawken PD,2020-12,1
Weehawken PD,2021-01,2
Weehawken PD,2021-03,3
Weehawken PD,2021-04,1
Weehawken PD,2021-05,2
Weehawken PD,2021-07,1
Weehawken PD,2021-09,1
Weehawken PD,2021-10,1
Weehawken PD,2021-11,1
Weehawken PD,2022-01,1
Weehawken PD,2022-02,1
Weehawken PD,2022-03,1
Weehawken PD,2022-04,1
Weehawken PD,2022-09,2
Weehawken PD,2022-11,2
Weehawken PD,2022-12,2
Weehawken PD,2023-01,1
Weehawken PD,2023-04,1
Weehawken PD,2023-06,2
Weehawken PD,2023-07,1
Weehawken PD,2023-08,3
Weehawken PD,2023-09,2
Weehawken PD,2023-10,1
Weehawken PD,2023-12,2
Weehawken PD,2024-01,1
Weehawken PD,2024-02,3
Weehawken PD,2024-05,1
Weehawken PD,2024-09,1
Weehawken PD,2024-11,2
Weehawken PD,2025-02,2
Weehawken PD,2025-03,2
Weehawken PD,2025-04,1
Weehawken PD,2025-05,2
Weehawken PD,2025-07,3
Weehawken PD,2025-08,6
Weehawken PD,2025-10,3
Weehawken PD,2025-12,2
Weehawken PD,2026-01,1
Weehawken PD,2026-02,3
Weehawken PD,2026-03,2
Weehawken PD,2026-04,2
Weehawken PD,2026-05,1
Weehawken PD,2026-06,2
Weehawken PD,2026-07,2
Weehawken PD,2026-08,4
West Amwell Twp PD,2021-01,1
West Amwell Twp PD,2021-02,1
West Amwell Twp PD,2022-04,1
West Amwell Twp PD,2022-05,1
West Amwell Twp PD,2023-05,1
West Amwell Twp PD,2023-06,1
West Amwell Twp PD,2024-03,1
West Amwell Twp PD,2024-07,1
West Caldwell PD,2020-10,2
West Caldwell PD,2021-03,2
West Caldwell PD,2021-05,1
West Caldwell PD,2021-12,1
West Caldwell PD,2022-03,1
West Caldwell PD,2022-08,2
West Caldwell PD,2022-12,2
West Caldwell PD,2023-01,3
West Caldwell PD,2023-05,1
West Caldwell PD,2023-12,1
West Caldwell PD,2024-05,1
West Caldwell PD,2024-09,1
West Caldwell PD,2024-10,1
West Caldwell PD,2025-06,1
West Caldwell PD,2026-03,1
West Caldwell PD,2026-05,2
West Deptford Twp PD,2020-11,1
West Deptford Twp PD,2020-12,1
West Deptford Twp PD,2021-01,3
West Deptford Twp PD,2021-02,3
West Deptford Twp PD,2021-03,2
West Deptford Twp PD,2021-04,2
West Deptford Twp PD,2021-05,1
West Deptford Twp PD,2021-06,1
West Deptford Twp PD,2021-07,1
West Deptford Twp PD,2021-08,2
West Deptford Twp PD,2021-09,6
West Deptford Twp PD,2021-10,1
West Deptford Twp PD,2021-11,2
West Deptford Twp PD,2021-12,1
West Deptford Twp PD,2022-01,1
West Deptford Twp PD,2022-02,1
West Deptford Twp PD,2022-03,4
West Deptford Twp PD,2022-04,1
West Deptford Twp PD,2022-05,1
West Deptford Twp PD,2022-06,1
West Deptford Twp PD,2022-07,1
West Deptford Twp PD,2022-10,3
West Deptford Twp PD,2022-12,1
West Deptford Twp PD,2023-01,3
West Deptford Twp PD,2023-02,2
West Deptford Twp PD,2023-03,1
West Deptford Twp PD,2023-05,2
West Deptford Twp PD,2023-06,4
West Deptford Twp PD,2023-07,2
West Deptford Twp PD,2023-08,3
West Deptford Twp PD,2023-10,1
West Deptford Twp PD,2023-11,1
West Deptford Twp PD,2023-12,1
West Deptford Twp PD,2024-01,1
West Deptford Twp PD,2024-03,1
West Deptford Twp PD,2024-04,1
West Deptford Twp PD,2024-06,1
West Deptford Twp PD,2024-07,6
West Deptford Twp PD,2024-08,1
West Deptford Twp PD,2024-09,4
West Deptford Twp PD,2024-10,2
West Deptford Twp PD,2024-11,5
West Deptford Twp PD,2024-12,2
West Deptford Twp PD,2025-01,4
West Deptford Twp PD,2025-04,2
West Deptford Twp PD,2025-06,3
West Deptford Twp PD,2025-07,2
West Deptford Twp PD,2025-11,1
West Deptford Twp PD,2025-12,2
West Deptford Twp PD,2026-01,1
West Deptford Twp PD,2026-03,3
West Deptford Twp PD,2026-05,2
West Deptford Twp PD,2026-06,1
West Deptford Twp PD,2026-07,1
West Long Branch PD,2020-12,1
West Long Branch PD,2021-02,1
West Long Branch PD,2021-05,1
West Long Branch PD,2022-02,2
West Long Branch PD,2022-03,2
West Long Branch PD,2022-05,1
West Long Branch PD,2022-07,2
West Long Branch PD,2022-11,2
West Long Branch PD,2023-03,1
West Long Branch PD,2023-04,2
West Long Branch PD,2023-06,1
West Long Branch PD,2023-10,1
West Long Branch PD,2024-01,1
West Long Branch PD,2024-04,1
West Long Branch PD,2024-06,2
West Long Branch PD,2024-07,1
West Long Branch PD,2024-09,1
West Long Branch PD,2024-11,1
West Long Branch PD,2025-04,2
West Long Branch PD,2025-05,1
West Long Branch PD,2025-08,1
West Long Branch PD,2025-09,1
West Long Branch PD,2026-01,1
West Long Branch PD,2026-02,1
West Long Branch PD,2026-03,1
West Long Branch PD,2026-04,2
West Long Branch PD,2026-08,1
West Milford PD,2021-01,2
West Milford PD,2021-04,1
West Milford PD,2021-05,1
West Milford PD,2021-11,1
West Milford PD,2022-02,1
West Milford PD,2022-05,1
West Milford PD,2022-06,1
West Milford PD,2022-07,1
West Milford PD,2022-10,1
West Milford PD,2022-12,2
West Milford PD,2023-01,1
West Milford PD,2023-03,1
West Milford PD,2023-06,1
West Milford PD,2023-09,1
West Milford PD,2023-10,1
West Milford PD,2023-12,1
West Milford PD,2024-03,1
West Milford PD,2024-05,1
West Milford PD,2024-08,1
West Milford PD,2024-10,1
West Milford PD,2024-11,1
West Milford PD,2024-12,1
West Milford PD,2025-01,1
West Milford PD,2025-02,1
West Milford PD,2025-03,1
West Milford PD,2025-05,2
West Milford PD,2025-08,1
West Milford PD,2025-09,1
West Milford PD,2025-12,1
West Milford PD,2026-01,1
West Milford PD,2026-02,1
West Milford PD,2026-04,1
West Milford PD,2026-07,1
West New York PD,2020-10,14
West New York PD,2020-11,5
West New York PD,2020-12,6
West New York PD,2021-01,3
West New York PD,2021-02,2
West New York PD,2021-03,11
West New York PD,2021-04,1
West New York PD,2021-05,3
West New York PD,2021-06,9
West New York PD,2021-07,6
West New York PD,2021-08,10
West New York PD,2021-09,14
West New York PD,2021-10,8
West New York PD,2021-11,1
West New York PD,2021-12,3
West New York PD,2022-01,5
West New York PD,2022-02,2
West New York PD,2022-03,3
West New York PD,2022-05,2
West New York PD,2022-06,5
West New York PD,2022-07,2
West New York PD,2022-08,4
West New York PD,2022-09,1
West New York PD,2022-10,2
West New York PD,2022-11,4
West New York PD,2022-12,2
West New York PD,2023-01,4
West New York PD,2023-02,4
West New York PD,2023-03,3
West New York PD,2023-04,5
West New York PD,2023-05,6
West New York PD,2023-06,6
West New York PD,2023-07,7
West New York PD,2023-08,5
West New York PD,2023-09,3
West New York PD,2023-11,2
West New York PD,2023-12,1
West New York PD,2024-01,6
West New York PD,2024-02,2
West New York PD,2024-04,8
West New York PD,2024-05,5
West New York PD,2024-06,2
West New York PD,2024-07,3
West New York PD,2024-08,2
West New York PD,2024-09,5
West New York PD,2024-10,3
West New York PD,2024-11,1
West New York PD,2024-12,3
West New York PD,2025-01,1
West New York PD,2025-02,4
West New York PD,2025-03,4
West New York PD,2025-04,6
West New York PD,2025-05,5
West New York PD,2025-06,1
West New York PD,2025-07,5
West New York PD,2025-08,4
West New York PD,2025-09,7
West New York PD,2025-10,2
West New York PD,2025-11,3
West New York PD,2025-12,2
West New York PD,2026-01,4
West New York PD,2026-02,4
West New York PD,2026-03,5
West New York PD,2026-04,6
West New York PD,2026-05,3
West New York PD,2026-06,2
West New York PD,2026-07,4
West New York PD,2026-08,2
West Orange PD,2020-10,3
West Orange PD,2020-11,4
West Orange PD,2020-12,2
West Orange PD,2021-01,1
West Orange PD,2021-03,3
West Orange PD,2021-04,2
West Orange PD,2021-05,3
West Orange PD,2021-06,5
West Orange PD,2021-07,3
West Orange PD,2021-08,2
West Orange PD,2021-09,6
West Orange PD,2021-10,6
West Orange PD,2021-11,4
West Orange PD,2021-12,7
West Orange PD,2022-02,2
West Orange PD,2022-03,5
West Orange PD,2022-04,7
West Orange PD,2022-05,1
West Orange PD,2022-06,1
West Orange PD,2022-07,5
West Orange PD,2022-08,3
West Orange PD,2022-09,4
West Orange PD,2022-10,5
West Orange PD,2022-11,6
West Orange PD,2022-12,2
West Orange PD,2023-01,6
West Orange PD,2023-02,5
West Orange PD,2023-03,1
West Orange PD,2023-04,6
West Orange PD,2023-05,7
West Orange PD,2023-06,9
West Orange PD,2023-07,6
West Orange PD,2023-08,4
West Orange PD,2023-09,2
West Orange PD,2023-10,6
West Orange PD,2023-11,4
West Orange PD,2024-01,2
West Orange PD,2024-02,2
West Orange PD,2024-03,1
West Orange PD,2024-04,4
West Orange PD,2024-05,8
West Orange PD,2024-06,7
West Orange PD,2024-07,2
West Orange PD,2024-08,5
West Orange PD,2024-09,6
West Orange PD,2024-10,3
West Orange PD,2024-11,7
West Orange PD,2024-12,3
West Orange PD,2025-01,3
West Orange PD,2025-02,4
West Orange PD,2025-03,8
West Orange PD,2025-04,4
West Orange PD,2025-05,3
West Orange PD,2025-06,3
West Orange PD,2025-07,4
West Orange PD,2025-08,7
West Orange PD,2025-09,3
West Orange PD,2025-10,3
West Orange PD,2025-11,5
West Orange PD,2025-12,3
West Orange PD,2026-01,5
West Orange PD,2026-02,1
West Orange PD,2026-03,5
West Orange PD,2026-05,7
West Orange PD,2026-06,3
West Orange PD,2026-07,1
West Orange PD,2026-08,5
West Wildwood Boro PD,2024-01,1
West Windsor Twp PD,2020-10,1
West Windsor Twp PD,2021-05,1
West Windsor Twp PD,2021-06,1
West Windsor Twp PD,2021-08,1
West Windsor Twp PD,2021-10,1
West Windsor Twp PD,2021-11,1
West Windsor Twp PD,2022-02,1
West Windsor Twp PD,2022-03,1
West Windsor Twp PD,2022-05,1
West Windsor Twp PD,2022-10,1
West Windsor Twp PD,2022-12,1
West Windsor Twp PD,2023-03,1
West Windsor Twp PD,2023-05,1
West Windsor Twp PD,2023-06,1
West Windsor Twp PD,2023-08,1
West Windsor Twp PD,2023-09,1
West Windsor Twp PD,2023-12,1
West Windsor Twp PD,2024-04,1
West Windsor Twp PD,2024-06,1
West Windsor Twp PD,2024-07,1
West Windsor Twp PD,2024-09,2
West Windsor Twp PD,2024-10,1
West Windsor Twp PD,2025-02,1
West Windsor Twp PD,2025-04,1
West Windsor Twp PD,2025-05,2
West Windsor Twp PD,2025-06,2
West Windsor Twp PD,2025-07,1
West Windsor Twp PD,2025-08,2
West Windsor Twp PD,2025-10,2
West Windsor Twp PD,2025-12,1
West Windsor Twp PD,2026-01,1
West Windsor Twp PD,2026-02,1
West Windsor Twp PD,2026-03,3
West Windsor Twp PD,2026-04,2
West Windsor Twp PD,2026-05,1
West Windsor Twp PD,2026-07,1
West Windsor Twp PD,2026-08,1
Westampton Twp PD,2020-12,1
Westampton Twp PD,2021-05,1
Westampton Twp PD,2021-07,1
Westampton Twp PD,2021-09,1
Westampton Twp PD,2021-10,1
Westampton Twp PD,2021-11,1
Westampton Twp PD,2022-01,1
Westampton Twp PD,2022-05,1
Westampton Twp PD,2022-08,2
Westampton Twp PD,2022-09,1
Westampton Twp PD,2022-10,1
Westampton Twp PD,2022-12,3
Westampton Twp PD,2023-01,1
Westampton Twp PD,2023-02,1
Westampton Twp PD,2023-03,1
Westampton Twp PD,2023-05,3
Westampton Twp PD,2023-11,1
Westampton Twp PD,2024-01,2
Westampton Twp PD,2024-03,1
Westampton Twp PD,2024-04,2
Westampton Twp PD,2024-05,1
Westampton Twp PD,2024-06,1
Westampton Twp PD,2024-10,1
Westampton Twp PD,2024-11,1
Westampton Twp PD,2024-12,1
Westampton Twp PD,2025-01,3
Westampton Twp PD,2025-02,1
Westampton Twp PD,2025-04,1
Westampton Twp PD,2025-06,2
Westampton Twp PD,2025-08,2
Westampton Twp PD,2025-10,1
Westampton Twp PD,2025-11,1
Westampton Twp PD,2025-12,1
Westampton Twp PD,2026-02,2
Westampton Twp PD,2026-04,3
Westampton Twp PD,2026-06,3
Westampton Twp PD,2026-07,1
Westampton Twp PD,2026-08,2
Westfield PD,2021-01,1
Westfield PD,2021-03,2
Westfield PD,2021-04,3
Westfield PD,2021-06,1
Westfield PD,2021-12,2
Westfield PD,2022-02,3
Westfield PD,2022-03,1
Westfield PD,2022-04,1
Westfield PD,2022-05,2
Westfield PD,2022-07,2
Westfield PD,2022-09,1
Westfield PD,2022-11,1
Westfield PD,2022-12,2
Westfield PD,2023-02,1
Westfield PD,2023-03,1
Westfield PD,2023-04,1
Westfield PD,2023-05,1
Westfield PD,2023-06,1
Westfield PD,2023-07,1
Westfield PD,2023-08,1
Westfield PD,2023-09,2
Westfield PD,2023-10,1
Westfield PD,2023-12,2
Westfield PD,2024-01,2
Westfield PD,2024-02,1
Westfield PD,2024-03,3
Westfield PD,2024-04,3
Westfield PD,2024-06,2
Westfield PD,2024-08,2
Westfield PD,2024-09,2
Westfield PD,2024-11,1
Westfield PD,2025-02,1
Westfield PD,2025-08,1
Westfield PD,2025-09,1
Westfield PD,2025-11,3
Westfield PD,2026-01,1
Westfield PD,2026-02,3
Westfield PD,2026-04,1
Westfield PD,2026-05,1
Westfield PD,2026-07,1
Westfield PD,2026-08,3
Westville PD,2021-05,2
Westville PD,2021-10,1
Westville PD,2022-04,1
Westville PD,2022-05,1
Westville PD,2022-07,1
Westville PD,2022-12,1
Westville PD,2023-02,2
Westville PD,2023-03,2
Westville PD,2023-05,1
Westville PD,2023-06,6
Westville PD,2024-02,2
Westville PD,2024-03,1
Westville PD,2024-06,1
Westville PD,2024-11,2
Westville PD,2025-02,1
Westville PD,2025-03,1
Westville PD,2025-11,1
Westville PD,2026-05,1
Westwood PD,2021-06,1
Westwood PD,2022-01,1
Westwood PD,2022-04,2
Westwood PD,2022-06,2
Westwood PD,2022-09,1
Westwood PD,2023-02,2
Westwood PD,2023-04,1
Westwood PD,2023-05,1
Westwood PD,2023-12,1
Westwood PD,2024-04,1
Westwood PD,2024-08,1
Westwood PD,2024-09,2
Westwood PD,2025-02,1
Westwood PD,2025-04,2
Westwood PD,2025-12,1
Westwood PD,2026-07,1
Wharton Boro PD,2020-12,1
Wharton Boro PD,2021-05,1
Wharton Boro PD,2021-07,1
Wharton Boro PD,2021-10,1
Wharton Boro PD,2022-01,1
Wharton Boro PD,2022-03,3
Wharton Boro PD,2022-04,1
Wharton Boro PD,2022-05,1
Wharton Boro PD,2022-07,1
Wharton Boro PD,2022-08,2
Wharton Boro PD,2022-09,1
Wharton Boro PD,2022-11,2
Wharton Boro PD,2023-03,1
Wharton Boro PD,2023-06,1
Wharton Boro PD,2023-07,1
Wharton Boro PD,2023-10,1
Wharton Boro PD,2024-08,1
Wharton Boro PD,2024-10,1
Wharton Boro PD,2024-11,1
Wharton Boro PD,2025-05,1
Wharton Boro PD,2025-10,1
Wharton Boro PD,2025-11,1
Wharton Boro PD,2026-01,1
Wharton Boro PD,2026-04,2
Wharton Boro PD,2026-05,1
Wharton Boro PD,2026-07,1
Wharton Boro PD,2026-08,1
Wildwood Crest Boro PD,2020-10,3
Wildwood Crest Boro PD,2020-12,1
Wildwood Crest Boro PD,2021-05,1
Wildwood Crest Boro PD,2021-06,1
Wildwood Crest Boro PD,2021-07,7
Wildwood Crest Boro PD,2021-09,2
Wildwood Crest Boro PD,2021-12,1
Wildwood Crest Boro PD,2022-02,1
Wildwood Crest Boro PD,2022-05,1
Wildwood Crest Boro PD,2022-06,1
Wildwood Crest Boro PD,2022-08,1
Wildwood Crest Boro PD,2022-12,1
Wildwood Crest Boro PD,2023-05,1
Wildwood Crest Boro PD,2023-06,1
Wildwood Crest Boro PD,2023-07,1
Wildwood Crest Boro PD,2023-09,1
Wildwood Crest Boro PD,2023-11,2
Wildwood Crest Boro PD,2024-05,1
Wildwood Crest Boro PD,2024-06,2
Wildwood Crest Boro PD,2025-03,1
Wildwood Crest Boro PD,2025-05,1
Wildwood Crest Boro PD,2025-06,3
Wildwood Crest Boro PD,2025-08,1
Wildwood Crest Boro PD,2025-09,1
Wildwood Crest Boro PD,2026-06,1
Wildwood Crest Boro PD,2026-07,1
Wildwood PD,2020-10,2
Wildwood PD,2020-11,1
Wildwood PD,2020-12,2
Wildwood PD,2021-01,1
Wildwood PD,2021-02,4
Wildwood PD,2021-03,6
Wildwood PD,2021-04,5
Wildwood PD,2021-05,5
Wildwood PD,2021-06,5
Wildwood PD,2021-07,5
Wildwood PD,2021-08,6
Wildwood PD,2021-09,6
Wildwood PD,2021-10,5
Wildwood PD,2021-11,2
Wildwood PD,2022-02,1
Wildwood PD,2022-03,2
Wildwood PD,2022-05,1
Wildwood PD,2022-06,4
Wildwood PD,2022-07,5
Wildwood PD,2022-08,3
Wildwood PD,2022-09,7
Wildwood PD,2022-10,2
Wildwood PD,2022-11,1
Wildwood PD,2023-04,3
Wildwood PD,2023-05,10
Wildwood PD,2023-06,6
Wildwood PD,2023-07,10
Wildwood PD,2023-08,4
Wildwood PD,2023-09,5
Wildwood PD,2023-10,2
Wildwood PD,2023-11,2
Wildwood PD,2023-12,3
Wildwood PD,2024-01,1
Wildwood PD,2024-02,2
Wildwood PD,2024-03,2
Wildwood PD,2024-04,3
Wildwood PD,2024-05,11
Wildwood PD,2024-06,11
Wildwood PD,2024-07,9
Wildwood PD,2024-08,4
Wildwood PD,2024-09,5
Wildwood PD,2024-11,1
Wildwood PD,2024-12,1
Wildwood PD,2025-01,1
Wildwood PD,2025-03,1
Wildwood PD,2025-05,19
Wildwood PD,2025-06,8
Wildwood PD,2025-07,16
Wildwood PD,2025-08,7
Wildwood PD,2025-09,2
Wildwood PD,2025-11,1
Wildwood PD,2025-12,4
Wildwood PD,2026-02,2
Wildwood PD,2026-03,2
Wildwood PD,2026-04,4
Wildwood PD,2026-05,17
Wildwood PD,2026-06,10
Wildwood PD,2026-07,13
Wildwood PD,2026-08,5
William Paterson University PD,2022-01,1
William Paterson University PD,2023-10,1
William Paterson University PD,2024-11,1
William Paterson University PD,2025-09,2
William Paterson University PD,2025-10,2
William Paterson University PD,2025-12,1
William Paterson University PD,2026-07,1
Willingboro PD,2020-10,7
Willingboro PD,2020-11,6
Willingboro PD,2020-12,6
Willingboro PD,2021-01,12
Willingboro PD,2021-02,3
Willingboro PD,2021-03,2
Willingboro PD,2021-04,4
Willingboro PD,2021-05,4
Willingboro PD,2021-06,3
Willingboro PD,2021-07,3
Willingboro PD,2021-08,7
Willingboro PD,2021-09,3
Willingboro PD,2021-10,7
Willingboro PD,2021-11,4
Willingboro PD,2021-12,6
Willingboro PD,2022-01,4
Willingboro PD,2022-02,3
Willingboro PD,2022-03,5
Willingboro PD,2022-04,6
Willingboro PD,2022-05,4
Willingboro PD,2022-06,4
Willingboro PD,2022-07,3
Willingboro PD,2022-08,2
Willingboro PD,2022-09,5
Willingboro PD,2022-10,3
Willingboro PD,2022-11,9
Willingboro PD,2022-12,3
Willingboro PD,2023-01,3
Willingboro PD,2023-02,5
Willingboro PD,2023-03,6
Willingboro PD,2023-04,6
Willingboro PD,2023-05,4
Willingboro PD,2023-06,4
Willingboro PD,2023-07,5
Willingboro PD,2023-08,6
Willingboro PD,2023-09,1
Willingboro PD,2023-10,2
Willingboro PD,2023-11,7
Willingboro PD,2023-12,2
Willingboro PD,2024-01,3
Willingboro PD,2024-02,1
Willingboro PD,2024-03,1
Willingboro PD,2024-04,2
Willingboro PD,2024-05,3
Willingboro PD,2024-06,1
Willingboro PD,2024-07,3
Willingboro PD,2024-08,5
Willingboro PD,2024-09,2
Willingboro PD,2024-10,2
Willingboro PD,2024-11,3
Willingboro PD,2024-12,1
Willingboro PD,2025-02,2
Willingboro PD,2025-03,3
Willingboro PD,2025-04,6
Willingboro PD,2025-05,1
Willingboro PD,2025-06,3
Willingboro PD,2025-07,3
Willingboro PD,2025-08,2
Willingboro PD,2025-09,3
Willingboro PD,2025-10,6
Willingboro PD,2025-11,1
Willingboro PD,2025-12,1
Willingboro PD,2026-01,1
Willingboro PD,2026-02,5
Willingboro PD,2026-03,3
Willingboro PD,2026-04,2
Willingboro PD,2026-05,2
Willingboro PD,2026-06,1
Winfield PD,2023-11,1
Winfield PD,2025-08,1
Winslow Twp PD,2020-10,1
Winslow Twp PD,2020-11,8
Winslow Twp PD,2020-12,1
Winslow Twp PD,2021-02,3
Winslow Twp PD,2021-03,3
Winslow Twp PD,2021-04,3
Winslow Twp PD,2021-06,1
Winslow Twp PD,2021-07,1
Winslow Twp PD,2021-08,5
Winslow Twp PD,2021-09,6
Winslow Twp PD,2021-10,3
Winslow Twp PD,2021-11,5
Winslow Twp PD,2021-12,2
Winslow Twp PD,2022-01,4
Winslow Twp PD,2022-02,3
Winslow Twp PD,2022-03,2
Winslow Twp PD,2022-04,4
Winslow Twp PD,2022-05,5
Winslow Twp PD,2022-06,1
Winslow Twp PD,2022-07,5
Winslow Twp PD,2022-08,3
Winslow Twp PD,2022-09,3
Winslow Twp PD,2022-10,4
Winslow Twp PD,2022-11,3
Winslow Twp PD,2022-12,3
Winslow Twp PD,2023-01,5
Winslow Twp PD,2023-02,1
Winslow Twp PD,2023-03,4
Winslow Twp PD,2023-04,2
Winslow Twp PD,2023-05,2
Winslow Twp PD,2023-06,3
Winslow Twp PD,2023-07,4
Winslow Twp PD,2023-08,2
Winslow Twp PD,2023-09,2
Winslow Twp PD,2023-11,4
Winslow Twp PD,2023-12,5
Winslow Twp PD,2024-01,3
Winslow Twp PD,2024-02,4
Winslow Twp PD,2024-04,5
Winslow Twp PD,2024-05,5
Winslow Twp PD,2024-06,2
Winslow Twp PD,2024-07,2
Winslow Twp PD,2024-08,2
Winslow Twp PD,2024-09,1
Winslow Twp PD,2024-10,5
Winslow Twp PD,2024-11,3
Winslow Twp PD,2024-12,2
Winslow Twp PD,2025-01,3
Winslow Twp PD,2025-02,2
Winslow Twp PD,2025-03,5
Winslow Twp PD,2025-04,1
Winslow Twp PD,2025-05,5
Winslow Twp PD,2025-06,4
Winslow Twp PD,2025-07,3
Winslow Twp PD,2025-08,5
Winslow Twp PD,2025-09,1
Winslow Twp PD,2025-10,4
Winslow Twp PD,2025-12,1
Winslow Twp PD,2026-01,3
Winslow Twp PD,2026-02,1
Winslow Twp PD,2026-03,3
Winslow Twp PD,2026-04,4
Winslow Twp PD,2026-05,1
Winslow Twp PD,2026-06,2
Winslow Twp PD,2026-07,3
Winslow Twp PD,2026-08,1
Wood-Ridge PD,2020-10,1
Wood-Ridge PD,2021-07,1
Wood-Ridge PD,2022-02,1
Wood-Ridge PD,2022-05,1
Wood-Ridge PD,2022-06,1
Wood-Ridge PD,2023-04,1
Wood-Ridge PD,2023-05,1
Wood-Ridge PD,2023-06,1
Wood-Ridge PD,2023-09,2
Wood-Ridge PD,2024-01,1
Wood-Ridge PD,2024-05,1
Wood-Ridge PD,2024-08,1
Wood-Ridge PD,2024-11,1
Wood-Ridge PD,2025-01,4
Wood-Ridge PD,2025-06,2
Wood-Ridge PD,2026-07,1
Wood-Ridge PD,2026-08,1
Woodbridge Twp PD,2020-10,5
Woodbridge Twp PD,2020-11,8
Woodbridge Twp PD,2020-12,1
Woodbridge Twp PD,2021-01,6
Woodbridge Twp PD,2021-02,6
Woodbridge Twp PD,2021-03,7
Woodbridge Twp PD,2021-04,6
Woodbridge Twp PD,2021-05,9
Woodbridge Twp PD,2021-06,2
Woodbridge Twp PD,2021-07,2
Woodbridge Twp PD,2021-08,4
Woodbridge Twp PD,2021-09,2
Woodbridge Twp PD,2021-10,4
Woodbridge Twp PD,2021-11,2
Woodbridge Twp PD,2021-12,3
Woodbridge Twp PD,2022-01,6
Woodbridge Twp PD,2022-02,5
Woodbridge Twp PD,2022-03,4
Woodbridge Twp PD,2022-04,5
Woodbridge Twp PD,2022-05,5
Woodbridge Twp PD,2022-06,5
Woodbridge Twp PD,2022-07,9
Woodbridge Twp PD,2022-08,9
Woodbridge Twp PD,2022-09,2
Woodbridge Twp PD,2022-10,6
Woodbridge Twp PD,2022-11,7
Woodbridge Twp PD,2022-12,8
Woodbridge Twp PD,2023-01,6
Woodbridge Twp PD,2023-02,5
Woodbridge Twp PD,2023-03,5
Woodbridge Twp PD,2023-04,8
Woodbridge Twp PD,2023-05,8
Woodbridge Twp PD,2023-06,5
Woodbridge Twp PD,2023-07,6
Woodbridge Twp PD,2023-08,6
Woodbridge Twp PD,2023-10,5
Woodbridge Twp PD,2023-11,5
Woodbridge Twp PD,2023-12,3
Woodbridge Twp PD,2024-01,5
Woodbridge Twp PD,2024-02,4
Woodbridge Twp PD,2024-03,9
Woodbridge Twp PD,2024-04,2
Woodbridge Twp PD,2024-05,8
Woodbridge Twp PD,2024-06,8
Woodbridge Twp PD,2024-07,6
Woodbridge Twp PD,2024-08,8
Woodbridge Twp PD,2024-09,8
Woodbridge Twp PD,2024-10,6
Woodbridge Twp PD,2024-11,7
Woodbridge Twp PD,2024-12,8
Woodbridge Twp PD,2025-01,10
Woodbridge Twp PD,2025-02,4
Woodbridge Twp PD,2025-03,6
Woodbridge Twp PD,2025-04,4
Woodbridge Twp PD,2025-05,10
Woodbridge Twp PD,2025-06,2
Woodbridge Twp PD,2025-07,5
Woodbridge Twp PD,2025-08,4
Woodbridge Twp PD,2025-09,9
Woodbridge Twp PD,2025-10,7
Woodbridge Twp PD,2025-11,7
Woodbridge Twp PD,2025-12,4
Woodbridge Twp PD,2026-01,7
Woodbridge Twp PD,2026-02,6
Woodbridge Twp PD,2026-03,11
Woodbridge Twp PD,2026-04,6
Woodbridge Twp PD,2026-05,8
Woodbridge Twp PD,2026-06,3
Woodbridge Twp PD,2026-07,6
Woodbridge Twp PD,2026-08,2
Woodbury City PD,2020-10,1
Woodbury City PD,2020-11,3
Woodbury City PD,2020-12,3
Woodbury City PD,2021-01,3
Woodbury City PD,2021-03,2
Woodbury City PD,2021-04,4
Woodbury City PD,2021-05,1
Woodbury City PD,2021-06,1
Woodbury City PD,2021-07,1
Woodbury City PD,2021-08,2
Woodbury City PD,2021-09,3
Woodbury City PD,2021-10,2
Woodbury City PD,2021-11,4
Woodbury City PD,2021-12,2
Woodbury City PD,2022-01,1
Woodbury City PD,2022-02,3
Woodbury City PD,2022-03,3
Woodbury City PD,2022-04,1
Woodbury City PD,2022-05,2
Woodbury City PD,2022-06,2
Woodbury City PD,2022-07,3
Woodbury City PD,2022-08,2
Woodbury City PD,2022-09,1
Woodbury City PD,2022-11,1
Woodbury City PD,2022-12,2
Woodbury City PD,2023-01,2
Woodbury City PD,2023-02,5
Woodbury City PD,2023-04,2
Woodbury City PD,2023-05,1
Woodbury City PD,2023-06,4
Woodbury City PD,2023-07,3
Woodbury City PD,2023-08,1
Woodbury City PD,2023-09,2
Woodbury City PD,2023-10,6
Woodbury City PD,2023-11,1
Woodbury City PD,2023-12,2
Woodbury City PD,2024-01,1
Woodbury City PD,2024-02,2
Woodbury City PD,2024-03,3
Woodbury City PD,2024-04,3
Woodbury City PD,2024-05,2
Woodbury City PD,2024-06,2
Woodbury City PD,2024-07,5
Woodbury City PD,2024-08,1
Woodbury City PD,2024-09,6
Woodbury City PD,2024-10,3
Woodbury City PD,2024-11,3
Woodbury City PD,2024-12,1
Woodbury City PD,2025-01,3
Woodbury City PD,2025-03,1
Woodbury City PD,2025-04,2
Woodbury City PD,2025-05,1
Woodbury City PD,2025-06,5
Woodbury City PD,2025-07,3
Woodbury City PD,2025-08,3
Woodbury City PD,2025-09,3
Woodbury City PD,2025-11,1
Woodbury City PD,2025-12,2
Woodbury City PD,2026-01,2
Woodbury City PD,2026-02,5
Woodbury City PD,2026-03,3
Woodbury City PD,2026-04,2
Woodbury City PD,2026-05,1
Woodbury City PD,2026-08,1
Woodbury Heights PD,2021-10,2
Woodbury Heights PD,2021-12,1
Woodbury Heights PD,2022-01,1
Woodbury Heights PD,2022-03,1
Woodbury Heights PD,2022-05,1
Woodbury Heights PD,2022-11,1
Woodbury Heights PD,2023-07,1
Woodcliff Lake PD,2020-11,1
Woodcliff Lake PD,2020-12,1
Woodcliff Lake PD,2021-02,1
Woodcliff Lake PD,2021-03,1
Woodcliff Lake PD,2021-09,1
Woodcliff Lake PD,2022-04,1
Woodcliff Lake PD,2022-07,1
Woodcliff Lake PD,2022-10,2
Woodcliff Lake PD,2022-11,1
Woodcliff Lake PD,2023-02,2
Woodcliff Lake PD,2023-03,1
Woodcliff Lake PD,2023-05,1
Woodcliff Lake PD,2023-09,3
Woodcliff Lake PD,2023-10,1
Woodcliff Lake PD,2023-11,1
Woodcliff Lake PD,2024-01,1
Woodcliff Lake PD,2024-03,1
Woodcliff Lake PD,2024-05,1
Woodcliff Lake PD,2025-07,2
Woodcliff Lake PD,2026-04,1
Woodcliff Lake PD,2026-05,1
Woodcliff Lake PD,2026-07,1
Woodcliff Lake PD,2026-08,1
Woodland Park Boro PD,2020-12,3
Woodland Park Boro PD,2021-02,2
Woodland Park Boro PD,2022-03,1
Woodland Park Boro PD,2022-05,1
Woodland Park Boro PD,2022-06,2
Woodland Park Boro PD,2022-10,1
Woodland Park Boro PD,2023-01,4
Woodland Park Boro PD,2023-03,2
Woodland Park Boro PD,2023-04,2
Woodland Park Boro PD,2023-06,1
Woodland Park Boro PD,2023-08,2
Woodland Park Boro PD,2023-09,1
Woodland Park Boro PD,2023-11,1
Woodland Park Boro PD,2023-12,1
Woodland Park Boro PD,2024-01,2
Woodland Park Boro PD,2024-03,1
Woodland Park Boro PD,2024-07,2
Woodland Park Boro PD,2024-10,1
Woodland Park Boro PD,2024-11,2
Woodland Park Boro PD,2025-03,2
Woodland Park Boro PD,2025-05,1
Woodland Park Boro PD,2025-08,1
Woodland Park Boro PD,2025-10,1
Woodland Park Boro PD,2025-11,1
Woodland Park Boro PD,2026-04,1
Woodland Park Boro PD,2026-06,2
Woodland Park Boro PD,2026-07,1
Woodlynne PD,2020-11,2
Woodlynne PD,2021-06,1
Woodlynne PD,2021-07,1
Woodlynne PD,2021-09,1
Woodlynne PD,2021-10,1
Woodlynne PD,2023-03,1
Woodlynne PD,2023-08,1
Woodlynne PD,2023-09,1
Woodlynne PD,2023-10,1
Woodlynne PD,2024-01,1
Woodlynne PD,2024-04,1
Woodstown Boro PD,2021-08,1
Woodstown Boro PD,2022-08,1
Woodstown Boro PD,2022-10,1
Woodstown Boro PD,2023-12,1
Woodstown Boro PD,2024-05,1
Woodstown Boro PD,2025-03,1
Woodstown Boro PD,2025-04,1
Woodstown Boro PD,2026-04,1
Woodstown Boro PD,2026-06,1
Woodstown Boro PD,2026-07,1
Woolwich Twp PD,2020-11,7
Woolwich Twp PD,2020-12,4
Woolwich Twp PD,2021-01,1
Woolwich Twp PD,2021-02,2
Woolwich Twp PD,2021-03,5
Woolwich Twp PD,2021-08,1
Woolwich Twp PD,2022-05,1
Woolwich Twp PD,2022-07,1
Woolwich Twp PD,2022-09,1
Woolwich Twp PD,2022-11,1
Woolwich Twp PD,2023-01,2
Woolwich Twp PD,2023-03,1
Woolwich Twp PD,2023-04,3
Woolwich Twp PD,2023-06,2
Woolwich Twp PD,2023-07,2
Woolwich Twp PD,2023-08,1
Woolwich Twp PD,2024-01,1
Woolwich Twp PD,2024-02,2
Woolwich Twp PD,2024-04,1
Woolwich Twp PD,2024-06,1
Woolwich Twp PD,2024-09,1
Woolwich Twp PD,2024-11,4
Woolwich Twp PD,2025-01,1
Woolwich Twp PD,2025-02,2
Woolwich Twp PD,2025-04,1
Woolwich Twp PD,2025-05,2
Woolwich Twp PD,2025-07,1
Woolwich Twp PD,2025-08,1
Woolwich Twp PD,2025-09,3
Woolwich Twp PD,2026-02,1
Woolwich Twp PD,2026-06,3
Woolwich Twp PD,2026-07,1
Woolwich Twp PD,2026-08,1
Wyckoff Twp PD,2021-02,1
Wyckoff Twp PD,2021-04,1
Wyckoff Twp PD,2021-07,3
Wyckoff Twp PD,2021-12,1
Wyckoff Twp PD,2022-01,1
Wyckoff Twp PD,2022-03,1
Wyckoff Twp PD,2022-07,1
Wyckoff Twp PD,2022-10,1
Wyckoff Twp PD,2023-01,1
Wyckoff Twp PD,2023-02,2
Wyckoff Twp PD,2023-03,1
Wyckoff Twp PD,2023-04,1
Wyckoff Twp PD,2023-06,1
Wyckoff Twp PD,2023-07,2
Wyckoff Twp PD,2023-11,1
Wyckoff Twp PD,2024-03,1
Wyckoff Twp PD,2024-04,1
Wyckoff Twp PD,2024-09,1
Wyckoff Twp PD,2024-12,1
Wyckoff Twp PD,2025-05,1
Wyckoff Twp PD,2025-07,2
Wyckoff Twp PD,2025-08,1
Wyckoff Twp PD,2025-10,1
Wyckoff Twp PD,2026-06,1
Wyckoff Twp PD,2026-07,1
